fold,split,time_days,time_years,actual_survival,pred_survival
0,train,0.0,0.0,1.0,1.0
0,train,18.446969696969695,0.050505050505050504,0.9873417721518988,0.9833656864676386
0,train,36.89393939393939,0.10101010101010101,0.9831223628691984,0.9794083507667516
0,train,55.340909090909086,0.1515151515151515,0.978902953586498,0.9756906531386144
0,train,73.78787878787878,0.20202020202020202,0.9704641350210973,0.9702248933880147
0,train,92.23484848484847,0.2525252525252525,0.9704641350210973,0.9680682425812712
0,train,110.68181818181817,0.303030303030303,0.9662447257383969,0.965237397918206
0,train,129.12878787878788,0.35353535353535354,0.9620253164556964,0.9609576819565336
0,train,147.57575757575756,0.40404040404040403,0.9620253164556964,0.9582830791012882
0,train,166.02272727272725,0.4545454545454545,0.9535864978902955,0.9503928536885775
0,train,184.46969696969694,0.505050505050505,0.949367088607595,0.9464624595682843
0,train,202.91666666666666,0.5555555555555556,0.9451476793248945,0.9437413604899512
0,train,221.36363636363635,0.606060606060606,0.9451476793248945,0.9415212133873474
0,train,239.81060606060603,0.6565656565656565,0.9324894514767933,0.9316690321850484
0,train,258.25757575757575,0.7070707070707071,0.9324894514767933,0.9302571367434898
0,train,276.70454545454544,0.7575757575757576,0.9324894514767933,0.928847435841935
0,train,295.1515151515151,0.8080808080808081,0.9198312236286922,0.9193821706774599
0,train,313.5984848484848,0.8585858585858585,0.8987341772151902,0.8983509755067404
0,train,332.0454545454545,0.909090909090909,0.8902953586497894,0.8880282754045004
0,train,350.4924242424242,0.9595959595959594,0.8818565400843885,0.8794407283200383
0,train,368.9393939393939,1.01010101010101,0.8691983122362872,0.867515252773307
0,train,387.3863636363636,1.0606060606060606,0.856540084388186,0.8564645644804445
0,train,405.8333333333333,1.1111111111111112,0.856540084388186,0.8533646129587825
0,train,424.280303030303,1.1616161616161615,0.8396624472573843,0.8398570897200437
0,train,442.7272727272727,1.212121212121212,0.8396624472573843,0.8368712320540896
0,train,461.1742424242424,1.2626262626262625,0.8312236286919833,0.8296054732389434
0,train,479.62121212121207,1.313131313131313,0.8270042194092828,0.8253623970582554
0,train,498.06818181818176,1.3636363636363635,0.8270042194092828,0.8203644380847993
0,train,516.5151515151515,1.4141414141414141,0.818565400843882,0.8156817795057847
0,train,534.9621212121211,1.4646464646464645,0.8101265822784811,0.8097795481924958
0,train,553.4090909090909,1.5151515151515151,0.8059071729957806,0.8034739170208621
0,train,571.8560606060605,1.5656565656565653,0.7932489451476793,0.7934039833442043
0,train,590.3030303030303,1.6161616161616161,0.7932489451476793,0.7916404670354745
0,train,608.75,1.6666666666666667,0.7932489451476793,0.7898809730123579
0,train,627.1969696969696,1.717171717171717,0.780590717299578,0.7794990457046406
0,train,645.6439393939394,1.7676767676767677,0.7721518987341771,0.7692677425550744
0,train,664.090909090909,1.818181818181818,0.7594936708860759,0.7586443347302885
0,train,682.5378787878788,1.8686868686868685,0.7594936708860759,0.7563649816511616
0,train,700.9848484848484,1.919191919191919,0.751054852320675,0.7488525362378412
0,train,719.4318181818181,1.9696969696969695,0.7383966244725737,0.7390823932804212
0,train,737.8787878787878,2.02020202020202,0.7383966244725737,0.7376471278029956
0,train,756.3257575757575,2.0707070707070705,0.7383966244725737,0.7362147230630595
0,train,774.7727272727273,2.121212121212121,0.7341772151898733,0.7345677434811867
0,train,793.2196969696969,2.1717171717171713,0.7341772151898733,0.7308873223699015
0,train,811.6666666666666,2.2222222222222223,0.7257383966244724,0.7228605380152512
0,train,830.1136363636363,2.2727272727272725,0.7215189873417719,0.7197412223372234
0,train,848.560606060606,2.323232323232323,0.7130801687763711,0.7131817999449851
0,train,867.0075757575756,2.3737373737373733,0.7046413502109703,0.7045018105295783
0,train,885.4545454545454,2.424242424242424,0.7004219409282698,0.7001099549681672
0,train,903.9015151515151,2.4747474747474745,0.7004219409282698,0.6982645115667164
0,train,922.3484848484848,2.525252525252525,0.691983122362869,0.6906932274734423
0,train,940.7954545454545,2.5757575757575757,0.6793248945147677,0.6793736266430785
0,train,959.2424242424241,2.626262626262626,0.6793248945147677,0.6763838004958026
0,train,977.6893939393939,2.6767676767676765,0.6708860759493669,0.6694715518802776
0,train,996.1363636363635,2.727272727272727,0.662447257383966,0.6611769476222
0,train,1014.5833333333333,2.7777777777777777,0.6582278481012657,0.6577083432682149
0,train,1033.030303030303,2.8282828282828283,0.6540084388185653,0.6542591218578103
0,train,1051.4772727272727,2.878787878787879,0.6497890295358648,0.6469645599001629
0,train,1069.9242424242423,2.929292929292929,0.6413502109704641,0.6415768192157867
0,train,1088.371212121212,2.9797979797979797,0.6371308016877637,0.6371890668273138
0,train,1106.8181818181818,3.0303030303030303,0.6329113924050632,0.6327395655791407
0,train,1125.2651515151515,3.080808080808081,0.6202531645569619,0.6192250561478391
0,train,1143.712121212121,3.1313131313131306,0.6160337552742615,0.615207993341767
0,train,1162.1590909090908,3.181818181818181,0.6160337552742615,0.6132113441718984
0,train,1180.6060606060605,3.2323232323232323,0.611814345991561,0.6098085000284132
0,train,1199.0530303030303,3.282828282828283,0.5991561181434598,0.5989129011444791
0,train,1217.5,3.3333333333333335,0.5949367088607594,0.5944944544898179
0,train,1235.9469696969695,3.383838383838383,0.590717299578059,0.5908475118401632
0,train,1254.3939393939393,3.434343434343434,0.5864978902953586,0.5868685694238693
0,train,1272.840909090909,3.4848484848484844,0.5864978902953586,0.5838534681125506
0,train,1291.2878787878788,3.5353535353535355,0.5780590717299577,0.5754927687531733
0,train,1309.7348484848483,3.585858585858585,0.5738396624472574,0.5682506418742443
0,train,1328.181818181818,3.636363636363636,0.5654008438818565,0.5646254328930167
0,train,1346.6287878787878,3.6868686868686864,0.5654008438818565,0.5626635501884013
0,train,1365.0757575757575,3.737373737373737,0.561181434599156,0.5595123710912802
0,train,1383.5227272727273,3.7878787878787876,0.5569620253164556,0.5554880940527417
0,train,1401.9696969696968,3.838383838383838,0.5527426160337552,0.55083856441749
0,train,1420.4166666666665,3.8888888888888884,0.5485232067510547,0.5482288863835546
0,train,1438.8636363636363,3.939393939393939,0.5485232067510547,0.547071892156258
0,train,1457.310606060606,3.9898989898989896,0.5485232067510547,0.5459174063879211
0,train,1475.7575757575755,4.04040404040404,0.5485232067510547,0.5447654235117613
0,train,1494.2045454545453,4.090909090909091,0.5400843881856539,0.5379224011491437
0,train,1512.651515151515,4.141414141414141,0.5358649789029535,0.5351432098128557
0,train,1531.0984848484848,4.191919191919192,0.5358649789029535,0.5336853433538192
0,train,1549.5454545454545,4.242424242424242,0.5358649789029535,0.5322315572504347
0,train,1567.992424242424,4.292929292929292,0.5274261603375527,0.5270654942101787
0,train,1586.4393939393938,4.3434343434343425,0.5274261603375527,0.525141902459779
0,train,1604.8863636363635,4.393939393939394,0.5232067510548524,0.522798265390802
0,train,1623.3333333333333,4.444444444444445,0.518987341772152,0.5172948170423145
0,train,1641.780303030303,4.494949494949495,0.5147679324894515,0.5134709551361344
0,train,1660.2272727272725,4.545454545454545,0.510548523206751,0.510562668049639
0,train,1678.6742424242423,4.595959595959595,0.510548523206751,0.5087610770506048
0,train,1697.121212121212,4.646464646464646,0.510548523206751,0.5069660181175986
0,train,1715.5681818181818,4.696969696969697,0.5063291139240507,0.5024838919836162
0,train,1734.0151515151513,4.7474747474747465,0.5021097046413503,0.4990967048757462
0,train,1752.462121212121,4.797979797979798,0.49789029535864987,0.4954894254703362
0,train,1770.9090909090908,4.848484848484848,0.49367088607594944,0.49026501008177104
0,train,1789.3560606060605,4.898989898989899,0.489451476793249,0.48775908567829185
0,train,1807.8030303030303,4.949494949494949,0.489451476793249,0.4860767162894618
0,train,1826.25,5.0,0.4852320675105486,0.4846009959198002
0,val,0.0,0.0,1.0,1.0
0,val,18.446969696969695,0.050505050505050504,1.0,0.9836403659425125
0,val,36.89393939393939,0.10101010101010101,1.0,0.9797475822382686
0,val,55.340909090909086,0.1515151515151515,1.0,0.9760902470758883
0,val,73.78787878787878,0.20202020202020202,0.9666666666666667,0.9707127365099357
0,val,92.23484848484847,0.2525252525252525,0.9666666666666667,0.9685907436316987
0,val,110.68181818181817,0.303030303030303,0.9666666666666667,0.9658052508983289
0,val,129.12878787878788,0.35353535353535354,0.9666666666666667,0.9615937949974461
0,val,147.57575757575756,0.40404040404040403,0.9333333333333333,0.9589616649280904
0,val,166.02272727272725,0.4545454545454545,0.9,0.9511958976242887
0,val,184.46969696969694,0.505050505050505,0.9,0.9473270304813713
0,val,202.91666666666666,0.5555555555555556,0.9,0.944648343913263
0,val,221.36363636363635,0.606060606060606,0.9,0.9424626893583091
0,val,239.81060606060603,0.6565656565656565,0.9,0.9327623541809895
0,val,258.25757575757575,0.7070707070707071,0.8666666666666667,0.9313720557134589
0,val,276.70454545454544,0.7575757575757576,0.8666666666666667,0.9299838770777585
0,val,295.1515151515151,0.8080808080808081,0.8333333333333334,0.9206620513074193
0,val,313.5984848484848,0.8585858585858585,0.8333333333333334,0.8999428307314117
0,val,332.0454545454545,0.909090909090909,0.8333333333333334,0.8897698060836452
0,val,350.4924242424242,0.9595959595959594,0.8,0.8813050188953323
0,val,368.9393939393939,1.01010101010101,0.8,0.869547343199505
0,val,387.3863636363636,1.0606060606060606,0.8,0.8586493355652559
0,val,405.8333333333333,1.1111111111111112,0.8,0.8555917238941555
0,val,424.280303030303,1.1616161616161615,0.8,0.8422661557785744
0,val,442.7272727272727,1.212121212121212,0.8,0.8393199591417931
0,val,461.1742424242424,1.2626262626262625,0.8,0.8321498557092842
0,val,479.62121212121207,1.313131313131313,0.8,0.8279620766381327
0,val,498.06818181818176,1.3636363636363635,0.8,0.8230287158067543
0,val,516.5151515151515,1.4141414141414141,0.8,0.8184060503622006
0,val,534.9621212121211,1.4646464646464645,0.8,0.8125787024347694
0,val,553.4090909090909,1.5151515151515151,0.8,0.806352161442333
0,val,571.8560606060605,1.5656565656565653,0.7666666666666667,0.7964065632482469
0,val,590.3030303030303,1.6161616161616161,0.7666666666666667,0.794664570355881
0,val,608.75,1.6666666666666667,0.7333333333333334,0.7929264756694792
0,val,627.1969696969696,1.717171717171717,0.7333333333333334,0.7826692819894077
0,val,645.6439393939394,1.7676767676767677,0.7333333333333334,0.7725583132921752
0,val,664.090909090909,1.818181818181818,0.7333333333333334,0.7620570959833974
0,val,682.5378787878788,1.8686868686868685,0.7333333333333334,0.7598035906858011
0,val,700.9848484848484,1.919191919191919,0.7000000000000001,0.7523754043148257
0,val,719.4318181818181,1.9696969696969695,0.7000000000000001,0.742712685749378
0,val,737.8787878787878,2.02020202020202,0.7000000000000001,0.7412929941789308
0,val,756.3257575757575,2.0707070707070705,0.7000000000000001,0.7398760791254226
0,val,774.7727272727273,2.121212121212121,0.6333333333333334,0.7382468438037761
0,val,793.2196969696969,2.1717171717171713,0.6000000000000001,0.7346058198019666
0,val,811.6666666666666,2.2222222222222223,0.6000000000000001,0.7266637285757577
0,val,830.1136363636363,2.2727272727272725,0.6000000000000001,0.7235768678511174
0,val,848.560606060606,2.323232323232323,0.6000000000000001,0.7170848503095788
0,val,867.0075757575756,2.3737373737373733,0.6000000000000001,0.7084922865047522
0,val,885.4545454545454,2.424242424242424,0.6000000000000001,0.7041438910098272
0,val,903.9015151515151,2.4747474747474745,0.6000000000000001,0.7023165529353792
0,val,922.3484848484848,2.525252525252525,0.6000000000000001,0.6948185742479925
0,val,940.7954545454545,2.5757575757575757,0.6000000000000001,0.6836056174823515
0,val,959.2424242424241,2.626262626262626,0.6000000000000001,0.6806433623142171
0,val,977.6893939393939,2.6767676767676765,0.6000000000000001,0.6737938915429037
0,val,996.1363636363635,2.727272727272727,0.6000000000000001,0.6655728278043446
0,val,1014.5833333333333,2.7777777777777777,0.6000000000000001,0.6621343914987008
0,val,1033.030303030303,2.8282828282828283,0.6000000000000001,0.6587148250541845
0,val,1051.4772727272727,2.878787878787879,0.6000000000000001,0.6514818394370876
0,val,1069.9242424242423,2.929292929292929,0.6000000000000001,0.6461385777858321
0,val,1088.371212121212,2.9797979797979797,0.6000000000000001,0.6417864152821954
0,val,1106.8181818181818,3.0303030303030303,0.6000000000000001,0.6373724198171298
0,val,1125.2651515151515,3.080808080808081,0.6000000000000001,0.6239621005453428
0,val,1143.712121212121,3.1313131313131306,0.6000000000000001,0.6199749362366906
0,val,1162.1590909090908,3.181818181818181,0.6000000000000001,0.6179929634604643
0,val,1180.6060606060605,3.2323232323232323,0.6000000000000001,0.6146148484126043
0,val,1199.0530303030303,3.282828282828283,0.6000000000000001,0.6037960054489371
0,val,1217.5,3.3333333333333335,0.6000000000000001,0.5994076220874852
0,val,1235.9469696969695,3.383838383838383,0.6000000000000001,0.595785026623029
0,val,1254.3939393939393,3.434343434343434,0.6000000000000001,0.5918321632832968
0,val,1272.840909090909,3.4848484848484844,0.5666666666666668,0.5888364851168064
0,val,1291.2878787878788,3.5353535353535355,0.5666666666666668,0.580528105087209
0,val,1309.7348484848483,3.585858585858585,0.5666666666666668,0.5733294498719024
0,val,1328.181818181818,3.636363636363636,0.5333333333333334,0.5697253506139018
0,val,1346.6287878787878,3.6868686868686864,0.5333333333333334,0.5677747096282307
0,val,1365.0757575757575,3.737373737373737,0.5333333333333334,0.564641317602865
0,val,1383.5227272727273,3.7878787878787876,0.5333333333333334,0.5606392706601189
0,val,1401.9696969696968,3.838383838383838,0.5333333333333334,0.5560147428518376
0,val,1420.4166666666665,3.8888888888888884,0.5333333333333334,0.5534187753300939
0,val,1438.8636363636363,3.939393939393939,0.5333333333333334,0.5522677850935547
0,val,1457.310606060606,3.9898989898989896,0.5333333333333334,0.5511192445347197
0,val,1475.7575757575755,4.04040404040404,0.5000000000000001,0.5499731483241136
0,val,1494.2045454545453,4.090909090909091,0.5000000000000001,0.5431641490480529
0,val,1512.651515151515,4.141414141414141,0.5000000000000001,0.5403983109527694
0,val,1531.0984848484848,4.191919191919192,0.5000000000000001,0.5389473411088904
0,val,1549.5454545454545,4.242424242424242,0.5000000000000001,0.537500358048412
0,val,1567.992424242424,4.292929292929292,0.5000000000000001,0.5323578669386467
0,val,1586.4393939393938,4.3434343434343425,0.5000000000000001,0.5304428106416547
0,val,1604.8863636363635,4.393939393939394,0.5000000000000001,0.5281093947303422
0,val,1623.3333333333333,4.444444444444445,0.5000000000000001,0.5226291745561447
0,val,1641.780303030303,4.494949494949495,0.5000000000000001,0.5188208085010237
0,val,1660.2272727272725,4.545454545454545,0.5000000000000001,0.5159239512405814
0,val,1678.6742424242423,4.595959595959595,0.5000000000000001,0.5141292856947216
0,val,1697.121212121212,4.646464646464646,0.5000000000000001,0.51234100874141
0,val,1715.5681818181818,4.696969696969697,0.5000000000000001,0.5078752983730511
0,val,1734.0151515151513,4.7474747474747465,0.5000000000000001,0.5045000228925938
0,val,1752.462121212121,4.797979797979798,0.5000000000000001,0.5009049582908183
0,val,1770.9090909090908,4.848484848484848,0.5000000000000001,0.49569736612057924
0,val,1789.3560606060605,4.898989898989899,0.5000000000000001,0.4931991443358453
0,val,1807.8030303030303,4.949494949494949,0.5000000000000001,0.49152181197223477
0,val,1826.25,5.0,0.5000000000000001,0.49005042085779926
0,test,0.0,0.0,1.0,1.0
0,test,18.446969696969695,0.050505050505050504,1.0,0.9841276367878257
0,test,36.89393939393939,0.10101010101010101,1.0,0.9803497006465854
0,test,55.340909090909086,0.1515151515151515,1.0,0.9767998786841017
0,test,73.78787878787878,0.20202020202020202,1.0,0.9715797629051134
0,test,92.23484848484847,0.2525252525252525,1.0,0.9695196533376061
0,test,110.68181818181817,0.303030303030303,1.0,0.9668151990824249
0,test,129.12878787878788,0.35353535353535354,1.0,0.9627258469654774
0,test,147.57575757575756,0.40404040404040403,1.0,0.9601697730978117
0,test,166.02272727272725,0.4545454545454545,1.0,0.9526272384572199
0,test,184.46969696969694,0.505050505050505,1.0,0.9488689339630622
0,test,202.91666666666666,0.5555555555555556,0.9333333333333333,0.9462665427766637
0,test,221.36363636363635,0.606060606060606,0.9333333333333333,0.9441429859090924
0,test,239.81060606060603,0.6565656565656565,0.9333333333333333,0.9347165623098249
0,test,258.25757575757575,0.7070707070707071,0.9,0.9333652951615037
0,test,276.70454545454544,0.7575757575757576,0.9,0.932016031295025
0,test,295.1515151515151,0.8080808080808081,0.9,0.9229540411021065
0,test,313.5984848484848,0.8585858585858585,0.8666666666666667,0.9028029938733592
0,test,332.0454545454545,0.909090909090909,0.8666666666666667,0.892904146546814
0,test,350.4924242424242,0.9595959595959594,0.8666666666666667,0.8846650555249727
0,test,368.9393939393939,1.01010101010101,0.8333333333333334,0.8732171512312445
0,test,387.3863636363636,1.0606060606060606,0.8,0.8626023533299096
0,test,405.8333333333333,1.1111111111111112,0.7666666666666667,0.8596235177122967
0,test,424.280303030303,1.1616161616161615,0.7333333333333334,0.8466377361872894
0,test,442.7272727272727,1.212121212121212,0.7000000000000001,0.8437658825213991
0,test,461.1742424242424,1.2626262626262625,0.7000000000000001,0.8367755123488211
0,test,479.62121212121207,1.313131313131313,0.7000000000000001,0.8326919210994824
0,test,498.06818181818176,1.3636363636363635,0.7000000000000001,0.8278805475561718
0,test,516.5151515151515,1.4141414141414141,0.7000000000000001,0.8233714465169686
0,test,534.9621212121211,1.4646464646464645,0.7000000000000001,0.8176862312168759
0,test,553.4090909090909,1.5151515151515151,0.7000000000000001,0.8116102847689272
0,test,571.8560606060605,1.5656565656565653,0.7000000000000001,0.8019024729730123
0,test,590.3030303030303,1.6161616161616161,0.7000000000000001,0.8002017772504889
0,test,608.75,1.6666666666666667,0.7000000000000001,0.798504782255445
0,test,627.1969696969696,1.717171717171717,0.7000000000000001,0.7884879845664813
0,test,645.6439393939394,1.7676767676767677,0.7000000000000001,0.7786103519334251
0,test,664.090909090909,1.818181818181818,0.7000000000000001,0.7683476064882103
0,test,682.5378787878788,1.8686868686868685,0.7000000000000001,0.766144756845153
0,test,700.9848484848484,1.919191919191919,0.7000000000000001,0.758882235046076
0,test,719.4318181818181,1.9696969696969695,0.7000000000000001,0.7494319797648826
0,test,737.8787878787878,2.02020202020202,0.7000000000000001,0.7480432125840533
0,test,756.3257575757575,2.0707070707070705,0.7000000000000001,0.7466570864959602
0,test,774.7727272727273,2.121212121212121,0.7000000000000001,0.7450631610381308
0,test,793.2196969696969,2.1717171717171713,0.7000000000000001,0.7415006880567104
0,test,811.6666666666666,2.2222222222222223,0.7000000000000001,0.7337282037358753
0,test,830.1136363636363,2.2727272727272725,0.7000000000000001,0.7307066178707906
0,test,848.560606060606,2.323232323232323,0.7000000000000001,0.7243506902106305
0,test,867.0075757575756,2.3737373737373733,0.7000000000000001,0.7159357463336021
0,test,885.4545454545454,2.424242424242424,0.6666666666666667,0.7116761412419189
0,test,903.9015151515151,2.4747474747474745,0.6666666666666667,0.7098858942663503
0,test,922.3484848484848,2.525252525252525,0.6666666666666667,0.7025387269326766
0,test,940.7954545454545,2.5757575757575757,0.6666666666666667,0.6915471149034997
0,test,959.2424242424241,2.626262626262626,0.6666666666666667,0.6886424876255617
0,test,977.6893939393939,2.6767676767676765,0.6666666666666667,0.6819248964505298
0,test,996.1363636363635,2.727272727272727,0.6666666666666667,0.6738595712805547
0,test,1014.5833333333333,2.7777777777777777,0.6333333333333334,0.6704854393193015
0,test,1033.030303030303,2.8282828282828283,0.6333333333333334,0.6671293333258105
0,test,1051.4772727272727,2.878787878787879,0.6333333333333334,0.6600289526929866
0,test,1069.9242424242423,2.929292929292929,0.6000000000000001,0.6547822218032258
0,test,1088.371212121212,2.9797979797979797,0.6000000000000001,0.6505077794512069
0,test,1106.8181818181818,3.0303030303030303,0.5666666666666668,0.6461717716997238
0,test,1125.2651515151515,3.080808080808081,0.5666666666666668,0.6329931590912066
0,test,1143.712121212121,3.1313131313131306,0.5666666666666668,0.6290733498426021
0,test,1162.1590909090908,3.181818181818181,0.5666666666666668,0.6271245936833003
0,test,1180.6060606060605,3.2323232323232323,0.5666666666666668,0.6238026863308357
0,test,1199.0530303030303,3.282828282828283,0.5666666666666668,0.6131603683734838
0,test,1217.5,3.3333333333333335,0.5666666666666668,0.608842056583025
0,test,1235.9469696969695,3.383838383838383,0.5666666666666668,0.60527663188704
0,test,1254.3939393939393,3.434343434343434,0.5666666666666668,0.6013854521826401
0,test,1272.840909090909,3.4848484848484844,0.5666666666666668,0.5984360318466357
0,test,1291.2878787878788,3.5353535353535355,0.5666666666666668,0.5902537191091783
0,test,1309.7348484848483,3.585858585858585,0.5666666666666668,0.5831616168977368
0,test,1328.181818181818,3.636363636363636,0.5666666666666668,0.5796099207506321
0,test,1346.6287878787878,3.6868686868686864,0.5666666666666668,0.5776873770679674
0,test,1365.0757575757575,3.737373737373737,0.5666666666666668,0.5745987275494346
0,test,1383.5227272727273,3.7878787878787876,0.5666666666666668,0.570653121493294
0,test,1401.9696969696968,3.838383838383838,0.5666666666666668,0.5660928208373893
0,test,1420.4166666666665,3.8888888888888884,0.5666666666666668,0.5635324374452265
0,test,1438.8636363636363,3.939393939393939,0.5666666666666668,0.5623971157458438
0,test,1457.310606060606,3.9898989898989896,0.5666666666666668,0.5612641436534574
0,test,1475.7575757575755,4.04040404040404,0.5666666666666668,0.5601335161926477
0,test,1494.2045454545453,4.090909090909091,0.5666666666666668,0.5534150380091081
0,test,1512.651515151515,4.141414141414141,0.5666666666666668,0.5506852909060783
0,test,1531.0984848484848,4.191919191919192,0.5666666666666668,0.5492530965635655
0,test,1549.5454545454545,4.242424242424242,0.5666666666666668,0.5478247287492383
0,test,1567.992424242424,4.292929292929292,0.5666666666666668,0.5427475123828637
0,test,1586.4393939393938,4.3434343434343425,0.5333333333333334,0.5408564102769227
0,test,1604.8863636363635,4.393939393939394,0.5333333333333334,0.538551920271154
0,test,1623.3333333333333,4.444444444444445,0.5333333333333334,0.5331384991652223
0,test,1641.780303030303,4.494949494949495,0.5333333333333334,0.5293756081776525
0,test,1660.2272727272725,4.545454545454545,0.5333333333333334,0.52651281835353
0,test,1678.6742424242423,4.595959595959595,0.5000000000000001,0.5247390301163505
0,test,1697.121212121212,4.646464646464646,0.5000000000000001,0.5229713817309772
0,test,1715.5681818181818,4.696969696969697,0.5000000000000001,0.5185564208522532
0,test,1734.0151515151513,4.7474747474747465,0.5000000000000001,0.5152187736692789
0,test,1752.462121212121,4.797979797979798,0.5000000000000001,0.5116630917077806
0,test,1770.9090909090908,4.848484848484848,0.5000000000000001,0.5065112629563514
0,test,1789.3560606060605,4.898989898989899,0.5000000000000001,0.5040392489263881
0,test,1807.8030303030303,4.949494949494949,0.5000000000000001,0.5023793136934712
0,test,1826.25,5.0,0.5000000000000001,0.5009230515189197
1,train,0.0,0.0,1.0,1.0
1,train,18.446969696969695,0.050505050505050504,0.9873949579831933,0.9834230764856443
1,train,36.89393939393939,0.10101010101010101,0.9831932773109244,0.9794785518373865
1,train,55.340909090909086,0.1515151515151515,0.9789915966386555,0.9750075284117576
1,train,73.78787878787878,0.20202020202020202,0.9663865546218489,0.9661344553899697
1,train,92.23484848484847,0.2525252525252525,0.9663865546218489,0.9639847511034059
1,train,110.68181818181817,0.303030303030303,0.96218487394958,0.9611632377973834
1,train,129.12878787878788,0.35353535353535354,0.9579831932773111,0.9557226698614907
1,train,147.57575757575756,0.40404040404040403,0.9579831932773111,0.9504054447461312
1,train,166.02272727272725,0.4545454545454545,0.9453781512605043,0.9421992658285473
1,train,184.46969696969694,0.505050505050505,0.9411764705882354,0.938287418065097
1,train,202.91666666666666,0.5555555555555556,0.9327731092436976,0.9318280051495561
1,train,221.36363636363635,0.606060606060606,0.9327731092436976,0.9292502407476029
1,train,239.81060606060603,0.6565656565656565,0.9243697478991598,0.9226163185037234
1,train,258.25757575757575,0.7070707070707071,0.9201680672268909,0.920039325611416
1,train,276.70454545454544,0.7575757575757576,0.9201680672268909,0.9174593663842283
1,train,295.1515151515151,0.8080808080808081,0.9117647058823531,0.9116497572409072
1,train,313.5984848484848,0.8585858585858585,0.8949579831932776,0.8945651245158819
1,train,332.0454545454545,0.909090909090909,0.8907563025210087,0.8879945012165172
1,train,350.4924242424242,0.9595959595959594,0.8781512605042018,0.8752811882739612
1,train,368.9393939393939,1.01010101010101,0.8613445378151262,0.8596813563111154
1,train,387.3863636363636,1.0606060606060606,0.8445378151260506,0.8443187728890509
1,train,405.8333333333333,1.1111111111111112,0.8403361344537817,0.8387077222536355
1,train,424.280303030303,1.1616161616161615,0.8277310924369751,0.8276122955224234
1,train,442.7272727272727,1.212121212121212,0.8235294117647062,0.8214107215480714
1,train,461.1742424242424,1.2626262626262625,0.8151260504201684,0.8135478529099834
1,train,479.62121212121207,1.313131313131313,0.8109243697478995,0.8093271015791482
1,train,498.06818181818176,1.3636363636363635,0.8109243697478995,0.8043547239714376
1,train,516.5151515151515,1.4141414141414141,0.8025210084033616,0.7996966078614611
1,train,534.9621212121211,1.4646464646464645,0.7941176470588238,0.7938233804281171
1,train,553.4090909090909,1.5151515151515151,0.7899159663865548,0.7875454619742892
1,train,571.8560606060605,1.5656565656565653,0.7773109243697481,0.7772611750467117
1,train,590.3030303030303,1.6161616161616161,0.7773109243697481,0.7742881824871537
1,train,608.75,1.6666666666666667,0.7731092436974792,0.7702581480098631
1,train,627.1969696969696,1.717171717171717,0.7605042016806726,0.7594483225238533
1,train,645.6439393939394,1.7676767676767677,0.7521008403361348,0.7492548099797361
1,train,664.090909090909,1.818181818181818,0.743697478991597,0.7428748586501087
1,train,682.5378787878788,1.8686868686868685,0.743697478991597,0.7407865479136949
1,train,700.9848484848484,1.919191919191919,0.7394957983193281,0.737302594858223
1,train,719.4318181818181,1.9696969696969695,0.7352941176470592,0.7350459931515596
1,train,737.8787878787878,2.02020202020202,0.7352941176470592,0.7336646697879546
1,train,756.3257575757575,2.0707070707070705,0.7352941176470592,0.7322859431266474
1,train,774.7727272727273,2.121212121212121,0.7268907563025214,0.727131110677002
1,train,793.2196969696969,2.1717171717171713,0.7226890756302524,0.719866958672851
1,train,811.6666666666666,2.2222222222222223,0.7142857142857146,0.7113443692918593
1,train,830.1136363636363,2.2727272727272725,0.7100840336134457,0.7082296386982142
1,train,848.560606060606,2.323232323232323,0.701680672268908,0.7016774444477696
1,train,867.0075757575756,2.3737373737373733,0.6932773109243702,0.6919548160762657
1,train,885.4545454545454,2.424242424242424,0.6848739495798324,0.6844572547169687
1,train,903.9015151515151,2.4747474747474745,0.6848739495798324,0.6826159526166018
1,train,922.3484848484848,2.525252525252525,0.6764705882352946,0.6750714235313895
1,train,940.7954545454545,2.5757575757575757,0.6680672268907568,0.6679939863472583
1,train,959.2424242424241,2.626262626262626,0.6680672268907568,0.6650199995063898
1,train,977.6893939393939,2.6767676767676765,0.659663865546219,0.6595859820346328
1,train,996.1363636363635,2.727272727272727,0.659663865546219,0.6564928100925053
1,train,1014.5833333333333,2.7777777777777777,0.6512605042016812,0.6506617244080326
1,train,1033.030303030303,2.8282828282828283,0.6470588235294124,0.6472368171950736
1,train,1051.4772727272727,2.878787878787879,0.6428571428571435,0.6399942833804249
1,train,1069.9242424242423,2.929292929292929,0.6302521008403368,0.6306876008002134
1,train,1088.371212121212,2.9797979797979797,0.6302521008403368,0.6275917065475493
1,train,1106.8181818181818,3.0303030303030303,0.621848739495799,0.6219403521386421
1,train,1125.2651515151515,3.080808080808081,0.6134453781512612,0.6124983737681221
1,train,1143.712121212121,3.1313131313131306,0.6092436974789923,0.6085151315006422
1,train,1162.1590909090908,3.181818181818181,0.6092436974789923,0.6065334351900827
1,train,1180.6060606060605,3.2323232323232323,0.6050420168067234,0.6035299699246239
1,train,1199.0530303030303,3.282828282828283,0.5966386554621856,0.5971775903458107
1,train,1217.5,3.3333333333333335,0.5966386554621856,0.5951390491717345
1,train,1235.9469696969695,3.383838383838383,0.5924369747899167,0.5927789270503003
1,train,1254.3939393939393,3.434343434343434,0.5882352941176479,0.5888489355990535
1,train,1272.840909090909,3.4848484848484844,0.5882352941176479,0.585871384889932
1,train,1291.2878787878788,3.5353535353535355,0.5798319327731101,0.5776207143892776
1,train,1309.7348484848483,3.585858585858585,0.5756302521008412,0.5735556238128364
1,train,1328.181818181818,3.636363636363636,0.5714285714285723,0.5710678431142091
1,train,1346.6287878787878,3.6868686868686864,0.5714285714285723,0.5691336723307103
1,train,1365.0757575757575,3.737373737373737,0.5672268907563034,0.566028932731056
1,train,1383.5227272727273,3.7878787878787876,0.5630252100840345,0.5620603217293105
1,train,1401.9696969696968,3.838383838383838,0.5588235294117656,0.5574739099730607
1,train,1420.4166666666665,3.8888888888888884,0.5546218487394967,0.5549019038862567
1,train,1438.8636363636363,3.939393939393939,0.5546218487394967,0.5537621071519208
1,train,1457.310606060606,3.9898989898989896,0.5546218487394967,0.55262465240889
1,train,1475.7575757575755,4.04040404040404,0.5546218487394967,0.5514895348433749
1,train,1494.2045454545453,4.090909090909091,0.5462184873949589,0.5447558876543125
1,train,1512.651515151515,4.141414141414141,0.54201680672269,0.5420194089325288
1,train,1531.0984848484848,4.191919191919192,0.54201680672269,0.5405852147869136
1,train,1549.5454545454545,4.242424242424242,0.54201680672269,0.539154816829246
1,train,1567.992424242424,4.292929292929292,0.5336134453781523,0.5325915940065084
1,train,1586.4393939393938,4.3434343434343425,0.5294117647058834,0.5286914458529185
1,train,1604.8863636363635,4.393939393939394,0.5252100840336145,0.5256890899804664
1,train,1623.3333333333333,4.444444444444445,0.5210084033613456,0.5202903666883738
1,train,1641.780303030303,4.494949494949495,0.5168067226890767,0.5165401149722207
1,train,1660.2272727272725,4.545454545454545,0.5126050420168078,0.5135203914409475
1,train,1678.6742424242423,4.595959595959595,0.5084033613445389,0.508039279385882
1,train,1697.121212121212,4.646464646464646,0.5084033613445389,0.5060551442553466
1,train,1715.5681818181818,4.696969696969697,0.50420168067227,0.5015801008889856
1,train,1734.0151515151513,4.7474747474747465,0.5000000000000011,0.498258978486731
1,train,1752.462121212121,4.797979797979798,0.4957983193277322,0.494722489612187
1,train,1770.9090909090908,4.848484848484848,0.4915966386554633,0.489606179313554
1,train,1789.3560606060605,4.898989898989899,0.48739495798319443,0.4871537707685317
1,train,1807.8030303030303,4.949494949494949,0.48739495798319443,0.4855073645204599
1,train,1826.25,5.0,0.48319327731092554,0.48406320622386395
1,val,0.0,0.0,1.0,1.0
1,val,18.446969696969695,0.050505050505050504,1.0,0.9834756392941348
1,val,36.89393939393939,0.10101010101010101,1.0,0.9795434992581791
1,val,55.340909090909086,0.1515151515151515,1.0,0.9750864558700477
1,val,73.78787878787878,0.20202020202020202,1.0,0.9662409447850618
1,val,92.23484848484847,0.2525252525252525,1.0,0.9640978812814617
1,val,110.68181818181817,0.303030303030303,1.0,0.9612850622351762
1,val,129.12878787878788,0.35353535353535354,1.0,0.9558611886677771
1,val,147.57575757575756,0.40404040404040403,1.0,0.9505601895429496
1,val,166.02272727272725,0.4545454545454545,1.0,0.9423788768654523
1,val,184.46969696969694,0.505050505050505,1.0,0.9384788072007858
1,val,202.91666666666666,0.5555555555555556,0.9666666666666667,0.9320387353106911
1,val,221.36363636363635,0.606060606060606,0.9666666666666667,0.9294686517912135
1,val,239.81060606060603,0.6565656565656565,0.9666666666666667,0.9228543973151893
1,val,258.25757575757575,0.7070707070707071,0.9333333333333333,0.9202850058283887
1,val,276.70454545454544,0.7575757575757576,0.9333333333333333,0.9177126349800762
1,val,295.1515151515151,0.8080808080808081,0.9,0.9119200334012413
1,val,313.5984848484848,0.8585858585858585,0.9,0.8948847663972572
1,val,332.0454545454545,0.909090909090909,0.8666666666666667,0.888332867745674
1,val,350.4924242424242,0.9595959595959594,0.8666666666666667,0.8756553668446238
1,val,368.9393939393939,1.01010101010101,0.8666666666666667,0.8600987146425544
1,val,387.3863636363636,1.0606060606060606,0.8666666666666667,0.8447778174178507
1,val,405.8333333333333,1.1111111111111112,0.8666666666666667,0.8391817820873216
1,val,424.280303030303,1.1616161616161615,0.8666666666666667,0.8281157113621805
1,val,442.7272727272727,1.212121212121212,0.8666666666666667,0.8219303492345733
1,val,461.1742424242424,1.2626262626262625,0.8666666666666667,0.8140878309262506
1,val,479.62121212121207,1.313131313131313,0.8666666666666667,0.8098779085430678
1,val,498.06818181818176,1.3636363636363635,0.8666666666666667,0.804918202492551
1,val,516.5151515151515,1.4141414141414141,0.8666666666666667,0.8002718723664378
1,val,534.9621212121211,1.4646464646464645,0.8666666666666667,0.7944133877901274
1,val,553.4090909090909,1.5151515151515151,0.8666666666666667,0.7881510819043531
1,val,571.8560606060605,1.5656565656565653,0.8333333333333334,0.7778920413807587
1,val,590.3030303030303,1.6161616161616161,0.8333333333333334,0.7749262701299401
1,val,608.75,1.6666666666666667,0.8333333333333334,0.7709059689484246
1,val,627.1969696969696,1.717171717171717,0.8333333333333334,0.7601219329672371
1,val,645.6439393939394,1.7676767676767677,0.8333333333333334,0.7499523098097608
1,val,664.090909090909,1.818181818181818,0.8,0.7435870954617716
1,val,682.5378787878788,1.8686868686868685,0.8,0.7415035722159206
1,val,700.9848484848484,1.919191919191919,0.7666666666666667,0.7380275661352954
1,val,719.4318181818181,1.9696969696969695,0.7333333333333334,0.7357760849617173
1,val,737.8787878787878,2.02020202020202,0.7333333333333334,0.7343978855647872
1,val,756.3257575757575,2.0707070707070705,0.7333333333333334,0.733022269070997
1,val,774.7727272727273,2.121212121212121,0.7000000000000001,0.7278789946029119
1,val,793.2196969696969,2.1717171717171713,0.7000000000000001,0.7206309401112408
1,val,811.6666666666666,2.2222222222222223,0.7000000000000001,0.7121269508056429
1,val,830.1136363636363,2.2727272727272725,0.7000000000000001,0.7090189401191703
1,val,848.560606060606,2.323232323232323,0.7000000000000001,0.7024807447428085
1,val,867.0075757575756,2.3737373737373733,0.7000000000000001,0.6927785427472113
1,val,885.4545454545454,2.424242424242424,0.7000000000000001,0.6852964471885273
1,val,903.9015151515151,2.4747474747474745,0.7000000000000001,0.6834589048308485
1,val,922.3484848484848,2.525252525252525,0.7000000000000001,0.6759296211235415
1,val,940.7954545454545,2.5757575757575757,0.7000000000000001,0.6688662499746703
1,val,959.2424242424241,2.626262626262626,0.7000000000000001,0.6658981051221741
1,val,977.6893939393939,2.6767676767676765,0.7000000000000001,0.6604746562288651
1,val,996.1363636363635,2.727272727272727,0.6666666666666667,0.6573874387166483
1,val,1014.5833333333333,2.7777777777777777,0.6666666666666667,0.6515674558201654
1,val,1033.030303030303,2.8282828282828283,0.6666666666666667,0.6481489949278958
1,val,1051.4772727272727,2.878787878787879,0.6666666666666667,0.6409199086364795
1,val,1069.9242424242423,2.929292929292929,0.6666666666666667,0.631630134706115
1,val,1088.371212121212,2.9797979797979797,0.6666666666666667,0.6285397715369002
1,val,1106.8181818181818,3.0303030303030303,0.6666666666666667,0.6228983919930745
1,val,1125.2651515151515,3.080808080808081,0.6333333333333334,0.6134727243876025
1,val,1143.712121212121,3.1313131313131306,0.6333333333333334,0.6094962284999039
1,val,1162.1590909090908,3.181818181818181,0.6333333333333334,0.6075178585581397
1,val,1180.6060606060605,3.2323232323232323,0.6333333333333334,0.6045193965341124
1,val,1199.0530303030303,3.282828282828283,0.6333333333333334,0.5981774461978929
1,val,1217.5,3.3333333333333335,0.6000000000000001,0.5961422076256044
1,val,1235.9469696969695,3.383838383838383,0.6000000000000001,0.5937858820684311
1,val,1254.3939393939393,3.434343434343434,0.6000000000000001,0.589862147848726
1,val,1272.840909090909,3.4848484848484844,0.5666666666666668,0.5868892838106116
1,val,1291.2878787878788,3.5353535353535355,0.5666666666666668,0.578651353918793
1,val,1309.7348484848483,3.585858585858585,0.5666666666666668,0.5745924064478269
1,val,1328.181818181818,3.636363636363636,0.5333333333333334,0.5721083411595932
1,val,1346.6287878787878,3.6868686868686864,0.5333333333333334,0.5701770357380729
1,val,1365.0757575757575,3.737373737373737,0.5333333333333334,0.5670768528987485
1,val,1383.5227272727273,3.7878787878787876,0.5333333333333334,0.5631139894353081
1,val,1401.9696969696968,3.838383838383838,0.5333333333333334,0.5585341113755697
1,val,1420.4166666666665,3.8888888888888884,0.5333333333333334,0.5559657180032667
1,val,1438.8636363636363,3.939393939393939,0.5333333333333334,0.5548275104087187
1,val,1457.310606060606,3.9898989898989896,0.5333333333333334,0.5536916342613217
1,val,1475.7575757575755,4.04040404040404,0.5000000000000001,0.5525580847829613
1,val,1494.2045454545453,4.090909090909091,0.5000000000000001,0.5458335895776683
1,val,1512.651515151515,4.141414141414141,0.5000000000000001,0.5431007562064057
1,val,1531.0984848484848,4.191919191919192,0.5000000000000001,0.5416684554147527
1,val,1549.5454545454545,4.242424242424242,0.5000000000000001,0.5402399339863505
1,val,1567.992424242424,4.292929292929292,0.5000000000000001,0.5336851692140232
1,val,1586.4393939393938,4.3434343434343425,0.5000000000000001,0.529789927874338
1,val,1604.8863636363635,4.393939393939394,0.5000000000000001,0.5267912881532448
1,val,1623.3333333333333,4.444444444444445,0.5000000000000001,0.5213991121804431
1,val,1641.780303030303,4.494949494949495,0.5000000000000001,0.5176533056798907
1,val,1660.2272727272725,4.545454545454545,0.5000000000000001,0.5146370996298856
1,val,1678.6742424242423,4.595959595959595,0.5000000000000001,0.5091622300506883
1,val,1697.121212121212,4.646464646464646,0.5000000000000001,0.5071803091565605
1,val,1715.5681818181818,4.696969696969697,0.5000000000000001,0.5027101702546685
1,val,1734.0151515151513,4.7474747474747465,0.5000000000000001,0.49939260689495746
1,val,1752.462121212121,4.797979797979798,0.5000000000000001,0.4958598315926567
1,val,1770.9090909090908,4.848484848484848,0.5000000000000001,0.49074875337951546
1,val,1789.3560606060605,4.898989898989899,0.5000000000000001,0.4882987933924064
1,val,1807.8030303030303,4.949494949494949,0.5000000000000001,0.4866540092452412
1,val,1826.25,5.0,0.5000000000000001,0.48521125936365317
1,test,0.0,0.0,1.0,1.0
1,test,18.446969696969695,0.050505050505050504,1.0,0.983484877427803
1,test,36.89393939393939,0.10101010101010101,1.0,0.979554907332972
1,test,55.340909090909086,0.1515151515151515,1.0,0.9751003102765128
1,test,73.78787878787878,0.20202020202020202,1.0,0.9662596122382854
1,test,92.23484848484847,0.2525252525252525,1.0,0.9641177063880013
1,test,110.68181818181817,0.303030303030303,1.0,0.9613064017742721
1,test,129.12878787878788,0.35353535353535354,1.0,0.9558854323275309
1,test,147.57575757575756,0.40404040404040403,0.9655172413793104,0.9505872509484302
1,test,166.02272727272725,0.4545454545454545,0.9655172413793104,0.9424102468979526
1,test,184.46969696969694,0.505050505050505,0.9655172413793104,0.9385122139406014
1,test,202.91666666666666,0.5555555555555556,0.9655172413793104,0.9320754807193078
1,test,221.36363636363635,0.606060606060606,0.9655172413793104,0.9295067210384583
1,test,239.81060606060603,0.6565656565656565,0.9310344827586208,0.9228958510137892
1,test,258.25757575757575,0.7070707070707071,0.9310344827586208,0.9203277654822701
1,test,276.70454545454544,0.7575757575757576,0.9310344827586208,0.9177566971664154
1,test,295.1515151515151,0.8080808080808081,0.8965517241379312,0.9119670105546109
1,test,313.5984848484848,0.8585858585858585,0.8275862068965518,0.894940169364582
1,test,332.0454545454545,0.909090909090909,0.8275862068965518,0.8883914525338619
1,test,350.4924242424242,0.9595959595959594,0.8275862068965518,0.8757200144618283
1,test,368.9393939393939,1.01010101010101,0.8275862068965518,0.8601706312218703
1,test,387.3863636363636,1.0606060606060606,0.8275862068965518,0.8448567063799683
1,test,405.8333333333333,1.1111111111111112,0.8275862068965518,0.8392631710938935
1,test,424.280303030303,1.1616161616161615,0.7586206896551726,0.8282019699294947
1,test,442.7272727272727,1.212121212121212,0.7586206896551726,0.8220192863574227
1,test,461.1742424242424,1.2626262626262625,0.7586206896551726,0.814180119250505
1,test,479.62121212121207,1.313131313131313,0.7586206896551726,0.809971974947805
1,test,498.06818181818176,1.3636363636363635,0.7586206896551726,0.8050143448424231
1,test,516.5151515151515,1.4141414141414141,0.7586206896551726,0.8003699409497378
1,test,534.9621212121211,1.4646464646464645,0.7586206896551726,0.7945138594293163
1,test,553.4090909090909,1.5151515151515151,0.7586206896551726,0.7882540903631705
1,test,571.8560606060605,1.5656565656565653,0.7586206896551726,0.7779991339908477
1,test,590.3030303030303,1.6161616161616161,0.7586206896551726,0.7750345267150877
1,test,608.75,1.6666666666666667,0.7586206896551726,0.7710157913457981
1,test,627.1969696969696,1.717171717171717,0.7586206896551726,0.7602358866675764
1,test,645.6439393939394,1.7676767676767677,0.7586206896551726,0.7500700667725035
1,test,664.090909090909,1.818181818181818,0.7586206896551726,0.7437071866965865
1,test,682.5378787878788,1.8686868686868685,0.7586206896551726,0.7416244197476612
1,test,700.9848484848484,1.919191919191919,0.724137931034483,0.7381496668437183
1,test,719.4318181818181,1.9696969696969695,0.6896551724137933,0.7358989916394101
1,test,737.8787878787878,2.02020202020202,0.6896551724137933,0.7345212833684445
1,test,756.3257575757575,2.0707070707070705,0.6896551724137933,0.7331461553868478
1,test,774.7727272727273,2.121212121212121,0.6896551724137933,0.7280046923803319
1,test,793.2196969696969,2.1717171717171713,0.6896551724137933,0.720759150190207
1,test,811.6666666666666,2.2222222222222223,0.6896551724137933,0.7122580477005255
1,test,830.1136363636363,2.2727272727272725,0.6896551724137933,0.7091510755793167
1,test,848.560606060606,2.323232323232323,0.6896551724137933,0.7026150359627042
1,test,867.0075757575756,2.3737373737373733,0.6896551724137933,0.6929159599062154
1,test,885.4545454545454,2.424242424242424,0.6896551724137933,0.6854362148468386
1,test,903.9015151515151,2.4747474747474745,0.6896551724137933,0.6835992416833131
1,test,922.3484848484848,2.525252525252525,0.6896551724137933,0.6760722567860055
1,test,940.7954545454545,2.5757575757575757,0.6551724137931035,0.6690109929975832
1,test,959.2424242424241,2.626262626262626,0.6551724137931035,0.6660437193824084
1,test,977.6893939393939,2.6767676767676765,0.6551724137931035,0.6606218404227939
1,test,996.1363636363635,2.727272727272727,0.6206896551724139,0.657535503808859
1,test,1014.5833333333333,2.7777777777777777,0.6206896551724139,0.6517171562439462
1,test,1033.030303030303,2.8282828282828283,0.6206896551724139,0.6482996403841607
1,test,1051.4772727272727,2.878787878787879,0.6206896551724139,0.6410725145262958
1,test,1069.9242424242423,2.929292929292929,0.6206896551724139,0.6317851833900405
1,test,1088.371212121212,2.9797979797979797,0.5862068965517242,0.6286956136275692
1,test,1106.8181818181818,3.0303030303030303,0.5862068965517242,0.6230556574949466
1,test,1125.2651515151515,3.080808080808081,0.5862068965517242,0.6136322957034495
1,test,1143.712121212121,3.1313131313131306,0.5862068965517242,0.6096567451889707
1,test,1162.1590909090908,3.181818181818181,0.5862068965517242,0.6076788394879619
1,test,1180.6060606060605,3.2323232323232323,0.5862068965517242,0.6046810733242043
1,test,1199.0530303030303,3.282828282828283,0.5517241379310346,0.5983405638506324
1,test,1217.5,3.3333333333333335,0.5517241379310346,0.5963057787291232
1,test,1235.9469696969695,3.383838383838383,0.5517241379310346,0.5939499727054656
1,test,1254.3939393939393,3.434343434343434,0.5517241379310346,0.590027090570311
1,test,1272.840909090909,3.4848484848484844,0.5517241379310346,0.5870548612311173
1,test,1291.2878787878788,3.5353535353535355,0.5517241379310346,0.5788186407163147
1,test,1309.7348484848483,3.585858585858585,0.5517241379310346,0.574760508598196
1,test,1328.181818181818,3.636363636363636,0.517241379310345,0.5722769334913272
1,test,1346.6287878787878,3.6868686868686864,0.517241379310345,0.5703460045334782
1,test,1365.0757575757575,3.737373737373737,0.517241379310345,0.5672464174842168
1,test,1383.5227272727273,3.7878787878787876,0.517241379310345,0.5632843002493371
1,test,1401.9696969696968,3.838383838383838,0.517241379310345,0.5587052630321006
1,test,1420.4166666666665,3.8888888888888884,0.517241379310345,0.5561373310279795
1,test,1438.8636363636363,3.939393939393939,0.517241379310345,0.5549993255456516
1,test,1457.310606060606,3.9898989898989896,0.517241379310345,0.5538636496559655
1,test,1475.7575757575755,4.04040404040404,0.517241379310345,0.5527302985881962
1,test,1494.2045454545453,4.090909090909091,0.517241379310345,0.5460069507620511
1,test,1512.651515151515,4.141414141414141,0.517241379310345,0.543274569114291
1,test,1531.0984848484848,4.191919191919192,0.517241379310345,0.541842501693793
1,test,1549.5454545454545,4.242424242424242,0.517241379310345,0.540414210698481
1,test,1567.992424242424,4.292929292929292,0.517241379310345,0.5338604733963752
1,test,1586.4393939393938,4.3434343434343425,0.517241379310345,0.5299658192716429
1,test,1604.8863636363635,4.393939393939394,0.517241379310345,0.5269676196540719
1,test,1623.3333333333333,4.444444444444445,0.517241379310345,0.5215762087716194
1,test,1641.780303030303,4.494949494949495,0.517241379310345,0.5178309137372947
1,test,1660.2272727272725,4.545454545454545,0.517241379310345,0.5148151075279966
1,test,1678.6742424242423,4.595959595959595,0.517241379310345,0.5093409361920549
1,test,1697.121212121212,4.646464646464646,0.517241379310345,0.5073592592662974
1,test,1715.5681818181818,4.696969696969697,0.517241379310345,0.5028896533500667
1,test,1734.0151515151513,4.7474747474747465,0.517241379310345,0.49957246999901217
1,test,1752.462121212121,4.797979797979798,0.517241379310345,0.4960400847030313
1,test,1770.9090909090908,4.848484848484848,0.517241379310345,0.4909295438170606
1,test,1789.3560606060605,4.898989898989899,0.517241379310345,0.4884798300412932
1,test,1807.8030303030303,4.949494949494949,0.517241379310345,0.4868352070407677
1,test,1826.25,5.0,0.517241379310345,0.4853925957602612
2,train,0.0,0.0,1.0,1.0
2,train,18.446969696969695,0.050505050505050504,0.9915611814345993,0.9875613566819098
2,train,36.89393939393939,0.10101010101010101,0.9873417721518988,0.985329048250949
2,train,55.340909090909086,0.1515151515151515,0.9873417721518988,0.9832319444818974
2,train,73.78787878787878,0.20202020202020202,0.9746835443037977,0.9744124518113457
2,train,92.23484848484847,0.2525252525252525,0.9746835443037977,0.9722553143044567
2,train,110.68181818181817,0.303030303030303,0.9704641350210973,0.969423877704513
2,train,129.12878787878788,0.35353535353535354,0.9662447257383969,0.9651428579294125
2,train,147.57575757575756,0.40404040404040403,0.9662447257383969,0.9624665371076931
2,train,166.02272727272725,0.4545454545454545,0.9620253164556964,0.9587395759711533
2,train,184.46969696969694,0.505050505050505,0.957805907172996,0.9548516901093002
2,train,202.91666666666666,0.5555555555555556,0.949367088607595,0.948357071562736
2,train,221.36363636363635,0.606060606060606,0.949367088607595,0.9457643907348455
2,train,239.81060606060603,0.6565656565656565,0.9409282700421941,0.9391734461621457
2,train,258.25757575757575,0.7070707070707071,0.9367088607594937,0.9364593640594102
2,train,276.70454545454544,0.7575757575757576,0.9367088607594937,0.9334704000084347
2,train,295.1515151515151,0.8080808080808081,0.9240506329113926,0.9235463212216941
2,train,313.5984848484848,0.8585858585858585,0.8987341772151902,0.8982883949780089
2,train,332.0454545454545,0.909090909090909,0.8945147679324899,0.8916910606311692
2,train,350.4924242424242,0.9595959595959594,0.8818565400843885,0.8789231398363563
2,train,368.9393939393939,1.01010101010101,0.8691983122362872,0.8674641871081256
2,train,387.3863636363636,1.0606060606060606,0.8523206751054855,0.85205023719469
2,train,405.8333333333333,1.1111111111111112,0.848101265822785,0.8464307786849853
2,train,424.280303030303,1.1616161616161615,0.8270042194092827,0.8269652864341515
2,train,442.7272727272727,1.212121212121212,0.8227848101265823,0.8207600098360786
2,train,461.1742424242424,1.2626262626262625,0.818565400843882,0.8168961077731035
2,train,479.62121212121207,1.313131313131313,0.8143459915611816,0.8128600354149078
2,train,498.06818181818176,1.3636363636363635,0.8143459915611816,0.8078850664480792
2,train,516.5151515151515,1.4141414141414141,0.8059071729957807,0.8032246481572218
2,train,534.9621212121211,1.4646464646464645,0.7974683544303799,0.7973477919865117
2,train,553.4090909090909,1.5151515151515151,0.7932489451476794,0.7910678169210127
2,train,571.8560606060605,1.5656565656565653,0.7848101265822784,0.7849725318599109
2,train,590.3030303030303,1.6161616161616161,0.7848101265822784,0.7820006754455959
2,train,608.75,1.6666666666666667,0.7805907172995781,0.777969546878925
2,train,627.1969696969696,1.717171717171717,0.7679324894514767,0.7671700752056577
2,train,645.6439393939394,1.7676767676767677,0.7637130801687764,0.7614801444840386
2,train,664.090909090909,1.818181818181818,0.7552742616033756,0.7547736050421329
2,train,682.5378787878788,1.8686868686868685,0.7552742616033756,0.7525032684006906
2,train,700.9848484848484,1.919191919191919,0.7426160337552743,0.7431015889494996
2,train,719.4318181818181,1.9696969696969695,0.729957805907173,0.7310727644530376
2,train,737.8787878787878,2.02020202020202,0.729957805907173,0.7293158582701896
2,train,756.3257575757575,2.0707070707070705,0.729957805907173,0.7275632851311324
2,train,774.7727272727273,2.121212121212121,0.721518987341772,0.722283182513347
2,train,793.2196969696969,2.1717171717171713,0.7172995780590716,0.7150371371548914
2,train,811.6666666666666,2.2222222222222223,0.7088607594936708,0.7065263648245398
2,train,830.1136363636363,2.2727272727272725,0.7046413502109704,0.7034117265103789
2,train,848.560606060606,2.323232323232323,0.6962025316455696,0.6970654036724464
2,train,867.0075757575756,2.3737373737373733,0.6919831223628691,0.6913303354072445
2,train,885.4545454545454,2.424242424242424,0.6835443037974682,0.6838241348685102
2,train,903.9015151515151,2.4747474747474745,0.6835443037974682,0.6819786330691574
2,train,922.3484848484848,2.525252525252525,0.6751054852320673,0.6744079229278889
2,train,940.7954545454545,2.5757575757575757,0.662447257383966,0.6630922905444897
2,train,959.2424242424241,2.626262626262626,0.662447257383966,0.6601047008447272
2,train,977.6893939393939,2.6767676767676765,0.6540084388185653,0.6538848581943476
2,train,996.1363636363635,2.727272727272727,0.6497890295358648,0.6474925660236004
2,train,1014.5833333333333,2.7777777777777777,0.6413502109704641,0.6414338364615336
2,train,1033.030303030303,2.8282828282828283,0.6371308016877637,0.6385025237103151
2,train,1051.4772727272727,2.878787878787879,0.6371308016877637,0.6347892378948382
2,train,1069.9242424242423,2.929292929292929,0.6244725738396624,0.6252980741626663
2,train,1088.371212121212,2.9797979797979797,0.6202531645569619,0.6194860309474397
2,train,1106.8181818181818,3.0303030303030303,0.611814345991561,0.6125035377863645
2,train,1125.2651515151515,3.080808080808081,0.6033755274261602,0.6047142611617208
2,train,1143.712121212121,3.1313131313131306,0.6033755274261602,0.6029455553548743
2,train,1162.1590909090908,3.181818181818181,0.6033755274261602,0.6011821626989194
2,train,1180.6060606060605,3.2323232323232323,0.5991561181434598,0.5978498942000663
2,train,1199.0530303030303,3.282828282828283,0.5864978902953586,0.586990491163786
2,train,1217.5,3.3333333333333335,0.5822784810126582,0.5825881511722861
2,train,1235.9469696969695,3.383838383838383,0.5780590717299577,0.5789546773803123
2,train,1254.3939393939393,3.434343434343434,0.5738396624472574,0.5750048608751834
2,train,1272.840909090909,3.4848484848484844,0.5738396624472574,0.5721127585784637
2,train,1291.2878787878788,3.5353535353535355,0.569620253164557,0.5682547786116912
2,train,1309.7348484848483,3.585858585858585,0.569620253164557,0.5639359565693023
2,train,1328.181818181818,3.636363636363636,0.5611814345991561,0.5613084998016118
2,train,1346.6287878787878,3.6868686868686864,0.5611814345991561,0.5593539591963178
2,train,1365.0757575757575,3.737373737373737,0.5569620253164557,0.5573696134580092
2,train,1383.5227272727273,3.7878787878787876,0.5569620253164557,0.5553620411469019
2,train,1401.9696969696968,3.838383838383838,0.5527426160337553,0.5518018142487109
2,train,1420.4166666666665,3.8888888888888884,0.5485232067510548,0.5490466613297487
2,train,1438.8636363636363,3.939393939393939,0.5485232067510548,0.5476697690480351
2,train,1457.310606060606,3.9898989898989896,0.5485232067510548,0.5462964245820326
2,train,1475.7575757575755,4.04040404040404,0.5443037974683544,0.543643589739116
2,train,1494.2045454545453,4.090909090909091,0.540084388185654,0.5389275410629453
2,train,1512.651515151515,4.141414141414141,0.5358649789029536,0.5361607873428456
2,train,1531.0984848484848,4.191919191919192,0.5358649789029536,0.5347095441482925
2,train,1549.5454545454545,4.242424242424242,0.5358649789029536,0.5332623373793528
2,train,1567.992424242424,4.292929292929292,0.5316455696202532,0.529955477500644
2,train,1586.4393939393938,4.3434343434343425,0.5274261603375529,0.5269205208035668
2,train,1604.8863636363635,4.393939393939394,0.5232067510548524,0.5238848786528856
2,train,1623.3333333333333,4.444444444444445,0.518987341772152,0.5184226355652962
2,train,1641.780303030303,4.494949494949495,0.5147679324894515,0.5146290667575444
2,train,1660.2272727272725,4.545454545454545,0.510548523206751,0.5115723009441594
2,train,1678.6742424242423,4.595959595959595,0.5063291139240507,0.5063904227781987
2,train,1697.121212121212,4.646464646464646,0.5063291139240507,0.504878617914452
2,train,1715.5681818181818,4.696969696969697,0.5063291139240507,0.5033714519943067
2,train,1734.0151515151513,4.7474747474747465,0.5021097046413503,0.5003531643355535
2,train,1752.462121212121,4.797979797979798,0.49789029535864987,0.49676500767332843
2,train,1770.9090909090908,4.848484848484848,0.49367088607594944,0.491569363447467
2,train,1789.3560606060605,4.898989898989899,0.489451476793249,0.489077535716976
2,train,1807.8030303030303,4.949494949494949,0.489451476793249,0.4874045763020333
2,train,1826.25,5.0,0.4852320675105486,0.4859370687168739
2,val,0.0,0.0,1.0,1.0
2,val,18.446969696969695,0.050505050505050504,1.0,0.9877951503152594
2,val,36.89393939393939,0.10101010101010101,1.0,0.98560448531549
2,val,55.340909090909086,0.1515151515151515,1.0,0.9835464150613272
2,val,73.78787878787878,0.20202020202020202,1.0,0.9748901459489061
2,val,92.23484848484847,0.2525252525252525,1.0,0.9727727000830206
2,val,110.68181818181817,0.303030303030303,1.0,0.9699932239754894
2,val,129.12878787878788,0.35353535353535354,1.0,0.9657904671886487
2,val,147.57575757575756,0.40404040404040403,0.9666666666666667,0.9631628896163211
2,val,166.02272727272725,0.4545454545454545,0.9666666666666667,0.9595035705861038
2,val,184.46969696969694,0.505050505050505,0.9666666666666667,0.9556859533861438
2,val,202.91666666666666,0.5555555555555556,0.9333333333333333,0.9493080436088842
2,val,221.36363636363635,0.606060606060606,0.9333333333333333,0.9467617170834299
2,val,239.81060606060603,0.6565656565656565,0.9,0.9402880007172753
2,val,258.25757575757575,0.7070707070707071,0.8666666666666667,0.9376219360618336
2,val,276.70454545454544,0.7575757575757576,0.8666666666666667,0.9346856791555449
2,val,295.1515151515151,0.8080808080808081,0.8333333333333334,0.9249352888677114
2,val,313.5984848484848,0.8585858585858585,0.8333333333333334,0.9001101928753257
2,val,332.0454545454545,0.909090909090909,0.8,0.8936236964634545
2,val,350.4924242424242,0.9595959595959594,0.8,0.8810676293183101
2,val,368.9393939393939,1.01010101010101,0.8,0.869795796794624
2,val,387.3863636363636,1.0606060606060606,0.8,0.8546289827531469
2,val,405.8333333333333,1.1111111111111112,0.8,0.84909830211089
2,val,424.280303030303,1.1616161616161615,0.8,0.8299347868427536
2,val,442.7272727272727,1.212121212121212,0.8,0.8238239433915207
2,val,461.1742424242424,1.2626262626262625,0.8,0.8200183900001178
2,val,479.62121212121207,1.313131313131313,0.8,0.8160428928402769
2,val,498.06818181818176,1.3636363636363635,0.8,0.8111420625984872
2,val,516.5151515151515,1.4141414141414141,0.8,0.8065505636833021
2,val,534.9621212121211,1.4646464646464645,0.8,0.8007598776282993
2,val,553.4090909090909,1.5151515151515151,0.8,0.7945710667696279
2,val,571.8560606060605,1.5656565656565653,0.7666666666666667,0.7885633519726202
2,val,590.3030303030303,1.6161616161616161,0.7666666666666667,0.7856338636007488
2,val,608.75,1.6666666666666667,0.7666666666666667,0.7816598586207815
2,val,627.1969696969696,1.717171717171717,0.7666666666666667,0.7710114443247675
2,val,645.6439393939394,1.7676767676767677,0.7666666666666667,0.7653999322002427
2,val,664.090909090909,1.818181818181818,0.7333333333333334,0.7587847754479978
2,val,682.5378787878788,1.8686868686868685,0.7333333333333334,0.7565451158888136
2,val,700.9848484848484,1.919191919191919,0.7333333333333334,0.7472690706207998
2,val,719.4318181818181,1.9696969696969695,0.7333333333333334,0.7353976559939294
2,val,737.8787878787878,2.02020202020202,0.7333333333333334,0.7336634244736291
2,val,756.3257575757575,2.0707070707070705,0.7333333333333334,0.7319333891660587
2,val,774.7727272727273,2.121212121212121,0.7000000000000001,0.7267206973950994
2,val,793.2196969696969,2.1717171717171713,0.7000000000000001,0.719565954965006
2,val,811.6666666666666,2.2222222222222223,0.7000000000000001,0.7111606203146263
2,val,830.1136363636363,2.2727272727272725,0.7000000000000001,0.7080840776356261
2,val,848.560606060606,2.323232323232323,0.7000000000000001,0.7018145567438607
2,val,867.0075757575756,2.3737373737373733,0.7000000000000001,0.6961479387479647
2,val,885.4545454545454,2.424242424242424,0.7000000000000001,0.6887299453156268
2,val,903.9015151515151,2.4747474747474745,0.7000000000000001,0.6869058886077101
2,val,922.3484848484848,2.525252525252525,0.7000000000000001,0.6794221442288614
2,val,940.7954545454545,2.5757575757575757,0.7000000000000001,0.6682334442539677
2,val,959.2424242424241,2.626262626262626,0.7000000000000001,0.6652787506140148
2,val,977.6893939393939,2.6767676767676765,0.7000000000000001,0.6591265583245757
2,val,996.1363636363635,2.727272727272727,0.6666666666666667,0.6528026060951903
2,val,1014.5833333333333,2.7777777777777777,0.6666666666666667,0.6468075296281797
2,val,1033.030303030303,2.8282828282828283,0.6666666666666667,0.6439066185892793
2,val,1051.4772727272727,2.878787878787879,0.6666666666666667,0.6402314725609688
2,val,1069.9242424242423,2.929292929292929,0.6666666666666667,0.6308358879210819
2,val,1088.371212121212,2.9797979797979797,0.6666666666666667,0.6250810070005846
2,val,1106.8181818181818,3.0303030303030303,0.6666666666666667,0.6181657979207901
2,val,1125.2651515151515,3.080808080808081,0.6333333333333334,0.6104497691972823
2,val,1143.712121212121,3.1313131313131306,0.6333333333333334,0.608697427279666
2,val,1162.1590909090908,3.181818181818181,0.6333333333333334,0.6069502498140392
2,val,1180.6060606060605,3.2323232323232323,0.6333333333333334,0.6036483505971777
2,val,1199.0530303030303,3.282828282828283,0.6333333333333334,0.5928854216485567
2,val,1217.5,3.3333333333333335,0.6333333333333334,0.5885210921941365
2,val,1235.9469696969695,3.383838383838383,0.6333333333333334,0.5849185073410992
2,val,1254.3939393939393,3.434343434343434,0.6333333333333334,0.5810017700152418
2,val,1272.840909090909,3.4848484848484844,0.6000000000000001,0.5781335569514866
2,val,1291.2878787878788,3.5353535353535355,0.6000000000000001,0.5743070051621771
2,val,1309.7348484848483,3.585858585858585,0.6000000000000001,0.5700227656929331
2,val,1328.181818181818,3.636363636363636,0.5666666666666668,0.5674160360647391
2,val,1346.6287878787878,3.6868686868686864,0.5666666666666668,0.5654767602733433
2,val,1365.0757575757575,3.737373737373737,0.5666666666666668,0.5635077772614939
2,val,1383.5227272727273,3.7878787878787876,0.5333333333333334,0.5615156087156012
2,val,1401.9696969696968,3.838383838383838,0.5333333333333334,0.5579823539805294
2,val,1420.4166666666665,3.8888888888888884,0.5333333333333334,0.5552477697486123
2,val,1438.8636363636363,3.939393939393939,0.5333333333333334,0.5538810567423577
2,val,1457.310606060606,3.9898989898989896,0.5333333333333334,0.5525177987355209
2,val,1475.7575757575755,4.04040404040404,0.5333333333333334,0.5498842585722238
2,val,1494.2045454545453,4.090909090909091,0.5000000000000001,0.5452018927113585
2,val,1512.651515151515,4.141414141414141,0.5000000000000001,0.5424545290407248
2,val,1531.0984848484848,4.191919191919192,0.5000000000000001,0.5410133463064123
2,val,1549.5454545454545,4.242424242424242,0.5000000000000001,0.5395760962382099
2,val,1567.992424242424,4.292929292929292,0.5000000000000001,0.5362917022385251
2,val,1586.4393939393938,4.3434343434343425,0.5000000000000001,0.5332770133607252
2,val,1604.8863636363635,4.393939393939394,0.5000000000000001,0.5302613056786938
2,val,1623.3333333333333,4.444444444444445,0.5000000000000001,0.5248340745100656
2,val,1641.780303030303,4.494949494949495,0.5000000000000001,0.5210641678199514
2,val,1660.2272727272725,4.545454545454545,0.5000000000000001,0.5180260752278742
2,val,1678.6742424242423,4.595959595959595,0.5000000000000001,0.512875044270971
2,val,1697.121212121212,4.646464646464646,0.5000000000000001,0.5113720462735322
2,val,1715.5681818181818,4.696969696969697,0.5000000000000001,0.5098735730479728
2,val,1734.0151515151513,4.7474747474747465,0.5000000000000001,0.5068724309140785
2,val,1752.462121212121,4.797979797979798,0.5000000000000001,0.5033041985615264
2,val,1770.9090909090908,4.848484848484848,0.5000000000000001,0.4981365150815933
2,val,1789.3560606060605,4.898989898989899,0.5000000000000001,0.4956577210012133
2,val,1807.8030303030303,4.949494949494949,0.5000000000000001,0.4939933743381026
2,val,1826.25,5.0,0.5000000000000001,0.49253333031698265
2,test,0.0,0.0,1.0,1.0
2,test,18.446969696969695,0.050505050505050504,0.9666666666666667,0.9877574962574907
2,test,36.89393939393939,0.10101010101010101,0.9666666666666667,0.9855600275245836
2,test,55.340909090909086,0.1515151515151515,0.9333333333333333,0.9834955528905891
2,test,73.78787878787878,0.20202020202020202,0.9333333333333333,0.9748122152874494
2,test,92.23484848484847,0.2525252525252525,0.9333333333333333,0.9726881158534456
2,test,110.68181818181817,0.303030303030303,0.9333333333333333,0.9698998867611723
2,test,129.12878787878788,0.35353535353535354,0.9333333333333333,0.9656838537187161
2,test,147.57575757575756,0.40404040404040403,0.9333333333333333,0.9630479507044268
2,test,166.02272727272725,0.4545454545454545,0.8666666666666667,0.9593770051403671
2,test,184.46969696969694,0.505050505050505,0.8666666666666667,0.9555472188537064
2,test,202.91666666666666,0.5555555555555556,0.8666666666666667,0.9491488890091285
2,test,221.36363636363635,0.606060606060606,0.8666666666666667,0.9465943787274926
2,test,239.81060606060603,0.6565656565656565,0.8666666666666667,0.9400997764440736
2,test,258.25757575757575,0.7070707070707071,0.8666666666666667,0.9374250772382812
2,test,276.70454545454544,0.7575757575757576,0.8666666666666667,0.9344792884621651
2,test,295.1515151515151,0.8080808080808081,0.8666666666666667,0.9246970795605658
2,test,313.5984848484848,0.8585858585858585,0.8666666666666667,0.8997898367124756
2,test,332.0454545454545,0.909090909090909,0.8666666666666667,0.8932816129822592
2,test,350.4924242424242,0.9595959595959594,0.8666666666666667,0.8806831846107912
2,test,368.9393939393939,1.01010101010101,0.8333333333333334,0.8693729887333984
2,test,387.3863636363636,1.0606060606060606,0.8333333333333334,0.8541540664629891
2,test,405.8333333333333,1.1111111111111112,0.8333333333333334,0.8486042475993244
2,test,424.280303030303,1.1616161616161615,0.8333333333333334,0.8293738700956087
2,test,442.7272727272727,1.212121212121212,0.8333333333333334,0.8232415304942398
2,test,461.1742424242424,1.2626262626262625,0.8,0.8194225484632192
2,test,479.62121212121207,1.313131313131313,0.8,0.815432989101409
2,test,498.06818181818176,1.3636363636363635,0.8,0.810514776427403
2,test,516.5151515151515,1.4141414141414141,0.8,0.8059069455804403
2,test,534.9621212121211,1.4646464646464645,0.8,0.8000955986572956
2,test,553.4090909090909,1.5151515151515151,0.8,0.7938846294596239
2,test,571.8560606060605,1.5656565656565653,0.7666666666666667,0.7878553300051364
2,test,590.3030303030303,1.6161616161616161,0.7666666666666667,0.784915290225479
2,test,608.75,1.6666666666666667,0.7666666666666667,0.7809269445605227
2,test,627.1969696969696,1.717171717171717,0.7666666666666667,0.7702399531453444
2,test,645.6439393939394,1.7676767676767677,0.7333333333333334,0.7646080252426789
2,test,664.090909090909,1.818181818181818,0.7333333333333334,0.7579687268889437
2,test,682.5378787878788,1.8686868686868685,0.7333333333333334,0.7557208759473762
2,test,700.9848484848484,1.919191919191919,0.7333333333333334,0.746410810354811
2,test,719.4318181818181,1.9696969696969695,0.7333333333333334,0.7344956437011259
2,test,737.8787878787878,2.02020202020202,0.7333333333333334,0.7327550013780938
2,test,756.3257575757575,2.0707070707070705,0.7333333333333334,0.7310185660031462
2,test,774.7727272727273,2.121212121212121,0.7333333333333334,0.7257865620767545
2,test,793.2196969696969,2.1717171717171713,0.7333333333333334,0.7186052448723198
2,test,811.6666666666666,2.2222222222222223,0.7333333333333334,0.7101685944155903
2,test,830.1136363636363,2.2727272727272725,0.7333333333333334,0.7070805645214053
2,test,848.560606060606,2.323232323232323,0.7333333333333334,0.7007875947396461
2,test,867.0075757575756,2.3737373737373733,0.7000000000000001,0.6950997385890073
2,test,885.4545454545454,2.424242424242424,0.7000000000000001,0.687653882616446
2,test,903.9015151515151,2.4747474747474745,0.7000000000000001,0.6858229645620428
2,test,922.3484848484848,2.525252525252525,0.7000000000000001,0.6783110299266811
2,test,940.7954545454545,2.5757575757575757,0.7000000000000001,0.6670800728537768
2,test,959.2424242424241,2.626262626262626,0.7000000000000001,0.6641141995475742
2,test,977.6893939393939,2.6767676767676765,0.7000000000000001,0.65793870394906
2,test,996.1363636363635,2.727272727272727,0.7000000000000001,0.651590764638395
2,test,1014.5833333333333,2.7777777777777777,0.7000000000000001,0.6455729202547947
2,test,1033.030303030303,2.8282828282828283,0.7000000000000001,0.6426609831659231
2,test,1051.4772727272727,2.878787878787879,0.6666666666666667,0.6389718604705432
2,test,1069.9242424242423,2.929292929292929,0.6666666666666667,0.6295405087156395
2,test,1088.371212121212,2.9797979797979797,0.6666666666666667,0.6237636986350519
2,test,1106.8181818181818,3.0303030303030303,0.6666666666666667,0.616822121867034
2,test,1125.2651515151515,3.080808080808081,0.6666666666666667,0.6090766555408985
2,test,1143.712121212121,3.1313131313131306,0.6333333333333334,0.6073176264933265
2,test,1162.1590909090908,3.181818181818181,0.6333333333333334,0.6055637811441706
2,test,1180.6060606060605,3.2323232323232323,0.6333333333333334,0.6022492796801685
2,test,1199.0530303030303,3.282828282828283,0.6333333333333334,0.5914452698663006
2,test,1217.5,3.3333333333333335,0.6333333333333334,0.5870642845725607
2,test,1235.9469696969695,3.383838383838383,0.6333333333333334,0.583447953488302
2,test,1254.3939393939393,3.434343434343434,0.6333333333333334,0.5795162748346459
2,test,1272.840909090909,3.4848484848484844,0.6333333333333334,0.5766371232678886
2,test,1291.2878787878788,3.5353535353535355,0.6000000000000001,0.5727959829025365
2,test,1309.7348484848483,3.585858585858585,0.5666666666666668,0.5684954175504778
2,test,1328.181818181818,3.636363636363636,0.5666666666666668,0.5658787590372037
2,test,1346.6287878787878,3.6868686868686864,0.5666666666666668,0.5639320991301491
2,test,1365.0757575757575,3.737373737373737,0.5666666666666668,0.561955621210864
2,test,1383.5227272727273,3.7878787878787876,0.5666666666666668,0.5599558720373204
2,test,1401.9696969696968,3.838383838383838,0.5666666666666668,0.5564091792696606
2,test,1420.4166666666665,3.8888888888888884,0.5666666666666668,0.5536642009994905
2,test,1438.8636363636363,3.939393939393939,0.5666666666666668,0.5522922954174673
2,test,1457.310606060606,3.9898989898989896,0.5666666666666668,0.5509238595204574
2,test,1475.7575757575755,4.04040404040404,0.5666666666666668,0.5482803213215189
2,test,1494.2045454545453,4.090909090909091,0.5666666666666668,0.5435801952577731
2,test,1512.651515151515,4.141414141414141,0.5666666666666668,0.5408224211427044
2,test,1531.0984848484848,4.191919191919192,0.5666666666666668,0.5393757806501844
2,test,1549.5454545454545,4.242424242424242,0.5666666666666668,0.5379330900247936
2,test,1567.992424242424,4.292929292929292,0.5333333333333334,0.5346362723117798
2,test,1586.4393939393938,4.3434343434343425,0.5333333333333334,0.5316101915136475
2,test,1604.8863636363635,4.393939393939394,0.5333333333333334,0.5285830998180135
2,test,1623.3333333333333,4.444444444444445,0.5333333333333334,0.5231354130542312
2,test,1641.780303030303,4.494949494949495,0.5333333333333334,0.5193513230239017
2,test,1660.2272727272725,4.545454545454545,0.5333333333333334,0.5163018167278774
2,test,1678.6742424242423,4.595959595959595,0.5333333333333334,0.5111314695531946
2,test,1697.121212121212,4.646464646464646,0.5333333333333334,0.5096228441932
2,test,1715.5681818181818,4.696969696969697,0.5000000000000001,0.5081187646807642
2,test,1734.0151515151513,4.7474747474747465,0.5000000000000001,0.5051064070500908
2,test,1752.462121212121,4.797979797979798,0.5000000000000001,0.5015248629693375
2,test,1770.9090909090908,4.848484848484848,0.5000000000000001,0.4963379475992123
2,test,1789.3560606060605,4.898989898989899,0.5000000000000001,0.4938499491579398
2,test,1807.8030303030303,4.949494949494949,0.5000000000000001,0.49217943019101557
2,test,1826.25,5.0,0.5000000000000001,0.4907139768273022
3,train,0.0,0.0,1.0,1.0
3,train,18.446969696969695,0.050505050505050504,0.9873417721518988,0.9833676552756149
3,train,36.89393939393939,0.10101010101010101,0.9831223628691984,0.9794094687106627
3,train,55.340909090909086,0.1515151515151515,0.978902953586498,0.97492145737077
3,train,73.78787878787878,0.20202020202020202,0.9662447257383969,0.9660148377781256
3,train,92.23484848484847,0.2525252525252525,0.9662447257383969,0.9638579091975313
3,train,110.68181818181817,0.303030303030303,0.9620253164556964,0.9610266773127946
3,train,129.12878787878788,0.35353535353535354,0.957805907172996,0.955566294438279
3,train,147.57575757575756,0.40404040404040403,0.957805907172996,0.9502299048104668
3,train,166.02272727272725,0.4545454545454545,0.9451476793248946,0.9419845008446991
3,train,184.46969696969694,0.505050505050505,0.9409282700421943,0.9380504114263835
3,train,202.91666666666666,0.5555555555555556,0.9324894514767934,0.9315524787890269
3,train,221.36363636363635,0.606060606060606,0.9324894514767934,0.9289584738855496
3,train,239.81060606060603,0.6565656565656565,0.9240506329113927,0.922363225682924
3,train,258.25757575757575,0.7070707070707071,0.9156118143459919,0.915743733172318
3,train,276.70454545454544,0.7575757575757576,0.9156118143459919,0.9116521875145442
3,train,295.1515151515151,0.8080808080808081,0.8987341772151903,0.8982902392598346
3,train,313.5984848484848,0.8585858585858585,0.8734177215189878,0.8730000517389691
3,train,332.0454545454545,0.909090909090909,0.8649789029535869,0.8626551366791886
3,train,350.4924242424242,0.9595959595959594,0.8565400843881861,0.8530710549028363
3,train,368.9393939393939,1.01010101010101,0.8481012658227852,0.8446566215401324
3,train,387.3863636363636,1.0606060606060606,0.8312236286919835,0.8308619920283422
3,train,405.8333333333333,1.1111111111111112,0.827004219409283,0.8252192140728147
3,train,424.280303030303,1.1616161616161615,0.8101265822784814,0.8098770307823933
3,train,442.7272727272727,1.212121212121212,0.805907172995781,0.8036481125092663
3,train,461.1742424242424,1.2626262626262625,0.7974683544303801,0.7957444145714915
3,train,479.62121212121207,1.313131313131313,0.7932489451476796,0.791499749427556
3,train,498.06818181818176,1.3636363636363635,0.7932489451476796,0.7865009658006513
3,train,516.5151515151515,1.4141414141414141,0.7848101265822788,0.7818179739993587
3,train,534.9621212121211,1.4646464646464645,0.776371308016878,0.7759141572332195
3,train,553.4090909090909,1.5151515151515151,0.7721518987341776,0.7696067814995815
3,train,571.8560606060605,1.5656565656565653,0.7552742616033759,0.7550935537871005
3,train,590.3030303030303,1.6161616161616161,0.7552742616033759,0.7521092812452084
3,train,608.75,1.6666666666666667,0.7510548523206754,0.7495689875838575
3,train,627.1969696969696,1.717171717171717,0.7468354430379749,0.746670271659514
3,train,645.6439393939394,1.7676767676767677,0.7426160337552745,0.74019760659297
3,train,664.090909090909,1.818181818181818,0.7341772151898737,0.7331551306256661
3,train,682.5378787878788,1.8686868686868685,0.7341772151898737,0.7308727713592188
3,train,700.9848484848484,1.919191919191919,0.7215189873417722,0.7214238578350326
3,train,719.4318181818181,1.9696969696969695,0.708860759493671,0.7093436467725726
3,train,737.8787878787878,2.02020202020202,0.708860759493671,0.7078497362731897
3,train,756.3257575757575,2.0707070707070705,0.708860759493671,0.7063590397788464
3,train,774.7727272727273,2.121212121212121,0.7046413502109706,0.7044851520534252
3,train,793.2196969696969,2.1717171717171713,0.7046413502109706,0.7011195480561262
3,train,811.6666666666666,2.2222222222222223,0.7004219409282701,0.6972670670449159
3,train,830.1136363636363,2.2727272727272725,0.6962025316455698,0.6941712878307469
3,train,848.560606060606,2.323232323232323,0.6877637130801688,0.6876086629657729
3,train,867.0075757575756,2.3737373737373733,0.6835443037974684,0.679653333549237
3,train,885.4545454545454,2.424242424242424,0.6751054852320676,0.6748359017528128
3,train,903.9015151515151,2.4747474747474745,0.6751054852320676,0.6733987010309979
3,train,922.3484848484848,2.525252525252525,0.6751054852320676,0.6719646275216195
3,train,940.7954545454545,2.5757575757575757,0.6624472573839664,0.6622573488510741
3,train,959.2424242424241,2.626262626262626,0.6624472573839664,0.6592745587544767
3,train,977.6893939393939,2.6767676767676765,0.6540084388185656,0.653064343629211
3,train,996.1363636363635,2.727272727272727,0.6497890295358651,0.6466831353659429
3,train,1014.5833333333333,2.7777777777777777,0.6455696202531648,0.6445411338922484
3,train,1033.030303030303,2.8282828282828283,0.6455696202531648,0.6426455097033861
3,train,1051.4772727272727,2.878787878787879,0.6413502109704644,0.6394256328095465
3,train,1069.9242424242423,2.929292929292929,0.6329113924050636,0.6329743660128864
3,train,1088.371212121212,2.9797979797979797,0.6286919831223631,0.6271753751972142
3,train,1106.8181818181818,3.0303030303030303,0.6202531645569622,0.6199642745903108
3,train,1125.2651515151515,3.080808080808081,0.6075949367088608,0.6065279198852824
3,train,1143.712121212121,3.1313131313131306,0.6033755274261604,0.6025327937007321
3,train,1162.1590909090908,3.181818181818181,0.6033755274261604,0.6005468614019577
3,train,1180.6060606060605,3.2323232323232323,0.59915611814346,0.5971620958810745
3,train,1199.0530303030303,3.282828282828283,0.5864978902953588,0.5863249325790977
3,train,1217.5,3.3333333333333335,0.5822784810126584,0.5819306218813028
3,train,1235.9469696969695,3.383838383838383,0.578059071729958,0.5783037956424617
3,train,1254.3939393939393,3.434343434343434,0.5738396624472576,0.5743471853869491
3,train,1272.840909090909,3.4848484848484844,0.5738396624472576,0.5713500179654698
3,train,1291.2878787878788,3.5353535353535355,0.5654008438818567,0.5630418208095185
3,train,1309.7348484848483,3.585858585858585,0.5611814345991563,0.5589470042339699
3,train,1328.181818181818,3.636363636363636,0.5569620253164558,0.5564417521689485
3,train,1346.6287878787878,3.6868686868686864,0.5569620253164558,0.5544943480129909
3,train,1365.0757575757575,3.737373737373737,0.5527426160337554,0.5528061087701511
3,train,1383.5227272727273,3.7878787878787876,0.5527426160337554,0.5513320939357245
3,train,1401.9696969696968,3.838383838383838,0.5527426160337554,0.5498620971718611
3,train,1420.4166666666665,3.8888888888888884,0.5485232067510549,0.5484577780584459
3,train,1438.8636363636363,3.939393939393939,0.5485232067510549,0.5470870011071153
3,train,1457.310606060606,3.9898989898989896,0.5485232067510549,0.5457197267455408
3,train,1475.7575757575755,4.04040404040404,0.5443037974683546,0.5410133098572961
3,train,1494.2045454545453,4.090909090909091,0.5358649789029537,0.5362204657074294
3,train,1512.651515151515,4.141414141414141,0.5358649789029537,0.5350359091905544
3,train,1531.0984848484848,4.191919191919192,0.5358649789029537,0.5338540281457876
3,train,1549.5454545454545,4.242424242424242,0.5358649789029537,0.5326748164163474
3,train,1567.992424242424,4.292929292929292,0.527426160337553,0.5261021791450284
3,train,1586.4393939393938,4.3434343434343425,0.5232067510548525,0.5221682700141779
3,train,1604.8863636363635,4.393939393939394,0.5189873417721521,0.5194911424163912
3,train,1623.3333333333333,4.444444444444445,0.5189873417721521,0.5168853720535067
3,train,1641.780303030303,4.494949494949495,0.5147679324894516,0.5143583929507773
3,train,1660.2272727272725,4.545454545454545,0.5147679324894516,0.5119157272507164
3,train,1678.6742424242423,4.595959595959595,0.5105485232067511,0.5097931800192008
3,train,1697.121212121212,4.646464646464646,0.5105485232067511,0.5077868115521903
3,train,1715.5681818181818,4.696969696969697,0.5063291139240508,0.5032602894372766
3,train,1734.0151515151513,4.7474747474747465,0.5021097046413504,0.5015235293637634
3,train,1752.462121212121,4.797979797979798,0.5021097046413504,0.5001494402848141
3,train,1770.9090909090908,4.848484848484848,0.5021097046413504,0.4987792011838847
3,train,1789.3560606060605,4.898989898989899,0.49789029535865,0.49744209962166364
3,train,1807.8030303030303,4.949494949494949,0.49789029535865,0.49611454502414076
3,train,1826.25,5.0,0.49789029535865,0.4947906136399792
3,val,0.0,0.0,1.0,1.0
3,val,18.446969696969695,0.050505050505050504,1.0,0.9839624304797057
3,val,36.89393939393939,0.10101010101010101,1.0,0.9801444419427627
3,val,55.340909090909086,0.1515151515151515,1.0,0.9758147620726229
3,val,73.78787878787878,0.20202020202020202,1.0,0.9672203516210678
3,val,92.23484848484847,0.2525252525252525,1.0,0.9651386275646926
3,val,110.68181818181817,0.303030303030303,1.0,0.9624058706093304
3,val,129.12878787878788,0.35353535353535354,1.0,0.9571346356611588
3,val,147.57575757575756,0.40404040404040403,0.9666666666666667,0.9519821094446771
3,val,166.02272727272725,0.4545454545454545,0.9666666666666667,0.9440188600291964
3,val,184.46969696969694,0.505050505050505,0.9666666666666667,0.9402185585494817
3,val,202.91666666666666,0.5555555555555556,0.9333333333333333,0.9339404128809929
3,val,221.36363636363635,0.606060606060606,0.9333333333333333,0.9314337315392455
3,val,239.81060606060603,0.6565656565656565,0.9,0.9250594261468854
3,val,258.25757575757575,0.7070707070707071,0.9,0.9186601238456858
3,val,276.70454545454544,0.7575757575757576,0.9,0.9147038893520938
3,val,295.1515151515151,0.8080808080808081,0.9,0.9017795880124211
3,val,313.5984848484848,0.8585858585858585,0.9,0.877299614437219
3,val,332.0454545454545,0.909090909090909,0.9,0.867279135833914
3,val,350.4924242424242,0.9595959595959594,0.9,0.8579919400698912
3,val,368.9393939393939,1.01010101010101,0.8666666666666667,0.8498351980236473
3,val,387.3863636363636,1.0606060606060606,0.8666666666666667,0.8364569481963203
3,val,405.8333333333333,1.1111111111111112,0.8666666666666667,0.8309822884820531
3,val,424.280303030303,1.1616161616161615,0.8333333333333334,0.8160906271235256
3,val,442.7272727272727,1.212121212121212,0.8333333333333334,0.8100418409998795
3,val,461.1742424242424,1.2626262626262625,0.8333333333333334,0.8023643645698131
3,val,479.62121212121207,1.313131313131313,0.8333333333333334,0.798240100028844
3,val,498.06818181818176,1.3636363636363635,0.8333333333333334,0.7933821218141041
3,val,516.5151515151515,1.4141414141414141,0.8333333333333334,0.7888300662771717
3,val,534.9621212121211,1.4646464646464645,0.8333333333333334,0.7830899671356885
3,val,553.4090909090909,1.5151515151515151,0.8333333333333334,0.7769558190718368
3,val,571.8560606060605,1.5656565656565653,0.8333333333333334,0.762834504102979
3,val,590.3030303030303,1.6161616161616161,0.8333333333333334,0.7599296496861985
3,val,608.75,1.6666666666666667,0.8333333333333334,0.7574566416083801
3,val,627.1969696969696,1.717171717171717,0.8,0.7546343469504974
3,val,645.6439393939394,1.7676767676767677,0.7666666666666667,0.748330940541869
3,val,664.090909090909,1.818181818181818,0.7333333333333334,0.7414704310377073
3,val,682.5378787878788,1.8686868686868685,0.7333333333333334,0.7392465500405848
3,val,700.9848484848484,1.919191919191919,0.7333333333333334,0.7300371354160903
3,val,719.4318181818181,1.9696969696969695,0.7333333333333334,0.7182569413293722
3,val,737.8787878787878,2.02020202020202,0.7333333333333334,0.7167996451910741
3,val,756.3257575757575,2.0707070707070705,0.7333333333333334,0.7153453764593565
3,val,774.7727272727273,2.121212121212121,0.7333333333333334,0.7135171272412871
3,val,793.2196969696969,2.1717171717171713,0.7333333333333334,0.710233062434984
3,val,811.6666666666666,2.2222222222222223,0.7333333333333334,0.7064732347926762
3,val,830.1136363636363,2.2727272727272725,0.7333333333333334,0.703451379905664
3,val,848.560606060606,2.323232323232323,0.7333333333333334,0.6970438906956226
3,val,867.0075757575756,2.3737373737373733,0.7333333333333334,0.6892737239359226
3,val,885.4545454545454,2.424242424242424,0.7333333333333334,0.6845668600140945
3,val,903.9015151515151,2.4747474747474745,0.7333333333333334,0.6831624157692968
3,val,922.3484848484848,2.525252525252525,0.7333333333333334,0.6817609218296167
3,val,940.7954545454545,2.5757575757575757,0.7333333333333334,0.6722713807075779
3,val,959.2424242424241,2.626262626262626,0.7333333333333334,0.6693545097209379
3,val,977.6893939393939,2.6767676767676765,0.7333333333333334,0.6632800360379977
3,val,996.1363636363635,2.727272727272727,0.7000000000000001,0.6570361720499707
3,val,1014.5833333333333,2.7777777777777777,0.7000000000000001,0.6549397841658352
3,val,1033.030303030303,2.8282828282828283,0.6666666666666667,0.6530843206473603
3,val,1051.4772727272727,2.878787878787879,0.6666666666666667,0.6499322140437435
3,val,1069.9242424242423,2.929292929292929,0.6333333333333334,0.6436150292108853
3,val,1088.371212121212,2.9797979797979797,0.6333333333333334,0.6379346089272552
3,val,1106.8181818181818,3.0303030303030303,0.6333333333333334,0.6308683401546047
3,val,1125.2651515151515,3.080808080808081,0.6333333333333334,0.6176940001086972
3,val,1143.712121212121,3.1313131313131306,0.6333333333333334,0.6137747802543216
3,val,1162.1590909090908,3.181818181818181,0.6333333333333334,0.6118262348200485
3,val,1180.6060606060605,3.2323232323232323,0.6333333333333334,0.6085046587814921
3,val,1199.0530303030303,3.282828282828283,0.6333333333333334,0.5978652584832135
3,val,1217.5,3.3333333333333335,0.6333333333333334,0.5935491365889434
3,val,1235.9469696969695,3.383838383838383,0.6333333333333334,0.5899859627398212
3,val,1254.3939393939393,3.434343434343434,0.6333333333333334,0.5860978775674313
3,val,1272.840909090909,3.4848484848484844,0.6000000000000001,0.5831519784081445
3,val,1291.2878787878788,3.5353535353535355,0.6000000000000001,0.5749829837820687
3,val,1309.7348484848483,3.585858585858585,0.6000000000000001,0.5709551833794007
3,val,1328.181818181818,3.636363636363636,0.5666666666666668,0.5684904090756165
3,val,1346.6287878787878,3.6868686868686864,0.5666666666666668,0.5665741933544212
3,val,1365.0757575757575,3.737373737373737,0.5666666666666668,0.5649127956763229
3,val,1383.5227272727273,3.7878787878787876,0.5333333333333334,0.5634620668711229
3,val,1401.9696969696968,3.838383838383838,0.5000000000000001,0.562015153371677
3,val,1420.4166666666665,3.8888888888888884,0.5000000000000001,0.5606327558888198
3,val,1438.8636363636363,3.939393939393939,0.5000000000000001,0.5592832538129554
3,val,1457.310606060606,3.9898989898989896,0.5000000000000001,0.557937078417735
3,val,1475.7575757575755,4.04040404040404,0.5000000000000001,0.553302355284535
3,val,1494.2045454545453,4.090909090909091,0.5000000000000001,0.5485810243947665
3,val,1512.651515151515,4.141414141414141,0.5000000000000001,0.5474139078947478
3,val,1531.0984848484848,4.191919191919192,0.5000000000000001,0.5462493343581465
3,val,1549.5454545454545,4.242424242424242,0.5000000000000001,0.5450872981178054
3,val,1567.992424242424,4.292929292929292,0.5000000000000001,0.5386086814680112
3,val,1586.4393939393938,4.3434343434343425,0.5000000000000001,0.5347296464709639
3,val,1604.8863636363635,4.393939393939394,0.5000000000000001,0.5320892570410636
3,val,1623.3333333333333,4.444444444444445,0.5000000000000001,0.5295187718210651
3,val,1641.780303030303,4.494949494949495,0.5000000000000001,0.5270255619974197
3,val,1660.2272727272725,4.545454545454545,0.5000000000000001,0.5246151163612713
3,val,1678.6742424242423,4.595959595959595,0.5000000000000001,0.5225202276594701
3,val,1697.121212121212,4.646464646464646,0.5000000000000001,0.5205397125954342
3,val,1715.5681818181818,4.696969696969697,0.5000000000000001,0.5160704715313176
3,val,1734.0151515151513,4.7474747474747465,0.5000000000000001,0.514355302134544
3,val,1752.462121212121,4.797979797979798,0.5000000000000001,0.5129981421260829
3,val,1770.9090909090908,4.848484848484848,0.5000000000000001,0.5116446495876684
3,val,1789.3560606060605,4.898989898989899,0.5000000000000001,0.5103237591618798
3,val,1807.8030303030303,4.949494949494949,0.5000000000000001,0.5090121721068731
3,val,1826.25,5.0,0.5000000000000001,0.5077040374371202
3,test,0.0,0.0,1.0,1.0
3,test,18.446969696969695,0.050505050505050504,1.0,0.9828294669983282
3,test,36.89393939393939,0.10101010101010101,1.0,0.9787446199924932
3,test,55.340909090909086,0.1515151515151515,1.0,0.9741136591988677
3,test,73.78787878787878,0.20202020202020202,1.0,0.9649254569714394
3,test,92.23484848484847,0.2525252525252525,1.0,0.9627007605343334
3,test,110.68181818181817,0.303030303030303,1.0,0.9597808268299988
3,test,129.12878787878788,0.35353535353535354,1.0,0.9541501814460555
3,test,147.57575757575756,0.40404040404040403,1.0,0.9486484311617568
3,test,166.02272727272725,0.4545454545454545,1.0,0.9401495498887279
3,test,184.46969696969694,0.505050505050505,1.0,0.936095392208056
3,test,202.91666666666666,0.5555555555555556,1.0,0.9294003847673515
3,test,221.36363636363635,0.606060606060606,1.0,0.9267281407305059
3,test,239.81060606060603,0.6565656565656565,1.0,0.9199350913446321
3,test,258.25757575757575,0.7070707070707071,1.0,0.9131186983715722
3,test,276.70454545454544,0.7575757575757576,1.0,0.9089062680033808
3,test,295.1515151515151,0.8080808080808081,1.0,0.895153945545067
3,test,313.5984848484848,0.8585858585858585,1.0,0.8691436470737641
3,test,332.0454545454545,0.909090909090909,1.0,0.8585113718486793
3,test,350.4924242424242,0.9595959595959594,0.9666666666666667,0.8486648584397004
3,test,368.9393939393939,1.01010101010101,0.9333333333333333,0.840023061818714
3,test,387.3863636363636,1.0606060606060606,0.9333333333333333,0.8258619202512488
3,test,405.8333333333333,1.1111111111111112,0.9333333333333333,0.8200714720309326
3,test,424.280303030303,1.1616161616161615,0.9333333333333333,0.8043344939796288
3,test,442.7272727272727,1.212121212121212,0.9333333333333333,0.7979481187879643
3,test,461.1742424242424,1.2626262626262625,0.9333333333333333,0.7898470085490706
3,test,479.62121212121207,1.313131313131313,0.9333333333333333,0.7854974306330331
3,test,498.06818181818176,1.3636363636363635,0.9333333333333333,0.7803760941803742
3,test,516.5151515151515,1.4141414141414141,0.9333333333333333,0.7755792776174706
3,test,534.9621212121211,1.4646464646464645,0.9333333333333333,0.7695333307126565
3,test,553.4090909090909,1.5151515151515151,0.9333333333333333,0.7630758071304443
3,test,571.8560606060605,1.5656565656565653,0.9333333333333333,0.7482238263654718
3,test,590.3030303030303,1.6161616161616161,0.9333333333333333,0.7451710738516975
3,test,608.75,1.6666666666666667,0.9333333333333333,0.7425728069460259
3,test,627.1969696969696,1.717171717171717,0.9,0.7396082974671393
3,test,645.6439393939394,1.7676767676767677,0.9,0.7329901091702562
3,test,664.090909090909,1.818181818181818,0.9,0.725791495838794
3,test,682.5378787878788,1.8686868686868685,0.9,0.7234590294625057
3,test,700.9848484848484,1.919191919191919,0.9,0.7138052714814546
3,test,719.4318181818181,1.9696969696969695,0.9,0.7014693322343415
3,test,737.8787878787878,2.02020202020202,0.9,0.6999442822443097
3,test,756.3257575757575,2.0707070707070705,0.9,0.6984226204777241
3,test,774.7727272727273,2.121212121212121,0.8333333333333334,0.6965099599835106
3,test,793.2196969696969,2.1717171717171713,0.8,0.6930751452418014
3,test,811.6666666666666,2.2222222222222223,0.7666666666666667,0.6891441178570183
3,test,830.1136363636363,2.2727272727272725,0.7666666666666667,0.685985746165065
3,test,848.560606060606,2.323232323232323,0.7666666666666667,0.6792919932592106
3,test,867.0075757575756,2.3737373737373733,0.7333333333333334,0.6711805731446948
3,test,885.4545454545454,2.424242424242424,0.7333333333333334,0.6662701594411634
3,test,903.9015151515151,2.4747474747474745,0.7333333333333334,0.6648054456819708
3,test,922.3484848484848,2.525252525252525,0.6666666666666667,0.6633440231678204
3,test,940.7954545454545,2.5757575757575757,0.6666666666666667,0.6534543711134423
3,test,959.2424242424241,2.626262626262626,0.6666666666666667,0.6504165125349196
3,test,977.6893939393939,2.6767676767676765,0.6666666666666667,0.6440931206328827
3,test,996.1363636363635,2.727272727272727,0.6666666666666667,0.6375977136349319
3,test,1014.5833333333333,2.7777777777777777,0.6333333333333334,0.635417858044457
3,test,1033.030303030303,2.8282828282828283,0.6333333333333334,0.6334889358046871
3,test,1051.4772727272727,2.878787878787879,0.6333333333333334,0.6302129356954358
3,test,1069.9242424242423,2.929292929292929,0.6333333333333334,0.6236508842115034
3,test,1088.371212121212,2.9797979797979797,0.6333333333333334,0.6177542177477361
3,test,1106.8181818181818,3.0303030303030303,0.6333333333333334,0.6104242013304204
3,test,1125.2651515151515,3.080808080808081,0.6333333333333334,0.5967739016818591
3,test,1143.712121212121,3.1313131313131306,0.6333333333333334,0.5927171018734493
3,test,1162.1590909090908,3.181818181818181,0.6333333333333334,0.5907008466459988
3,test,1180.6060606060605,3.2323232323232323,0.6333333333333334,0.5872649138608874
3,test,1199.0530303030303,3.282828282828283,0.6333333333333334,0.5762683244197441
3,test,1217.5,3.3333333333333335,0.6333333333333334,0.5718112983780494
3,test,1235.9469696969695,3.383838383838383,0.6333333333333334,0.5681335577139502
3,test,1254.3939393939393,3.434343434343434,0.6333333333333334,0.5641222832966835
3,test,1272.840909090909,3.4848484848484844,0.6333333333333334,0.5610843220763245
3,test,1291.2878787878788,3.5353535353535355,0.6333333333333334,0.5526658384527001
3,test,1309.7348484848483,3.585858585858585,0.6333333333333334,0.5485181899466627
3,test,1328.181818181818,3.636363636363636,0.6000000000000001,0.54598111527828
3,test,1346.6287878787878,3.6868686868686864,0.6000000000000001,0.5440092382832892
3,test,1365.0757575757575,3.737373737373737,0.6000000000000001,0.5422999704839603
3,test,1383.5227272727273,3.7878787878787876,0.6000000000000001,0.5408077381782468
3,test,1401.9696969696968,3.838383838383838,0.6000000000000001,0.5393197064736419
3,test,1420.4166666666665,3.8888888888888884,0.6000000000000001,0.5378982824429982
3,test,1438.8636363636363,3.939393939393939,0.6000000000000001,0.5365109265073055
3,test,1457.310606060606,3.9898989898989896,0.6000000000000001,0.5351272313240365
3,test,1475.7575757575755,4.04040404040404,0.6000000000000001,0.5303651789620204
3,test,1494.2045454545453,4.090909090909091,0.6000000000000001,0.5255171013016722
3,test,1512.651515151515,4.141414141414141,0.5666666666666668,0.5243191165802662
3,test,1531.0984848484848,4.191919191919192,0.5666666666666668,0.5231239260513526
3,test,1549.5454545454545,4.242424242424242,0.5666666666666668,0.5219315230776388
3,test,1567.992424242424,4.292929292929292,0.5666666666666668,0.5152869834316787
3,test,1586.4393939393938,4.3434343434343425,0.5666666666666668,0.5113113641935971
3,test,1604.8863636363635,4.393939393939394,0.5666666666666668,0.5086064239600584
3,test,1623.3333333333333,4.444444444444445,0.5333333333333334,0.5059740298656417
3,test,1641.780303030303,4.494949494949495,0.5333333333333334,0.503421655808911
3,test,1660.2272727272725,4.545454545454545,0.5000000000000001,0.5009548409336578
3,test,1678.6742424242423,4.595959595959595,0.5000000000000001,0.4988116288302333
3,test,1697.121212121212,4.646464646464646,0.5000000000000001,0.4967860008576919
3,test,1715.5681818181818,4.696969696969697,0.5000000000000001,0.49221701219525943
3,test,1734.0151515151513,4.7474747474747465,0.5000000000000001,0.49046432234116805
3,test,1752.462121212121,4.797979797979798,0.4666666666666668,0.48907777368535044
3,test,1770.9090909090908,4.848484848484848,0.43333333333333346,0.4876952367295767
3,test,1789.3560606060605,4.898989898989899,0.43333333333333346,0.4863462571187055
3,test,1807.8030303030303,4.949494949494949,0.43333333333333346,0.4850070292010776
3,test,1826.25,5.0,0.40000000000000013,0.4836715756629946
4,train,0.0,0.0,1.0,1.0
4,train,18.446969696969695,0.050505050505050504,0.9873417721518988,0.9833560474513302
4,train,36.89393939393939,0.10101010101010101,0.9831223628691984,0.979395550146482
4,train,55.340909090909086,0.1515151515151515,0.978902953586498,0.9749062738746977
4,train,73.78787878787878,0.20202020202020202,0.9662447257383969,0.9659968925368781
4,train,92.23484848484847,0.2525252525252525,0.9662447257383969,0.9638381699861219
4,train,110.68181818181817,0.303030303030303,0.9620253164556964,0.9614385951908061
4,train,129.12878787878788,0.35353535353535354,0.9620253164556964,0.9580628286291248
4,train,147.57575757575756,0.40404040404040403,0.957805907172996,0.9542025110506783
4,train,166.02272727272725,0.4545454545454545,0.949367088607595,0.9461506983797574
4,train,184.46969696969694,0.505050505050505,0.9451476793248945,0.9420610717514659
4,train,202.91666666666666,0.5555555555555556,0.9324894514767933,0.9315213204541902
4,train,221.36363636363635,0.606060606060606,0.9324894514767933,0.9289319909136913
4,train,239.81060606060603,0.6565656565656565,0.9198312236286922,0.9182550598399458
4,train,258.25757575757575,0.7070707070707071,0.9156118143459918,0.9157422662428006
4,train,276.70454545454544,0.7575757575757576,0.9156118143459918,0.9125049326310262
4,train,295.1515151515151,0.8080808080808081,0.9029535864978906,0.9025173557045508
4,train,313.5984848484848,0.8585858585858585,0.8818565400843885,0.8814722859232648
4,train,332.0454545454545,0.909090909090909,0.8734177215189877,0.8711384948084072
4,train,350.4924242424242,0.9595959595959594,0.8649789029535868,0.8620999325434431
4,train,368.9393939393939,1.01010101010101,0.8481012658227851,0.8464204100432736
4,train,387.3863636363636,1.0606060606060606,0.8354430379746838,0.8351718661385379
4,train,405.8333333333333,1.1111111111111112,0.8312236286919833,0.8303090481111653
4,train,424.280303030303,1.1616161616161615,0.8143459915611817,0.8141736131563851
4,train,442.7272727272727,1.212121212121212,0.8101265822784812,0.8082243662297705
4,train,461.1742424242424,1.2626262626262625,0.8059071729957807,0.8046407519101585
4,train,479.62121212121207,1.313131313131313,0.8059071729957807,0.8016562281680539
4,train,498.06818181818176,1.3636363636363635,0.8059071729957807,0.7986827901850938
4,train,516.5151515151515,1.4141414141414141,0.7974683544303799,0.7945391488443965
4,train,534.9621212121211,1.4646464646464645,0.7890295358649789,0.788637100179154
4,train,553.4090909090909,1.5151515151515151,0.7848101265822784,0.7823289062248092
4,train,571.8560606060605,1.5656565656565653,0.7679324894514769,0.7680635136952088
4,train,590.3030303030303,1.6161616161616161,0.7679324894514769,0.7662963151744394
4,train,608.75,1.6666666666666667,0.7679324894514769,0.7645331885197268
4,train,627.1969696969696,1.717171717171717,0.7552742616033757,0.754124871346543
4,train,645.6439393939394,1.7676767676767677,0.7468354430379748,0.7445011305596495
4,train,664.090909090909,1.818181818181818,0.7426160337552744,0.7415990418121681
4,train,682.5378787878788,1.8686868686868685,0.7426160337552744,0.7393811258217268
4,train,700.9848484848484,1.919191919191919,0.7299578059071731,0.729946727799453
4,train,719.4318181818181,1.9696969696969695,0.7215189873417721,0.7220731094198913
4,train,737.8787878787878,2.02020202020202,0.7215189873417721,0.7203042651481727
4,train,756.3257575757575,2.0707070707070705,0.7215189873417721,0.718539760181566
4,train,774.7727272727273,2.121212121212121,0.7130801687763714,0.7132223295739246
4,train,793.2196969696969,2.1717171717171713,0.7088607594936709,0.7059216180941585
4,train,811.6666666666666,2.2222222222222223,0.7046413502109705,0.7015432943092181
4,train,830.1136363636363,2.2727272727272725,0.70042194092827,0.6984386687616088
4,train,848.560606060606,2.323232323232323,0.6919831223628692,0.691854472263329
4,train,867.0075757575756,2.3737373737373733,0.6835443037974684,0.6831418211170744
4,train,885.4545454545454,2.424242424242424,0.679324894514768,0.6787359580864291
4,train,903.9015151515151,2.4747474747474745,0.679324894514768,0.676885317365956
4,train,922.3484848484848,2.525252525252525,0.6708860759493671,0.6695060634556229
4,train,940.7954545454545,2.5757575757575757,0.6624472573839663,0.6624660345087585
4,train,959.2424242424241,2.626262626262626,0.6624472573839663,0.6603625886480934
4,train,977.6893939393939,2.6767676767676765,0.6582278481012659,0.6565093365409873
4,train,996.1363636363635,2.727272727272727,0.649789029535865,0.6465916511787156
4,train,1014.5833333333333,2.7777777777777777,0.6413502109704643,0.6405436314292317
4,train,1033.030303030303,2.8282828282828283,0.6371308016877639,0.6370994940612383
4,train,1051.4772727272727,2.878787878787879,0.6329113924050634,0.6308967855258469
4,train,1069.9242424242423,2.929292929292929,0.628691983122363,0.6275419511767326
4,train,1088.371212121212,2.9797979797979797,0.6244725738396626,0.6228620433315563
4,train,1106.8181818181818,3.0303030303030303,0.6160337552742616,0.615638256544131
4,train,1125.2651515151515,3.080808080808081,0.6033755274261603,0.6021722895665566
4,train,1143.712121212121,3.1313131313131306,0.5991561181434599,0.5981671177684672
4,train,1162.1590909090908,3.181818181818181,0.5991561181434599,0.5961749016295469
4,train,1180.6060606060605,3.2323232323232323,0.5949367088607596,0.5927812996829771
4,train,1199.0530303030303,3.282828282828283,0.5864978902953587,0.5853965820344038
4,train,1217.5,3.3333333333333335,0.5822784810126583,0.5823292884822457
4,train,1235.9469696969695,3.383838383838383,0.5822784810126583,0.5804291461527206
4,train,1254.3939393939393,3.434343434343434,0.5780590717299579,0.5783908495856285
4,train,1272.840909090909,3.4848484848484844,0.5780590717299579,0.5753959969508502
4,train,1291.2878787878788,3.5353535353535355,0.5696202531645571,0.567097170219814
4,train,1309.7348484848483,3.585858585858585,0.5654008438818566,0.5628441317739714
4,train,1328.181818181818,3.636363636363636,0.5569620253164557,0.5569710218412373
4,train,1346.6287878787878,3.6868686868686864,0.5569620253164557,0.5559837500146186
4,train,1365.0757575757575,3.737373737373737,0.5569620253164557,0.5549982307495707
4,train,1383.5227272727273,3.7878787878787876,0.5569620253164557,0.5540144609307692
4,train,1401.9696969696968,3.838383838383838,0.5527426160337553,0.5510488541207178
4,train,1420.4166666666665,3.8888888888888884,0.5485232067510548,0.5483113613210554
4,train,1438.8636363636363,3.939393939393939,0.5485232067510548,0.5469433785702623
4,train,1457.310606060606,3.9898989898989896,0.5485232067510548,0.5455788137762287
4,train,1475.7575757575755,4.04040404040404,0.5443037974683544,0.54088093410242
4,train,1494.2045454545453,4.090909090909091,0.540084388185654,0.5374418971283069
4,train,1512.651515151515,4.141414141414141,0.5358649789029536,0.5354924817223881
4,train,1531.0984848484848,4.191919191919192,0.5358649789029536,0.5340481544364726
4,train,1549.5454545454545,4.242424242424242,0.5358649789029536,0.5326077284672607
4,train,1567.992424242424,4.292929292929292,0.5274261603375529,0.5259974770855362
4,train,1586.4393939393938,4.3434343434343425,0.5232067510548524,0.5220694375382491
4,train,1604.8863636363635,4.393939393939394,0.518987341772152,0.5195207725593319
4,train,1623.3333333333333,4.444444444444445,0.518987341772152,0.5181497622973449
4,train,1641.780303030303,4.494949494949495,0.518987341772152,0.5167823754083728
4,train,1660.2272727272725,4.545454545454545,0.5147679324894515,0.5152425019070722
4,train,1678.6742424242423,4.595959595959595,0.510548523206751,0.509722255066261
4,train,1697.121212121212,4.646464646464646,0.510548523206751,0.5077238977222182
4,train,1715.5681818181818,4.696969696969697,0.5063291139240507,0.5032164166462202
4,train,1734.0151515151513,4.7474747474747465,0.5021097046413503,0.4998708516630572
4,train,1752.462121212121,4.797979797979798,0.49789029535864987,0.49630790734062236
4,train,1770.9090909090908,4.848484848484848,0.49367088607594944,0.4911522281649905
4,train,1789.3560606060605,4.898989898989899,0.489451476793249,0.4886803664883338
4,train,1807.8030303030303,4.949494949494949,0.489451476793249,0.4870207265983447
4,train,1826.25,5.0,0.4852320675105486,0.48556495825983265
4,val,0.0,0.0,1.0,1.0
4,val,18.446969696969695,0.050505050505050504,1.0,0.9834178603949865
4,val,36.89393939393939,0.10101010101010101,1.0,0.9794719329965511
4,val,55.340909090909086,0.1515151515151515,1.0,0.9749991067998821
4,val,73.78787878787878,0.20202020202020202,1.0,0.9661221658970882
4,val,92.23484848484847,0.2525252525252525,1.0,0.9639712620602297
4,val,110.68181818181817,0.303030303030303,1.0,0.9615803592153376
4,val,129.12878787878788,0.35353535353535354,1.0,0.9582167583475848
4,val,147.57575757575756,0.40404040404040403,1.0,0.9543703035654576
4,val,166.02272727272725,0.4545454545454545,0.9666666666666667,0.9463472360478918
4,val,184.46969696969694,0.505050505050505,0.9666666666666667,0.9422721210577126
4,val,202.91666666666666,0.5555555555555556,0.9666666666666667,0.9317694919879621
4,val,221.36363636363635,0.606060606060606,0.9666666666666667,0.9291892208653094
4,val,239.81060606060603,0.6565656565656565,0.9666666666666667,0.9185493828854331
4,val,258.25757575757575,0.7070707070707071,0.9333333333333333,0.9160452581516008
4,val,276.70454545454544,0.7575757575757576,0.9333333333333333,0.9128190585427951
4,val,295.1515151515151,0.8080808080808081,0.9,0.9028655854232173
4,val,313.5984848484848,0.8585858585858585,0.9,0.8818911430647535
4,val,332.0454545454545,0.909090909090909,0.9,0.8715914091026197
4,val,350.4924242424242,0.9595959595959594,0.8666666666666667,0.8625822930130951
4,val,368.9393939393939,1.01010101010101,0.8666666666666667,0.8469530827366566
4,val,387.3863636363636,1.0606060606060606,0.8666666666666667,0.8357400223929294
4,val,405.8333333333333,1.1111111111111112,0.8666666666666667,0.8308923839763769
4,val,424.280303030303,1.1616161616161615,0.8666666666666667,0.8148066141631649
4,val,442.7272727272727,1.212121212121212,0.8666666666666667,0.8088754032838598
4,val,461.1742424242424,1.2626262626262625,0.8666666666666667,0.8053025806721424
4,val,479.62121212121207,1.313131313131313,0.8666666666666667,0.802327002655494
4,val,498.06818181818176,1.3636363636363635,0.8666666666666667,0.7993624391549647
4,val,516.5151515151515,1.4141414141414141,0.8666666666666667,0.7952311012898097
4,val,534.9621212121211,1.4646464646464645,0.8666666666666667,0.7893464486323425
4,val,553.4090909090909,1.5151515151515151,0.8666666666666667,0.7830566794181861
4,val,571.8560606060605,1.5656565656565653,0.8666666666666667,0.7688323030909994
4,val,590.3030303030303,1.6161616161616161,0.8666666666666667,0.7670701222750346
4,val,608.75,1.6666666666666667,0.8333333333333334,0.7653119877183132
4,val,627.1969696969696,1.717171717171717,0.8333333333333334,0.7549328527336043
4,val,645.6439393939394,1.7676767676767677,0.8333333333333334,0.7453356517003884
4,val,664.090909090909,1.818181818181818,0.7666666666666667,0.7424414817288384
4,val,682.5378787878788,1.8686868686868685,0.7666666666666667,0.7402295910807424
4,val,700.9848484848484,1.919191919191919,0.7666666666666667,0.7308205641048021
4,val,719.4318181818181,1.9696969696969695,0.7333333333333334,0.7229677951476021
4,val,737.8787878787878,2.02020202020202,0.7333333333333334,0.7212035938006048
4,val,756.3257575757575,2.0707070707070705,0.7333333333333334,0.7194437052962777
4,val,774.7727272727273,2.121212121212121,0.7333333333333334,0.7141400951892981
4,val,793.2196969696969,2.1717171717171713,0.7333333333333334,0.7068581335352945
4,val,811.6666666666666,2.2222222222222223,0.7000000000000001,0.7024909280089787
4,val,830.1136363636363,2.2727272727272725,0.7000000000000001,0.6993941285072603
4,val,848.560606060606,2.323232323232323,0.7000000000000001,0.6928263693471803
4,val,867.0075757575756,2.3737373737373733,0.7000000000000001,0.6841351318134627
4,val,885.4545454545454,2.424242424242424,0.7000000000000001,0.6797399494663269
4,val,903.9015151515151,2.4747474747474745,0.7000000000000001,0.677893765200277
4,val,922.3484848484848,2.525252525252525,0.7000000000000001,0.6705321039838115
4,val,940.7954545454545,2.5757575757575757,0.7000000000000001,0.663508592815626
4,val,959.2424242424241,2.626262626262626,0.7000000000000001,0.6614100313022809
4,val,977.6893939393939,2.6767676767676765,0.7000000000000001,0.6575656655312109
4,val,996.1363636363635,2.727272727272727,0.7000000000000001,0.6476704849072877
4,val,1014.5833333333333,2.7777777777777777,0.7000000000000001,0.6416359263725794
4,val,1033.030303030303,2.8282828282828283,0.7000000000000001,0.6381993647740338
4,val,1051.4772727272727,2.878787878787879,0.7000000000000001,0.6320101337017038
4,val,1069.9242424242423,2.929292929292929,0.7000000000000001,0.6286624991718025
4,val,1088.371212121212,2.9797979797979797,0.7000000000000001,0.6239925288327284
4,val,1106.8181818181818,3.0303030303030303,0.7000000000000001,0.6167838365829267
4,val,1125.2651515151515,3.080808080808081,0.7000000000000001,0.6033452023934042
4,val,1143.712121212121,3.1313131313131306,0.7000000000000001,0.5993479548852594
4,val,1162.1590909090908,3.181818181818181,0.7000000000000001,0.5973596449027186
4,val,1180.6060606060605,3.2323232323232323,0.7000000000000001,0.5939726422433724
4,val,1199.0530303030303,3.282828282828283,0.6666666666666667,0.586602045522561
4,val,1217.5,3.3333333333333335,0.6666666666666667,0.5835405198504706
4,val,1235.9469696969695,3.383838383838383,0.6666666666666667,0.5816439217514261
4,val,1254.3939393939393,3.434343434343434,0.6666666666666667,0.5796094024301622
4,val,1272.840909090909,3.4848484848484844,0.6333333333333334,0.5766200531321599
4,val,1291.2878787878788,3.5353535353535355,0.6333333333333334,0.5683361844413951
4,val,1309.7348484848483,3.585858585858585,0.6333333333333334,0.5640906438636318
4,val,1328.181818181818,3.636363636363636,0.6000000000000001,0.5582276985445025
4,val,1346.6287878787878,3.6868686868686864,0.6000000000000001,0.557242113669936
4,val,1365.0757575757575,3.737373737373737,0.5666666666666668,0.5562582720941668
4,val,1383.5227272727273,3.7878787878787876,0.5333333333333334,0.5552761707282431
4,val,1401.9696969696968,3.838383838383838,0.5333333333333334,0.5523155555650517
4,val,1420.4166666666665,3.8888888888888884,0.5333333333333334,0.5495826196288126
4,val,1438.8636363636363,3.939393939393939,0.5333333333333334,0.5482168956673596
4,val,1457.310606060606,3.9898989898989896,0.5333333333333334,0.546854571776821
4,val,1475.7575757575755,4.04040404040404,0.5333333333333334,0.5421643130331213
4,val,1494.2045454545453,4.090909090909091,0.5333333333333334,0.5387307619477552
4,val,1512.651515151515,4.141414141414141,0.5333333333333334,0.5367844210843297
4,val,1531.0984848484848,4.191919191919192,0.5333333333333334,0.5353423552656943
4,val,1549.5454545454545,4.242424242424242,0.5333333333333334,0.5339041706466475
4,val,1567.992424242424,4.292929292929292,0.5333333333333334,0.5273040244347919
4,val,1586.4393939393938,4.3434343434343425,0.5333333333333334,0.5233818480671716
4,val,1604.8863636363635,4.393939393939394,0.5333333333333334,0.5208369303348191
4,val,1623.3333333333333,4.444444444444445,0.5000000000000001,0.5194679171750716
4,val,1641.780303030303,4.494949494949495,0.5000000000000001,0.518102509056322
4,val,1660.2272727272725,4.545454545454545,0.5000000000000001,0.5165648482787826
4,val,1678.6742424242423,4.595959595959595,0.5000000000000001,0.5110523966514828
4,val,1697.121212121212,4.646464646464646,0.5000000000000001,0.5090568080082007
4,val,1715.5681818181818,4.696969696969697,0.5000000000000001,0.5045554672382714
4,val,1734.0151515151513,4.7474747474747465,0.5000000000000001,0.5012143652108881
4,val,1752.462121212121,4.797979797979798,0.5000000000000001,0.49765608451261406
4,val,1770.9090909090908,4.848484848484848,0.5000000000000001,0.4925069891601456
4,val,1789.3560606060605,4.898989898989899,0.5000000000000001,0.49003821445259715
4,val,1807.8030303030303,4.949494949494949,0.5000000000000001,0.4883806217013263
4,val,1826.25,5.0,0.5000000000000001,0.4869266320964509
4,test,0.0,0.0,1.0,1.0
4,test,18.446969696969695,0.050505050505050504,1.0,0.983239434148295
4,test,36.89393939393939,0.10101010101010101,1.0,0.9792514542732424
4,test,55.340909090909086,0.1515151515151515,1.0,0.9747311509614699
4,test,73.78787878787878,0.20202020202020202,1.0,0.9657605889476665
4,test,92.23484848484847,0.2525252525252525,1.0,0.9635871220485811
4,test,110.68181818181817,0.303030303030303,1.0,0.9611711944727949
4,test,129.12878787878788,0.35353535353535354,0.9666666666666667,0.9577724879812599
4,test,147.57575757575756,0.40404040404040403,0.9666666666666667,0.9538860318604734
4,test,166.02272727272725,0.4545454545454545,0.9666666666666667,0.9457800248023399
4,test,184.46969696969694,0.505050505050505,0.9666666666666667,0.9416630414449663
4,test,202.91666666666666,0.5555555555555556,0.9666666666666667,0.9310533170919801
4,test,221.36363636363635,0.606060606060606,0.9666666666666667,0.9284469148192375
4,test,239.81060606060603,0.6565656565656565,0.9666666666666667,0.917700080587969
4,test,258.25757575757575,0.7070707070707071,0.9666666666666667,0.9151709520046922
4,test,276.70454545454544,0.7575757575757576,0.9666666666666667,0.9119126392716184
4,test,295.1515151515151,0.8080808080808081,0.9666666666666667,0.9018608096944509
4,test,313.5984848484848,0.8585858585858585,0.9333333333333333,0.8806827104509044
4,test,332.0454545454545,0.909090909090909,0.9333333333333333,0.8702847887570321
4,test,350.4924242424242,0.9595959595959594,0.9333333333333333,0.8611907879471825
4,test,368.9393939393939,1.01010101010101,0.9333333333333333,0.8454165631132925
4,test,387.3863636363636,1.0606060606060606,0.9,0.8341012451322402
4,test,405.8333333333333,1.1111111111111112,0.9,0.8292098658996602
4,test,424.280303030303,1.1616161616161615,0.8666666666666667,0.8129810018859537
4,test,442.7272727272727,1.212121212121212,0.8666666666666667,0.8069978330855186
4,test,461.1742424242424,1.2626262626262625,0.8333333333333334,0.803393923791857
4,test,479.62121212121207,1.313131313131313,0.8,0.8003925777243158
4,test,498.06818181818176,1.3636363636363635,0.8,0.7974024523637427
4,test,516.5151515151515,1.4141414141414141,0.8,0.7932356774696241
4,test,534.9621212121211,1.4646464646464645,0.8,0.7873009233102739
4,test,553.4090909090909,1.5151515151515151,0.8,0.7809580940383999
4,test,571.8560606060605,1.5656565656565653,0.8,0.7666156143440809
4,test,590.3030303030303,1.6161616161616161,0.8,0.7648389869617035
4,test,608.75,1.6666666666666667,0.8,0.7630664799112485
4,test,627.1969696969696,1.717171717171717,0.8,0.7526033350373598
4,test,645.6439393939394,1.7676767676767677,0.8,0.7429297419218951
4,test,664.090909090909,1.818181818181818,0.8,0.740012780570369
4,test,682.5378787878788,1.8686868686868685,0.8,0.7377835487579628
4,test,700.9848484848484,1.919191919191919,0.8,0.7283015091365556
4,test,719.4318181818181,1.9696969696969695,0.8,0.7203887475244614
4,test,737.8787878787878,2.02020202020202,0.8,0.7186111874778528
4,test,756.3257575757575,2.0707070707070705,0.8,0.7168380167678027
4,test,774.7727272727273,2.121212121212121,0.7666666666666667,0.7114946453005112
4,test,793.2196969696969,2.1717171717171713,0.7666666666666667,0.7041587459508091
4,test,811.6666666666666,2.2222222222222223,0.7666666666666667,0.6997595594169823
4,test,830.1136363636363,2.2727272727272725,0.7666666666666667,0.6966402500986454
4,test,848.560606060606,2.323232323232323,0.7666666666666667,0.690025216401385
4,test,867.0075757575756,2.3737373737373733,0.7666666666666667,0.6812724000285109
4,test,885.4545454545454,2.424242424242424,0.7333333333333334,0.6768465067403778
4,test,903.9015151515151,2.4747474747474745,0.7333333333333334,0.6749875091862539
4,test,922.3484848484848,2.525252525252525,0.7333333333333334,0.667575269085576
4,test,940.7954545454545,2.5757575757575757,0.7000000000000001,0.6605042753622766
4,test,959.2424242424241,2.626262626262626,0.7000000000000001,0.6583916742795257
4,test,977.6893939393939,2.6767676767676765,0.6666666666666667,0.6545217669849175
4,test,996.1363636363635,2.727272727272727,0.6666666666666667,0.644561910294233
4,test,1014.5833333333333,2.7777777777777777,0.6666666666666667,0.6384886715247087
4,test,1033.030303030303,2.8282828282828283,0.6666666666666667,0.635030343244597
4,test,1051.4772727272727,2.878787878787879,0.6666666666666667,0.6288023923869885
4,test,1069.9242424242423,2.929292929292929,0.6000000000000001,0.6254340752479907
4,test,1088.371212121212,2.9797979797979797,0.6000000000000001,0.6207355601709056
4,test,1106.8181818181818,3.0303030303030303,0.6000000000000001,0.6134835152878949
4,test,1125.2651515151515,3.080808080808081,0.6000000000000001,0.5999663964998405
4,test,1143.712121212121,3.1313131313131306,0.6000000000000001,0.5959463992224409
4,test,1162.1590909090908,3.181818181818181,0.6000000000000001,0.593946875854888
4,test,1180.6060606060605,3.2323232323232323,0.6000000000000001,0.5905409298239076
4,test,1199.0530303030303,3.282828282828283,0.6000000000000001,0.5831298038402897
4,test,1217.5,3.3333333333333335,0.6000000000000001,0.5800517255336407
4,test,1235.9469696969695,3.383838383838383,0.5666666666666668,0.578144956837962
4,test,1254.3939393939393,3.434343434343434,0.5666666666666668,0.5760995987833805
4,test,1272.840909090909,3.4848484848484844,0.5666666666666668,0.5730944587640469
4,test,1291.2878787878788,3.5353535353535355,0.5666666666666668,0.564767677183024
4,test,1309.7348484848483,3.585858585858585,0.5666666666666668,0.5605006296649822
4,test,1328.181818181818,3.636363636363636,0.5666666666666668,0.554608532132224
4,test,1346.6287878787878,3.6868686868686864,0.5666666666666668,0.5536181095284242
4,test,1365.0757575757575,3.737373737373737,0.5666666666666668,0.5526294569216251
4,test,1383.5227272727273,3.7878787878787876,0.5666666666666668,0.5516425711463421
4,test,1401.9696969696968,3.838383838383838,0.5666666666666668,0.5486676428911483
4,test,1420.4166666666665,3.8888888888888884,0.5666666666666668,0.5459216416580877
4,test,1438.8636363636363,3.939393939393939,0.5666666666666668,0.5445494417626224
4,test,1457.310606060606,3.9898989898989896,0.5666666666666668,0.543180693481333
4,test,1475.7575757575755,4.04040404040404,0.5666666666666668,0.5384685885073949
4,test,1494.2045454545453,4.090909090909091,0.5333333333333334,0.5350193135276295
4,test,1512.651515151515,4.141414141414141,0.5333333333333334,0.5330641610383432
4,test,1531.0984848484848,4.191919191919192,0.5333333333333334,0.5316156142227251
4,test,1549.5454545454545,4.242424242424242,0.5333333333333334,0.5301710065647445
4,test,1567.992424242424,4.292929292929292,0.5333333333333334,0.5235419058824187
4,test,1586.4393939393938,4.3434343434343425,0.5333333333333334,0.5196029327621146
4,test,1604.8863636363635,4.393939393939394,0.5333333333333334,0.5170472812268047
4,test,1623.3333333333333,4.444444444444445,0.5333333333333334,0.5156725478796637
4,test,1641.780303030303,4.494949494949495,0.5000000000000001,0.5143014723710501
4,test,1660.2272727272725,4.545454545454545,0.5000000000000001,0.5127574744866192
4,test,1678.6742424242423,4.595959595959595,0.5000000000000001,0.5072227008856528
4,test,1697.121212121212,4.646464646464646,0.5000000000000001,0.5052191851235056
4,test,1715.5681818181818,4.696969696969697,0.5000000000000001,0.5007002662862844
4,test,1734.0151515151513,4.7474747474747465,0.5000000000000001,0.4973463901409804
4,test,1752.462121212121,4.797979797979798,0.5000000000000001,0.49377476300016865
4,test,1770.9090909090908,4.848484848484848,0.5000000000000001,0.48860682972531294
4,test,1789.3560606060605,4.898989898989899,0.5000000000000001,0.48612922406593817
4,test,1807.8030303030303,4.949494949494949,0.5000000000000001,0.4844657756259192
4,test,1826.25,5.0,0.5000000000000001,0.4830066984864681
5,train,0.0,0.0,1.0,1.0
5,train,18.446969696969695,0.050505050505050504,0.9873417721518988,0.9833664444818572
5,train,36.89393939393939,0.10101010101010101,0.9831223628691984,0.9794077011972182
5,train,55.340909090909086,0.1515151515151515,0.978902953586498,0.9749186925405812
5,train,73.78787878787878,0.20202020202020202,0.9704641350210973,0.9693104342014375
5,train,92.23484848484847,0.2525252525252525,0.9704641350210973,0.9676587419780365
5,train,110.68181818181817,0.303030303030303,0.9662447257383969,0.9652301021296837
5,train,129.12878787878788,0.35353535353535354,0.9620253164556964,0.9583276133371248
5,train,147.57575757575756,0.40404040404040403,0.957805907172996,0.950530632159251
5,train,166.02272727272725,0.4545454545454545,0.9451476793248946,0.9419600337612655
5,train,184.46969696969694,0.505050505050505,0.9409282700421943,0.9380200834700506
5,train,202.91666666666666,0.5555555555555556,0.9324894514767934,0.9315101726608682
5,train,221.36363636363635,0.606060606060606,0.9324894514767934,0.9289109420816254
5,train,239.81060606060603,0.6565656565656565,0.9198312236286923,0.9180658831940969
5,train,258.25757575757575,0.7070707070707071,0.9113924050632916,0.9114385931308271
5,train,276.70454545454544,0.7575757575757576,0.9113924050632916,0.9081876126380132
5,train,295.1515151515151,0.8080808080808081,0.9029535864978907,0.9023842005370238
5,train,313.5984848484848,0.8585858585858585,0.8902953586497895,0.8877176190693806
5,train,332.0454545454545,0.909090909090909,0.8818565400843886,0.879340479017064
5,train,350.4924242424242,0.9595959595959594,0.8691983122362873,0.8660233020946542
5,train,368.9393939393939,1.01010101010101,0.8523206751054857,0.8502583855008162
5,train,387.3863636363636,1.0606060606060606,0.835443037974684,0.8347605586997009
5,train,405.8333333333333,1.1111111111111112,0.8312236286919835,0.829111015111419
5,train,424.280303030303,1.1616161616161615,0.8101265822784814,0.8095408738822838
5,train,442.7272727272727,1.212121212121212,0.805907172995781,0.8048123112113744
5,train,461.1742424242424,1.2626262626262625,0.805907172995781,0.8028181696147203
5,train,479.62121212121207,1.313131313131313,0.8016877637130806,0.8009798726179979
5,train,498.06818181818176,1.3636363636363635,0.8016877637130806,0.7993596017624939
5,train,516.5151515151515,1.4141414141414141,0.8016877637130806,0.7977427060511513
5,train,534.9621212121211,1.4646464646464645,0.7932489451476796,0.7929498814853901
5,train,553.4090909090909,1.5151515151515151,0.7932489451476796,0.790359902267424
5,train,571.8560606060605,1.5656565656565653,0.7805907172995783,0.7800061384972211
5,train,590.3030303030303,1.6161616161616161,0.7805907172995783,0.7770245750076754
5,train,608.75,1.6666666666666667,0.7763713080168779,0.7729798084437166
5,train,627.1969696969696,1.717171717171717,0.7637130801687766,0.7621397326803564
5,train,645.6439393939394,1.7676767676767677,0.7552742616033759,0.7518971068508231
5,train,664.090909090909,1.818181818181818,0.7510548523206754,0.7494018858216711
5,train,682.5378787878788,1.8686868686868685,0.7510548523206754,0.7473577262079232
5,train,700.9848484848484,1.919191919191919,0.7426160337552745,0.7398716408564895
5,train,719.4318181818181,1.9696969696969695,0.7299578059071732,0.7300705522148179
5,train,737.8787878787878,2.02020202020202,0.7299578059071732,0.7283049291597757
5,train,756.3257575757575,2.0707070707070705,0.7299578059071732,0.7265437047707864
5,train,774.7727272727273,2.121212121212121,0.7172995780590719,0.7170346461550788
5,train,793.2196969696969,2.1717171717171713,0.7130801687763715,0.7125898593212558
5,train,811.6666666666666,2.2222222222222223,0.7130801687763715,0.7094903875684377
5,train,830.1136363636363,2.2727272727272725,0.708860759493671,0.7076228656142856
5,train,848.560606060606,2.323232323232323,0.708860759493671,0.7059364897581039
5,train,867.0075757575756,2.3737373737373733,0.7004219409282701,0.6985727060429517
5,train,885.4545454545454,2.424242424242424,0.6919831223628693,0.6910431239531956
5,train,903.9015151515151,2.4747474747474745,0.6919831223628693,0.6891919089732624
5,train,922.3484848484848,2.525252525252525,0.6835443037974684,0.6815957321606796
5,train,940.7954545454545,2.5757575757575757,0.6751054852320675,0.673764866408371
5,train,959.2424242424241,2.626262626262626,0.6751054852320675,0.6714058465326549
5,train,977.6893939393939,2.6767676767676765,0.6666666666666667,0.6652282426291365
5,train,996.1363636363635,2.727272727272727,0.6624472573839663,0.6588183823773751
5,train,1014.5833333333333,2.7777777777777777,0.6540084388185655,0.652742602165304
5,train,1033.030303030303,2.8282828282828283,0.649789029535865,0.6492814015103326
5,train,1051.4772727272727,2.878787878787879,0.6455696202531647,0.6419557991530956
5,train,1069.9242424242423,2.929292929292929,0.6329113924050634,0.6322999599027613
5,train,1088.371212121212,2.9797979797979797,0.628691983122363,0.6264587187897179
5,train,1106.8181818181818,3.0303030303030303,0.6202531645569621,0.6194417692553642
5,train,1125.2651515151515,3.080808080808081,0.6118143459915611,0.6099079797739735
5,train,1143.712121212121,3.1313131313131306,0.6075949367088607,0.6058866416219677
5,train,1162.1590909090908,3.181818181818181,0.6075949367088607,0.6038875055570383
5,train,1180.6060606060605,3.2323232323232323,0.6033755274261603,0.600479637283155
5,train,1199.0530303030303,3.282828282828283,0.5907172995780591,0.5895675934518376
5,train,1217.5,3.3333333333333335,0.5864978902953587,0.5851426816857318
5,train,1235.9469696969695,3.383838383838383,0.5822784810126583,0.5814894549180176
5,train,1254.3939393939393,3.434343434343434,0.5780590717299579,0.5775031559559097
5,train,1272.840909090909,3.4848484848484844,0.5780590717299579,0.5744826929014281
5,train,1291.2878787878788,3.5353535353535355,0.5696202531645571,0.5661038406361073
5,train,1309.7348484848483,3.585858585858585,0.5654008438818566,0.5588439187744647
5,train,1328.181818181818,3.636363636363636,0.5569620253164558,0.5556632212997245
5,train,1346.6287878787878,3.6868686868686864,0.5569620253164558,0.5543274405011189
5,train,1365.0757575757575,3.737373737373737,0.5569620253164558,0.5529949710685182
5,train,1383.5227272727273,3.7878787878787876,0.5527426160337554,0.5511555924985567
5,train,1401.9696969696968,3.838383838383838,0.5527426160337554,0.5488464569409415
5,train,1420.4166666666665,3.8888888888888884,0.5485232067510549,0.5474219412204075
5,train,1438.8636363636363,3.939393939393939,0.5485232067510549,0.5464254018507543
5,train,1457.310606060606,3.9898989898989896,0.5485232067510549,0.5454307333665452
5,train,1475.7575757575755,4.04040404040404,0.5485232067510549,0.5444379321620091
5,train,1494.2045454545453,4.090909090909091,0.5443037974683546,0.5412766287720054
5,train,1512.651515151515,4.141414141414141,0.5400843881856541,0.538501452735919
5,train,1531.0984848484848,4.191919191919192,0.5400843881856541,0.5370456563192034
5,train,1549.5454545454545,4.242424242424242,0.5400843881856541,0.535593918835554
5,train,1567.992424242424,4.292929292929292,0.5316455696202533,0.5289276682820323
5,train,1586.4393939393938,4.3434343434343425,0.527426160337553,0.5249678761910154
5,train,1604.8863636363635,4.393939393939394,0.5232067510548525,0.5219225385224685
5,train,1623.3333333333333,4.444444444444445,0.5189873417721521,0.5164431244002983
5,train,1641.780303030303,4.494949494949495,0.5147679324894516,0.5126373888276432
5,train,1660.2272727272725,4.545454545454545,0.5105485232067511,0.5095696495788924
5,train,1678.6742424242423,4.595959595959595,0.5063291139240508,0.503993839341028
5,train,1697.121212121212,4.646464646464646,0.5063291139240508,0.5019738534222088
5,train,1715.5681818181818,4.696969696969697,0.5021097046413504,0.49991777455372377
5,train,1734.0151515151513,4.7474747474747465,0.5021097046413504,0.49784406880911675
5,train,1752.462121212121,4.797979797979798,0.49789029535865,0.49470727602554787
5,train,1770.9090909090908,4.848484848484848,0.49367088607594956,0.49202342991642206
5,train,1789.3560606060605,4.898989898989899,0.49367088607594956,0.4906823009920479
5,train,1807.8030303030303,4.949494949494949,0.49367088607594956,0.4893449434766504
5,train,1826.25,5.0,0.48945147679324913,0.4865110656927279
5,val,0.0,0.0,1.0,1.0
5,val,18.446969696969695,0.050505050505050504,1.0,0.9830124662654907
5,val,36.89393939393939,0.10101010101010101,1.0,0.9789702900584488
5,val,55.340909090909086,0.1515151515151515,1.0,0.974387054298174
5,val,73.78787878787878,0.20202020202020202,1.0,0.9686616475668117
5,val,92.23484848484847,0.2525252525252525,1.0,0.9669755756069749
5,val,110.68181818181817,0.303030303030303,1.0,0.9644964849041888
5,val,129.12878787878788,0.35353535353535354,1.0,0.9574512672523184
5,val,147.57575757575756,0.40404040404040403,1.0,0.9494942400854938
5,val,166.02272727272725,0.4545454545454545,1.0,0.9407491711348065
5,val,184.46969696969694,0.505050505050505,1.0,0.9367295308723026
5,val,202.91666666666666,0.5555555555555556,0.9666666666666667,0.9300886655252439
5,val,221.36363636363635,0.606060606060606,0.9666666666666667,0.9274373986793003
5,val,239.81060606060603,0.6565656565656565,0.9666666666666667,0.916376775969253
5,val,258.25757575757575,0.7070707070707071,0.9666666666666667,0.9096189998225473
5,val,276.70454545454544,0.7575757575757576,0.9666666666666667,0.9063043573603942
5,val,295.1515151515151,0.8080808080808081,0.9333333333333333,0.900387872134124
5,val,313.5984848484848,0.8585858585858585,0.9,0.8854388235431762
5,val,332.0454545454545,0.909090909090909,0.9,0.8769024884598462
5,val,350.4924242424242,0.9595959595959594,0.9,0.863335490142597
5,val,368.9393939393939,1.01010101010101,0.9,0.8472800710839059
5,val,387.3863636363636,1.0606060606060606,0.9,0.8315022973555433
5,val,405.8333333333333,1.1111111111111112,0.9,0.8257521127431063
5,val,424.280303030303,1.1616161616161615,0.9,0.8058392735238714
5,val,442.7272727272727,1.212121212121212,0.9,0.8010293044224981
5,val,461.1742424242424,1.2626262626262625,0.8333333333333334,0.7990009966838884
5,val,479.62121212121207,1.313131313131313,0.8333333333333334,0.7971312905878166
5,val,498.06818181818176,1.3636363636363635,0.8333333333333334,0.7954834051194102
5,val,516.5151515151515,1.4141414141414141,0.8,0.7938390171857016
5,val,534.9621212121211,1.4646464646464645,0.8,0.7889650818407759
5,val,553.4090909090909,1.5151515151515151,0.8,0.786331510150622
5,val,571.8560606060605,1.5656565656565653,0.8,0.7758051662077372
5,val,590.3030303030303,1.6161616161616161,0.8,0.7727744087294827
5,val,608.75,1.6666666666666667,0.8,0.7686632688245167
5,val,627.1969696969696,1.717171717171717,0.8,0.7576473874364866
5,val,645.6439393939394,1.7676767676767677,0.8,0.7472414563133039
5,val,664.090909090909,1.818181818181818,0.8,0.7447068704138607
5,val,682.5378787878788,1.8686868686868685,0.8,0.7426305848368945
5,val,700.9848484848484,1.919191919191919,0.7666666666666667,0.7350277986640862
5,val,719.4318181818181,1.9696969696969695,0.7666666666666667,0.725076197862267
5,val,737.8787878787878,2.02020202020202,0.7666666666666667,0.7232837376629963
5,val,756.3257575757575,2.0707070707070705,0.7666666666666667,0.7214958277595852
5,val,774.7727272727273,2.121212121212121,0.7666666666666667,0.7118441626040745
5,val,793.2196969696969,2.1717171717171713,0.7666666666666667,0.7073335758480931
5,val,811.6666666666666,2.2222222222222223,0.7333333333333334,0.7041885462234998
5,val,830.1136363636363,2.2727272727272725,0.7333333333333334,0.7022937043282733
5,val,848.560606060606,2.323232323232323,0.7333333333333334,0.7005827427820822
5,val,867.0075757575756,2.3737373737373733,0.7333333333333334,0.6931125444867543
5,val,885.4545454545454,2.424242424242424,0.7333333333333334,0.6854757501811278
5,val,903.9015151515151,2.4747474747474745,0.7333333333333334,0.6835984257064802
5,val,922.3484848484848,2.525252525252525,0.7333333333333334,0.6758961528361188
5,val,940.7954545454545,2.5757575757575757,0.7333333333333334,0.6679576797074994
5,val,959.2424242424241,2.626262626262626,0.7333333333333334,0.6655665982262724
5,val,977.6893939393939,2.6767676767676765,0.7333333333333334,0.6593058188881508
5,val,996.1363636363635,2.727272727272727,0.7000000000000001,0.652810866225339
5,val,1014.5833333333333,2.7777777777777777,0.7000000000000001,0.6466555775832202
5,val,1033.030303030303,2.8282828282828283,0.7000000000000001,0.6431495874261064
5,val,1051.4772727272727,2.878787878787879,0.7000000000000001,0.635730406404159
5,val,1069.9242424242423,2.929292929292929,0.7000000000000001,0.6259537770047215
5,val,1088.371212121212,2.9797979797979797,0.7000000000000001,0.6200408930913316
5,val,1106.8181818181818,3.0303030303030303,0.7000000000000001,0.6129393223242905
5,val,1125.2651515151515,3.080808080808081,0.6666666666666667,0.6032931127534588
5,val,1143.712121212121,3.1313131313131306,0.6666666666666667,0.5992252483050069
5,val,1162.1590909090908,3.181818181818181,0.6666666666666667,0.5972031813150469
5,val,1180.6060606060605,3.2323232323232323,0.6666666666666667,0.5937565293698535
5,val,1199.0530303030303,3.282828282828283,0.6666666666666667,0.5827229194370435
5,val,1217.5,3.3333333333333335,0.6666666666666667,0.5782498621539077
5,val,1235.9469696969695,3.383838383838383,0.6666666666666667,0.5745573921632096
5,val,1254.3939393939393,3.434343434343434,0.6666666666666667,0.5705287979684182
5,val,1272.840909090909,3.4848484848484844,0.6333333333333334,0.5674766551658492
5,val,1291.2878787878788,3.5353535353535355,0.6333333333333334,0.5590115980129389
5,val,1309.7348484848483,3.585858585858585,0.6333333333333334,0.551678998145278
5,val,1328.181818181818,3.636363636363636,0.6333333333333334,0.5484670554550125
5,val,1346.6287878787878,3.6868686868686864,0.6333333333333334,0.547118261897749
5,val,1365.0757575757575,3.737373737373737,0.6000000000000001,0.5457728765152362
5,val,1383.5227272727273,3.7878787878787876,0.6000000000000001,0.5439157746304943
5,val,1401.9696969696968,3.838383838383838,0.5666666666666668,0.5415845644502196
5,val,1420.4166666666665,3.8888888888888884,0.5666666666666668,0.5401465283253332
5,val,1438.8636363636363,3.939393939393939,0.5666666666666668,0.5391405749472743
5,val,1457.310606060606,3.9898989898989896,0.5666666666666668,0.5381365466359255
5,val,1475.7575757575755,4.04040404040404,0.5333333333333334,0.5371344396159159
5,val,1494.2045454545453,4.090909090909091,0.5333333333333334,0.5339437477448167
5,val,1512.651515151515,4.141414141414141,0.5333333333333334,0.5311430794366019
5,val,1531.0984848484848,4.191919191919192,0.5333333333333334,0.5296740255325317
5,val,1549.5454545454545,4.242424242424242,0.5333333333333334,0.5282091467629588
5,val,1567.992424242424,4.292929292929292,0.5333333333333334,0.5214835749048627
5,val,1586.4393939393938,4.3434343434343425,0.5333333333333334,0.5174893468748035
5,val,1604.8863636363635,4.393939393939394,0.5333333333333334,0.5144179356907482
5,val,1623.3333333333333,4.444444444444445,0.5333333333333334,0.5088925132557378
5,val,1641.780303030303,4.494949494949495,0.5333333333333334,0.5050555131115042
5,val,1660.2272727272725,4.545454545454545,0.5333333333333334,0.5019629875928516
5,val,1678.6742424242423,4.595959595959595,0.5333333333333334,0.49634308479542616
5,val,1697.121212121212,4.646464646464646,0.5333333333333334,0.4943074324519061
5,val,1715.5681818181818,4.696969696969697,0.5333333333333334,0.49223557621019803
5,val,1734.0151515151513,4.7474747474747465,0.5000000000000001,0.49014613125514966
5,val,1752.462121212121,4.797979797979798,0.5000000000000001,0.4869858632269098
5,val,1770.9090909090908,4.848484848484848,0.5000000000000001,0.48428225142339626
5,val,1789.3560606060605,4.898989898989899,0.5000000000000001,0.4829313565637151
5,val,1807.8030303030303,4.949494949494949,0.5000000000000001,0.4815843345617435
5,val,1826.25,5.0,0.5000000000000001,0.4787302227309613
5,test,0.0,0.0,1.0,1.0
5,test,18.446969696969695,0.050505050505050504,1.0,0.9827030610842925
5,test,36.89393939393939,0.10101010101010101,1.0,0.9785877028384818
5,test,55.340909090909086,0.1515151515151515,1.0,0.9739216975710463
5,test,73.78787878787878,0.20202020202020202,0.9666666666666667,0.9680932082461635
5,test,92.23484848484847,0.2525252525252525,0.9666666666666667,0.9663768464343903
5,test,110.68181818181817,0.303030303030303,0.9666666666666667,0.9638532751062809
5,test,129.12878787878788,0.35353535353535354,0.9666666666666667,0.9566820137995938
5,test,147.57575757575756,0.40404040404040403,0.9666666666666667,0.9485832844549562
5,test,166.02272727272725,0.4545454545454545,0.9666666666666667,0.93968329211234
5,test,184.46969696969694,0.505050505050505,0.9666666666666667,0.9355927310258348
5,test,202.91666666666666,0.5555555555555556,0.9666666666666667,0.9288351009546105
5,test,221.36363636363635,0.606060606060606,0.9666666666666667,0.9261373592590717
5,test,239.81060606060603,0.6565656565656565,0.9666666666666667,0.9148837354490637
5,test,258.25757575757575,0.7070707070707071,0.9666666666666667,0.9080087512126949
5,test,276.70454545454544,0.7575757575757576,0.9666666666666667,0.9046368188039785
5,test,295.1515151515151,0.8080808080808081,0.9333333333333333,0.8986184038876868
5,test,313.5984848484848,0.8585858585858585,0.8666666666666667,0.8834137277746734
5,test,332.0454545454545,0.909090909090909,0.8666666666666667,0.874732677293266
5,test,350.4924242424242,0.9595959595959594,0.8666666666666667,0.8609376032670077
5,test,368.9393939393939,1.01010101010101,0.8666666666666667,0.8446154052353262
5,test,387.3863636363636,1.0606060606060606,0.8666666666666667,0.8285788735650624
5,test,405.8333333333333,1.1111111111111112,0.8666666666666667,0.8227352465948223
5,test,424.280303030303,1.1616161616161615,0.8666666666666667,0.8025024769666954
5,test,442.7272727272727,1.212121212121212,0.8666666666666667,0.7976160981553517
5,test,461.1742424242424,1.2626262626262625,0.8666666666666667,0.7955556727059726
5,test,479.62121212121207,1.313131313131313,0.8666666666666667,0.7936564149648574
5,test,498.06818181818176,1.3636363636363635,0.8666666666666667,0.7919825274752125
5,test,516.5151515151515,1.4141414141414141,0.8333333333333334,0.7903122336125644
5,test,534.9621212121211,1.4646464646464645,0.8333333333333334,0.7853617550130996
5,test,553.4090909090909,1.5151515151515151,0.8,0.7826869753440441
5,test,571.8560606060605,1.5656565656565653,0.7666666666666667,0.7719969971516732
5,test,590.3030303030303,1.6161616161616161,0.7666666666666667,0.7689194480084446
5,test,608.75,1.6666666666666667,0.7666666666666667,0.7647450696089897
5,test,627.1969696969696,1.717171717171717,0.7666666666666667,0.7535610800922804
5,test,645.6439393939394,1.7676767676767677,0.7666666666666667,0.7429981763350294
5,test,664.090909090909,1.818181818181818,0.7000000000000001,0.7404256300631332
5,test,682.5378787878788,1.8686868686868685,0.7000000000000001,0.7383183288244769
5,test,700.9848484848484,1.919191919191919,0.7000000000000001,0.7306025983677646
5,test,719.4318181818181,1.9696969696969695,0.7000000000000001,0.720504669596681
5,test,737.8787878787878,2.02020202020202,0.7000000000000001,0.7186860376939767
5,test,756.3257575757575,2.0707070707070705,0.7000000000000001,0.7168720792293511
5,test,774.7727272727273,2.121212121212121,0.7000000000000001,0.7070807842233291
5,test,793.2196969696969,2.1717171717171713,0.7000000000000001,0.7025055218257582
5,test,811.6666666666666,2.2222222222222223,0.6666666666666667,0.6993156178067014
5,test,830.1136363636363,2.2727272727272725,0.6666666666666667,0.69739382795487
5,test,848.560606060606,2.323232323232323,0.6000000000000001,0.695658590906918
5,test,867.0075757575756,2.3737373737373733,0.6000000000000001,0.6880830469474657
5,test,885.4545454545454,2.424242424242424,0.6000000000000001,0.6803396538994947
5,test,903.9015151515151,2.4747474747474745,0.6000000000000001,0.6784362966659361
5,test,922.3484848484848,2.525252525252525,0.6000000000000001,0.6706279371492554
5,test,940.7954545454545,2.5757575757575757,0.5666666666666668,0.6625813534365043
5,test,959.2424242424241,2.626262626262626,0.5666666666666668,0.6601579569794953
5,test,977.6893939393939,2.6767676767676765,0.5666666666666668,0.6538131160000973
5,test,996.1363636363635,2.727272727272727,0.5666666666666668,0.6472318115375998
5,test,1014.5833333333333,2.7777777777777777,0.5666666666666668,0.6409955022264987
5,test,1033.030303030303,2.8282828282828283,0.5666666666666668,0.637443722910949
5,test,1051.4772727272727,2.878787878787879,0.5666666666666668,0.6299285177705436
5,test,1069.9242424242423,2.929292929292929,0.5666666666666668,0.6200271936335021
5,test,1088.371212121212,2.9797979797979797,0.5666666666666668,0.6140399306318972
5,test,1106.8181818181818,3.0303030303030303,0.5666666666666668,0.6068500805265594
5,test,1125.2651515151515,3.080808080808081,0.5666666666666668,0.5970858353095128
5,test,1143.712121212121,3.1313131313131306,0.5666666666666668,0.5929688541811039
5,test,1162.1590909090908,3.181818181818181,0.5666666666666668,0.5909225197487195
5,test,1180.6060606060605,3.2323232323232323,0.5666666666666668,0.5874347313679479
5,test,1199.0530303030303,3.282828282828283,0.5666666666666668,0.5762713934995358
5,test,1217.5,3.3333333333333335,0.5666666666666668,0.5717466097391573
5,test,1235.9469696969695,3.383838383838383,0.5666666666666668,0.5680118228248474
5,test,1254.3939393939393,3.434343434343434,0.5666666666666668,0.5639374589677638
5,test,1272.840909090909,3.4848484848484844,0.5666666666666668,0.5608509203775676
5,test,1291.2878787878788,3.5353535353535355,0.5666666666666668,0.5522917495583717
5,test,1309.7348484848483,3.585858585858585,0.5666666666666668,0.544879177158655
5,test,1328.181818181818,3.636363636363636,0.5333333333333334,0.5416326651085696
5,test,1346.6287878787878,3.6868686868686864,0.5333333333333334,0.5402694395772554
5,test,1365.0757575757575,3.737373737373737,0.5333333333333334,0.5389097089143429
5,test,1383.5227272727273,3.7878787878787876,0.5333333333333334,0.5370328882984857
5,test,1401.9696969696968,3.838383838383838,0.5333333333333334,0.5346770618989607
5,test,1420.4166666666665,3.8888888888888884,0.5333333333333334,0.533223917192572
5,test,1438.8636363636363,3.939393939393939,0.5333333333333334,0.5322074296065483
5,test,1457.310606060606,3.9898989898989896,0.5333333333333334,0.5311929158567222
5,test,1475.7575757575755,4.04040404040404,0.5333333333333334,0.5301803720467094
5,test,1494.2045454545453,4.090909090909091,0.5000000000000001,0.5269566407776072
5,test,1512.651515151515,4.141414141414141,0.5000000000000001,0.5241272131433928
5,test,1531.0984848484848,4.191919191919192,0.5000000000000001,0.5226431648055677
5,test,1549.5454545454545,4.242424242424242,0.5000000000000001,0.5211633968460462
5,test,1567.992424242424,4.292929292929292,0.5000000000000001,0.5143702758700125
5,test,1586.4393939393938,4.3434343434343425,0.5000000000000001,0.5103365687762083
5,test,1604.8863636363635,4.393939393939394,0.5000000000000001,0.5072351272001374
5,test,1623.3333333333333,4.444444444444445,0.5000000000000001,0.5016564064961568
5,test,1641.780303030303,4.494949494949495,0.5000000000000001,0.4977829505259082
5,test,1660.2272727272725,4.545454545454545,0.5000000000000001,0.49466137834155516
5,test,1678.6742424242423,4.595959595959595,0.5000000000000001,0.4889894675175373
5,test,1697.121212121212,4.646464646464646,0.5000000000000001,0.48693522680335927
5,test,1715.5681818181818,4.696969696969697,0.5000000000000001,0.4848445895344077
5,test,1734.0151515151513,4.7474747474747465,0.5000000000000001,0.482736345947629
5,test,1752.462121212121,4.797979797979798,0.5000000000000001,0.47954791784323364
5,test,1770.9090909090908,4.848484848484848,0.5000000000000001,0.4768204778268553
5,test,1789.3560606060605,4.898989898989899,0.4666666666666668,0.47545776835558945
5,test,1807.8030303030303,4.949494949494949,0.4666666666666668,0.47409902664586007
5,test,1826.25,5.0,0.4666666666666668,0.47122028528919435
6,train,0.0,0.0,1.0,1.0
6,train,18.446969696969695,0.050505050505050504,0.9915611814345993,0.9900730544244639
6,train,36.89393939393939,0.10101010101010101,0.9915611814345993,0.9876482038496452
6,train,55.340909090909086,0.1515151515151515,0.9873417721518988,0.9852200959895652
6,train,73.78787878787878,0.20202020202020202,0.9831223628691984,0.9828361250850534
6,train,92.23484848484847,0.2525252525252525,0.9831223628691984,0.9806783548029675
6,train,110.68181818181817,0.303030303030303,0.978902953586498,0.9782797063284615
6,train,129.12878787878788,0.35353535353535354,0.978902953586498,0.9749049274263756
6,train,147.57575757575756,0.40404040404040403,0.9746835443037977,0.9673596465485156
6,train,166.02272727272725,0.4545454545454545,0.9620253164556963,0.9588028121483678
6,train,184.46969696969694,0.505050505050505,0.9578059071729959,0.9547122626109119
6,train,202.91666666666666,0.5555555555555556,0.9451476793248944,0.944209441673582
6,train,221.36363636363635,0.606060606060606,0.9451476793248944,0.9417037884185417
6,train,239.81060606060603,0.6565656565656565,0.940928270042194,0.9391336534253105
6,train,258.25757575757575,0.7070707070707071,0.9324894514767932,0.9326053699038767
6,train,276.70454545454544,0.7575757575757576,0.9324894514767932,0.9293659761217007
6,train,295.1515151515151,0.8080808080808081,0.9198312236286921,0.9193725459016485
6,train,313.5984848484848,0.8585858585858585,0.8945147679324897,0.8941130309843824
6,train,332.0454545454545,0.909090909090909,0.8860759493670888,0.8837792844406729
6,train,350.4924242424242,0.9595959595959594,0.8734177215189876,0.8709790259000177
6,train,368.9393939393939,1.01010101010101,0.8607594936708862,0.859063577704073
6,train,387.3863636363636,1.0606060606060606,0.848101265822785,0.8478366892592103
6,train,405.8333333333333,1.1111111111111112,0.8438818565400846,0.8422010178675442
6,train,424.280303030303,1.1616161616161615,0.8270042194092827,0.8268610332070638
6,train,442.7272727272727,1.212121212121212,0.8227848101265823,0.8206357323517834
6,train,461.1742424242424,1.2626262626262625,0.8143459915611816,0.81274122465534
6,train,479.62121212121207,1.313131313131313,0.8101265822784811,0.8085032202011189
6,train,498.06818181818176,1.3636363636363635,0.8101265822784811,0.8035113414856804
6,train,516.5151515151515,1.4141414141414141,0.8016877637130803,0.798835004353879
6,train,534.9621212121211,1.4646464646464645,0.7932489451476793,0.7929394365320209
6,train,553.4090909090909,1.5151515151515151,0.7890295358649788,0.7866374875457742
6,train,571.8560606060605,1.5656565656565653,0.7763713080168776,0.7763146399065589
6,train,590.3030303030303,1.6161616161616161,0.7763713080168776,0.7733308321188186
6,train,608.75,1.6666666666666667,0.7721518987341771,0.769285147036065
6,train,627.1969696969696,1.717171717171717,0.7594936708860759,0.7584371523234312
6,train,645.6439393939394,1.7676767676767677,0.751054852320675,0.7482005729572305
6,train,664.090909090909,1.818181818181818,0.7383966244725737,0.7375761593373672
6,train,682.5378787878788,1.8686868686868685,0.7383966244725737,0.7352950463166342
6,train,700.9848484848484,1.919191919191919,0.7299578059071729,0.7300647948004814
6,train,719.4318181818181,1.9696969696969695,0.7172995780590715,0.7179995379418145
6,train,737.8787878787878,2.02020202020202,0.7172995780590715,0.7165608598499035
6,train,756.3257575757575,2.0707070707070705,0.7172995780590715,0.7151250748344323
6,train,774.7727272727273,2.121212121212121,0.7130801687763711,0.7133628211351108
6,train,793.2196969696969,2.1717171717171713,0.7088607594936707,0.7060776150387149
6,train,811.6666666666666,2.2222222222222223,0.7046413502109703,0.7017080765079635
6,train,830.1136363636363,2.2727272727272725,0.7004219409282698,0.6986095616288092
6,train,848.560606060606,2.323232323232323,0.691983122362869,0.6920394106118454
6,train,867.0075757575756,2.3737373737373733,0.6835443037974682,0.6833460677735196
6,train,885.4545454545454,2.424242424242424,0.6793248945147677,0.6789494408377056
6,train,903.9015151515151,2.4747474747474745,0.6793248945147677,0.6771024197343796
6,train,922.3484848484848,2.525252525252525,0.6708860759493669,0.6695308875193151
6,train,940.7954545454545,2.5757575757575757,0.6582278481012657,0.6582188361363245
6,train,959.2424242424241,2.626262626262626,0.6582278481012657,0.6552334327290252
6,train,977.6893939393939,2.6767676767676765,0.6497890295358648,0.6483374155123603
6,train,996.1363636363635,2.727272727272727,0.6413502109704641,0.6384293534641509
6,train,1014.5833333333333,2.7777777777777777,0.6329113924050632,0.6326583348544742
6,train,1033.030303030303,2.8282828282828283,0.6329113924050632,0.6303027822125072
6,train,1051.4772727272727,2.878787878787879,0.6286919831223627,0.6277067176643828
6,train,1069.9242424242423,2.929292929292929,0.6244725738396624,0.6249586141262502
6,train,1088.371212121212,2.9797979797979797,0.6244725738396624,0.6218462120157767
6,train,1106.8181818181818,3.0303030303030303,0.6160337552742615,0.6159232449622439
6,train,1125.2651515151515,3.080808080808081,0.6075949367088606,0.6066761472747036
6,train,1143.712121212121,3.1313131313131306,0.6033755274261602,0.6026721094734531
6,train,1162.1590909090908,3.181818181818181,0.6033755274261602,0.6006806833123234
6,train,1180.6060606060605,3.2323232323232323,0.5991561181434598,0.5972881050700216
6,train,1199.0530303030303,3.282828282828283,0.5864978902953586,0.5864361166268608
6,train,1217.5,3.3333333333333335,0.5822784810126582,0.5820371954659904
6,train,1235.9469696969695,3.383838383838383,0.5780590717299577,0.578408661246809
6,train,1254.3939393939393,3.434343434343434,0.5738396624472574,0.5744521908996807
6,train,1272.840909090909,3.4848484848484844,0.5738396624472574,0.5714548461369126
6,train,1291.2878787878788,3.5353535353535355,0.569620253164557,0.5673156187169083
6,train,1309.7348484848483,3.585858585858585,0.5654008438818565,0.5653558887839346
6,train,1328.181818181818,3.636363636363636,0.5654008438818565,0.5640563106425459
6,train,1346.6287878787878,3.6868686868686864,0.5654008438818565,0.5627597307067549
6,train,1365.0757575757575,3.737373737373737,0.561181434599156,0.5610775870021223
6,train,1383.5227272727273,3.7878787878787876,0.561181434599156,0.5590788407505939
6,train,1401.9696969696968,3.838383838383838,0.5569620253164556,0.5555360152801168
6,train,1420.4166666666665,3.8888888888888884,0.5527426160337552,0.5529442379099788
6,train,1438.8636363636363,3.939393939393939,0.5527426160337552,0.5517954573592749
6,train,1457.310606060606,3.9898989898989896,0.5527426160337552,0.5506490721848663
6,train,1475.7575757575755,4.04040404040404,0.5527426160337552,0.5495050773749606
6,train,1494.2045454545453,4.090909090909091,0.5443037974683543,0.5427160318727846
6,train,1512.651515151515,4.141414141414141,0.5400843881856539,0.5399577748447637
6,train,1531.0984848484848,4.191919191919192,0.5400843881856539,0.5385117778589875
6,train,1549.5454545454545,4.242424242424242,0.5400843881856539,0.5370696673603382
6,train,1567.992424242424,4.292929292929292,0.5316455696202531,0.5304506774594081
6,train,1586.4393939393938,4.3434343434343425,0.5274261603375527,0.5270804914541505
6,train,1604.8863636363635,4.393939393939394,0.5274261603375527,0.5252241468749065
6,train,1623.3333333333333,4.444444444444445,0.5232067510548524,0.5222817267209944
6,train,1641.780303030303,4.494949494949495,0.518987341772152,0.5185041348758277
6,train,1660.2272727272725,4.545454545454545,0.5147679324894515,0.5154618112146732
6,train,1678.6742424242423,4.595959595959595,0.510548523206751,0.5099376745203288
6,train,1697.121212121212,4.646464646464646,0.510548523206751,0.5079373147347733
6,train,1715.5681818181818,4.696969696969697,0.5063291139240507,0.5034254022253128
6,train,1734.0151515151513,4.7474747474747465,0.5021097046413503,0.5000771064857783
6,train,1752.462121212121,4.797979797979798,0.49789029535864987,0.4965111976368685
6,train,1770.9090909090908,4.848484848484848,0.49367088607594944,0.4913504564904561
6,train,1789.3560606060605,4.898989898989899,0.489451476793249,0.4888760531150459
6,train,1807.8030303030303,4.949494949494949,0.489451476793249,0.4872147529682979
6,train,1826.25,5.0,0.4852320675105486,0.48417285117442227
6,val,0.0,0.0,1.0,1.0
6,val,18.446969696969695,0.050505050505050504,1.0,0.9901872639866892
6,val,36.89393939393939,0.10101010101010101,1.0,0.9877901649033115
6,val,55.340909090909086,0.1515151515151515,1.0,0.985389787874803
6,val,73.78787878787878,0.20202020202020202,1.0,0.9830329871595144
6,val,92.23484848484847,0.2525252525252525,1.0,0.9808997605982481
6,val,110.68181818181817,0.303030303030303,1.0,0.97852834154897
6,val,129.12878787878788,0.35353535353535354,0.9666666666666667,0.975191776197
6,val,147.57575757575756,0.40404040404040403,0.9666666666666667,0.9677315207053518
6,val,166.02272727272725,0.4545454545454545,0.9666666666666667,0.9592704164380937
6,val,184.46969696969694,0.505050505050505,0.9666666666666667,0.9552253674512791
6,val,202.91666666666666,0.5555555555555556,0.9666666666666667,0.9448385872505517
6,val,221.36363636363635,0.606060606060606,0.9666666666666667,0.9423604495467199
6,val,239.81060606060603,0.6565656565656565,0.9333333333333333,0.9398184704436312
6,val,258.25757575757575,0.7070707070707071,0.9333333333333333,0.9333613944401427
6,val,276.70454545454544,0.7575757575757576,0.9333333333333333,0.9301571685084151
6,val,295.1515151515151,0.8080808080808081,0.9333333333333333,0.9202715306969148
6,val,313.5984848484848,0.8585858585858585,0.9333333333333333,0.8952796875946462
6,val,332.0454545454545,0.909090909090909,0.9333333333333333,0.8850534312033543
6,val,350.4924242424242,0.9595959595959594,0.9333333333333333,0.87238466258105
6,val,368.9393939393939,1.01010101010101,0.9,0.8605899421950879
6,val,387.3863636363636,1.0606060606060606,0.9,0.8494753053917753
6,val,405.8333333333333,1.1111111111111112,0.9,0.8438954264058037
6,val,424.280303030303,1.1616161616161615,0.8666666666666667,0.8287053964149987
6,val,442.7272727272727,1.212121212121212,0.8666666666666667,0.82254014384289
6,val,461.1742424242424,1.2626262626262625,0.8666666666666667,0.8147211063802565
6,val,479.62121212121207,1.313131313131313,0.8666666666666667,0.8105233006727098
6,val,498.06818181818176,1.3636363636363635,0.8666666666666667,0.8055784860517824
6,val,516.5151515151515,1.4141414141414141,0.8666666666666667,0.8009459561503426
6,val,534.9621212121211,1.4646464646464645,0.8666666666666667,0.7951052256058444
6,val,553.4090909090909,1.5151515151515151,0.8666666666666667,0.7888614070086926
6,val,571.8560606060605,1.5656565656565653,0.8666666666666667,0.7786326804335417
6,val,590.3030303030303,1.6161616161616161,0.8666666666666667,0.7756758215448497
6,val,608.75,1.6666666666666667,0.8666666666666667,0.7716664904883093
6,val,627.1969696969696,1.717171717171717,0.8666666666666667,0.760914911514977
6,val,645.6439393939394,1.7676767676767677,0.8666666666666667,0.750767875529971
6,val,664.090909090909,1.818181818181818,0.8666666666666667,0.7402348969102135
6,val,682.5378787878788,1.8686868686868685,0.8666666666666667,0.7379732136723315
6,val,700.9848484848484,1.919191919191919,0.8333333333333334,0.7327872399506173
6,val,719.4318181818181,1.9696969696969695,0.8333333333333334,0.7208226653996118
6,val,737.8787878787878,2.02020202020202,0.8333333333333334,0.7193958556483804
6,val,756.3257575757575,2.0707070707070705,0.8333333333333334,0.7179718857371079
6,val,774.7727272727273,2.121212121212121,0.7666666666666667,0.7162240934531906
6,val,793.2196969696969,2.1717171717171713,0.7666666666666667,0.7089981983534716
6,val,811.6666666666666,2.2222222222222223,0.7333333333333334,0.7046638654713099
6,val,830.1136363636363,2.2727272727272725,0.7333333333333334,0.7015901469384755
6,val,848.560606060606,2.323232323232323,0.7333333333333334,0.6950721081830236
6,val,867.0075757575756,2.3737373737373733,0.7333333333333334,0.686446733881236
6,val,885.4545454545454,2.424242424242424,0.7000000000000001,0.6820840502070198
6,val,903.9015151515151,2.4747474747474745,0.7000000000000001,0.6802512014433806
6,val,922.3484848484848,2.525252525252525,0.7000000000000001,0.672737222652818
6,val,940.7954545454545,2.5757575757575757,0.7000000000000001,0.6615095098293177
6,val,959.2424242424241,2.626262626262626,0.7000000000000001,0.658546031089251
6,val,977.6893939393939,2.6767676767676765,0.7000000000000001,0.6517001189849249
6,val,996.1363636363635,2.727272727272727,0.7000000000000001,0.6418627146583585
6,val,1014.5833333333333,2.7777777777777777,0.7000000000000001,0.6361321172169937
6,val,1033.030303030303,2.8282828282828283,0.7000000000000001,0.633792906294025
6,val,1051.4772727272727,2.878787878787879,0.7000000000000001,0.6312147459302594
6,val,1069.9242424242423,2.929292929292929,0.6333333333333334,0.6284854733554422
6,val,1088.371212121212,2.9797979797979797,0.6000000000000001,0.6253942464676886
6,val,1106.8181818181818,3.0303030303030303,0.6000000000000001,0.619511126963312
6,val,1125.2651515151515,3.080808080808081,0.6000000000000001,0.6103250489849281
6,val,1143.712121212121,3.1313131313131306,0.6000000000000001,0.6063469769267706
6,val,1162.1590909090908,3.181818181818181,0.6000000000000001,0.6043683613158296
6,val,1180.6060606060605,3.2323232323232323,0.6000000000000001,0.6009974475367879
6,val,1199.0530303030303,3.282828282828283,0.6000000000000001,0.5902133941507863
6,val,1217.5,3.3333333333333335,0.6000000000000001,0.5858414116869375
6,val,1235.9469696969695,3.383838383838383,0.6000000000000001,0.5822348349623906
6,val,1254.3939393939393,3.434343434343434,0.6000000000000001,0.5783020330155416
6,val,1272.840909090909,3.4848484848484844,0.6000000000000001,0.5753224276341267
6,val,1291.2878787878788,3.5353535353535355,0.6000000000000001,0.5712074244696167
6,val,1309.7348484848483,3.585858585858585,0.6000000000000001,0.5692590523598196
6,val,1328.181818181818,3.636363636363636,0.5000000000000001,0.5679669664466381
6,val,1346.6287878787878,3.6868686868686864,0.5000000000000001,0.5666778298739948
6,val,1365.0757575757575,3.737373737373737,0.5000000000000001,0.5650052958180495
6,val,1383.5227272727273,3.7878787878787876,0.5000000000000001,0.563017898421172
6,val,1401.9696969696968,3.838383838383838,0.5000000000000001,0.5594950027808453
6,val,1420.4166666666665,3.8888888888888884,0.5000000000000001,0.5569176534960104
6,val,1438.8636363636363,3.939393939393939,0.5000000000000001,0.5557752268455581
6,val,1457.310606060606,3.9898989898989896,0.5000000000000001,0.5546351570027868
6,val,1475.7575757575755,4.04040404040404,0.5000000000000001,0.5534974390812013
6,val,1494.2045454545453,4.090909090909091,0.5000000000000001,0.5467451209639691
6,val,1512.651515151515,4.141414141414141,0.5000000000000001,0.5440015279680857
6,val,1531.0984848484848,4.191919191919192,0.5000000000000001,0.5425631585670511
6,val,1549.5454545454545,4.242424242424242,0.5000000000000001,0.5411286139267862
6,val,1567.992424242424,4.292929292929292,0.5000000000000001,0.5345438180068389
6,val,1586.4393939393938,4.3434343434343425,0.5000000000000001,0.5311907042305937
6,val,1604.8863636363635,4.393939393939394,0.5000000000000001,0.5293436649306521
6,val,1623.3333333333333,4.444444444444445,0.5000000000000001,0.5264158502423415
6,val,1641.780303030303,4.494949494949495,0.5000000000000001,0.5226567489714499
6,val,1660.2272727272725,4.545454545454545,0.5000000000000001,0.5196291024436609
6,val,1678.6742424242423,4.595959595959595,0.5000000000000001,0.5141311223024716
6,val,1697.121212121212,4.646464646464646,0.5000000000000001,0.5121400758751836
6,val,1715.5681818181818,4.696969696969697,0.5000000000000001,0.5076488583426984
6,val,1734.0151515151513,4.7474747474747465,0.5000000000000001,0.5043156390044985
6,val,1752.462121212121,4.797979797979798,0.5000000000000001,0.5007655204932897
6,val,1770.9090909090908,4.848484848484848,0.5000000000000001,0.49562714153664006
6,val,1789.3560606060605,4.898989898989899,0.5000000000000001,0.4931632526072414
6,val,1807.8030303030303,4.949494949494949,0.5000000000000001,0.4915089357920017
6,val,1826.25,5.0,0.5000000000000001,0.48847966156632167
6,test,0.0,0.0,1.0,1.0
6,test,18.446969696969695,0.050505050505050504,0.9666666666666667,0.9901542780084226
6,test,36.89393939393939,0.10101010101010101,0.9333333333333333,0.9877491665656523
6,test,55.340909090909086,0.1515151515151515,0.9333333333333333,0.9853407842508521
6,test,73.78787878787878,0.20202020202020202,0.8666666666666667,0.9829761411723026
6,test,92.23484848484847,0.2525252525252525,0.8666666666666667,0.980835831267613
6,test,110.68181818181817,0.303030303030303,0.8666666666666667,0.9784565548026174
6,test,129.12878787878788,0.35353535353535354,0.8666666666666667,0.9751089642426628
6,test,147.57575757575756,0.40404040404040403,0.8666666666666667,0.967624185283195
6,test,166.02272727272725,0.4545454545454545,0.8666666666666667,0.9591354828350521
6,test,184.46969696969694,0.505050505050505,0.8666666666666667,0.9550773212263416
6,test,202.91666666666666,0.5555555555555556,0.8666666666666667,0.9446571138545206
6,test,221.36363636363635,0.606060606060606,0.8666666666666667,0.9421710529119351
6,test,239.81060606060603,0.6565656565656565,0.8333333333333334,0.9396209673819019
6,test,258.25757575757575,0.7070707070707071,0.8333333333333334,0.9331433953067638
6,test,276.70454545454544,0.7575757575757576,0.8333333333333334,0.9299290497064432
6,test,295.1515151515151,0.8080808080808081,0.8,0.9200124063073184
6,test,313.5984848484848,0.8585858585858585,0.8,0.8949436496337767
6,test,332.0454545454545,0.909090909090909,0.8,0.8846865395314794
6,test,350.4924242424242,0.9595959595959594,0.8,0.8719800545492379
6,test,368.9393939393939,1.01010101010101,0.8,0.8601507306148021
6,test,387.3863636363636,1.0606060606060606,0.7666666666666667,0.8490039423332311
6,test,405.8333333333333,1.1111111111111112,0.7666666666666667,0.843408091327635
6,test,424.280303030303,1.1616161616161615,0.7666666666666667,0.8281751604526947
6,test,442.7272727272727,1.212121212121212,0.7666666666666667,0.8219927399394021
6,test,461.1742424242424,1.2626262626262625,0.7666666666666667,0.8141521347712174
6,test,479.62121212121207,1.313131313131313,0.7666666666666667,0.8099428454805228
6,test,498.06818181818176,1.3636363636363635,0.7666666666666667,0.804984589903457
6,test,516.5151515151515,1.4141414141414141,0.7666666666666667,0.8003395529313467
6,test,534.9621212121211,1.4646464646464645,0.7666666666666667,0.7944831713696381
6,test,553.4090909090909,1.5151515151515151,0.7666666666666667,0.7882227681966378
6,test,571.8560606060605,1.5656565656565653,0.7333333333333334,0.7779672028988908
6,test,590.3030303030303,1.6161616161616161,0.7333333333333334,0.775002662721721
6,test,608.75,1.6666666666666667,0.7333333333333334,0.7709829719118488
6,test,627.1969696969696,1.717171717171717,0.7333333333333334,0.7602039303825985
6,test,645.6439393939394,1.7676767676767677,0.7333333333333334,0.7500314063570777
6,test,664.090909090909,1.818181818181818,0.7333333333333334,0.7394724185105621
6,test,682.5378787878788,1.8686868686868685,0.7333333333333334,0.7372052106342437
6,test,700.9848484848484,1.919191919191919,0.7333333333333334,0.7320066500412195
6,test,719.4318181818181,1.9696969696969695,0.7333333333333334,0.7200134702851866
6,test,737.8787878787878,2.02020202020202,0.7333333333333334,0.7185832900419208
6,test,756.3257575757575,2.0707070707070705,0.7333333333333334,0.7171559650669033
6,test,774.7727272727273,2.121212121212121,0.7333333333333334,0.7154040666840055
6,test,793.2196969696969,2.1717171717171713,0.7333333333333334,0.708161336018367
6,test,811.6666666666666,2.2222222222222223,0.7333333333333334,0.70381701368122
6,test,830.1136363636363,2.2727272727272725,0.7333333333333334,0.7007362609828369
6,test,848.560606060606,2.323232323232323,0.7333333333333334,0.6942034437561065
6,test,867.0075757575756,2.3737373737373733,0.7333333333333334,0.6855588038085237
6,test,885.4545454545454,2.424242424242424,0.7333333333333334,0.6811865030117746
6,test,903.9015151515151,2.4747474747474745,0.7333333333333334,0.6793496396201303
6,test,922.3484848484848,2.525252525252525,0.7333333333333334,0.6718193625134633
6,test,940.7954545454545,2.5757575757575757,0.7333333333333334,0.6605677807920459
6,test,959.2424242424241,2.626262626262626,0.7333333333333334,0.657598099972877
6,test,977.6893939393939,2.6767676767676765,0.7333333333333334,0.6507380186019651
6,test,996.1363636363635,2.727272727272727,0.7333333333333334,0.6408806437903614
6,test,1014.5833333333333,2.7777777777777777,0.7333333333333334,0.6351386276449509
6,test,1033.030303030303,2.8282828282828283,0.7000000000000001,0.6327948015144881
6,test,1051.4772727272727,2.878787878787879,0.7000000000000001,0.6302115854840948
6,test,1069.9242424242423,2.929292929292929,0.7000000000000001,0.6274769964641779
6,test,1088.371212121212,2.9797979797979797,0.7000000000000001,0.6243797924217929
6,test,1106.8181818181818,3.0303030303030303,0.7000000000000001,0.6184854283824912
6,test,1125.2651515151515,3.080808080808081,0.6666666666666667,0.6092821397307157
6,test,1143.712121212121,3.1313131313131306,0.6666666666666667,0.6052967471363377
6,test,1162.1590909090908,3.181818181818181,0.6666666666666667,0.6033145205357435
6,test,1180.6060606060605,3.2323232323232323,0.6666666666666667,0.5999375011126361
6,test,1199.0530303030303,3.282828282828283,0.6666666666666667,0.5891343104352198
6,test,1217.5,3.3333333333333335,0.6666666666666667,0.5847547430409198
6,test,1235.9469696969695,3.383838383838383,0.6666666666666667,0.5811419854794345
6,test,1254.3939393939393,3.434343434343434,0.6666666666666667,0.5772025226866154
6,test,1272.840909090909,3.4848484848484844,0.6333333333333334,0.574217926118191
6,test,1291.2878787878788,3.5353535353535355,0.6000000000000001,0.5700961086941905
6,test,1309.7348484848483,3.585858585858585,0.6000000000000001,0.5681445422495472
6,test,1328.181818181818,3.636363636363636,0.6000000000000001,0.5668503493962322
6,test,1346.6287878787878,3.6868686868686864,0.6000000000000001,0.5655591197941996
6,test,1365.0757575757575,3.737373737373737,0.6000000000000001,0.5638838838121891
6,test,1383.5227272727273,3.7878787878787876,0.5666666666666668,0.561893295844033
6,test,1401.9696969696968,3.838383838383838,0.5666666666666668,0.5583647981697044
6,test,1420.4166666666665,3.8888888888888884,0.5666666666666668,0.555783394090586
6,test,1438.8636363636363,3.939393939393939,0.5666666666666668,0.554639181977872
6,test,1457.310606060606,3.9898989898989896,0.5666666666666668,0.5534973376352528
6,test,1475.7575757575755,4.04040404040404,0.5333333333333334,0.5523578561390093
6,test,1494.2045454545453,4.090909090909091,0.5333333333333334,0.5455952214544163
6,test,1512.651515151515,4.141414141414141,0.5333333333333334,0.5428475105825222
6,test,1531.0984848484848,4.191919191919192,0.5333333333333334,0.5414069995132531
6,test,1549.5454545454545,4.242424242424242,0.5333333333333334,0.5399703307191748
6,test,1567.992424242424,4.292929292929292,0.5333333333333334,0.5333759369454106
6,test,1586.4393939393938,4.3434343434343425,0.5333333333333334,0.5300180325990603
6,test,1604.8863636363635,4.393939393939394,0.5000000000000001,0.5281683825782062
6,test,1623.3333333333333,4.444444444444445,0.5000000000000001,0.5252364706963355
6,test,1641.780303030303,4.494949494949495,0.5000000000000001,0.521472183357073
6,test,1660.2272727272725,4.545454545454545,0.5000000000000001,0.5184404211130763
6,test,1678.6742424242423,4.595959595959595,0.5000000000000001,0.5129351079763876
6,test,1697.121212121212,4.646464646464646,0.5000000000000001,0.510941451087168
6,test,1715.5681818181818,4.696969696969697,0.5000000000000001,0.5064444339293318
6,test,1734.0151515151513,4.7474747474747465,0.5000000000000001,0.5031069904145901
6,test,1752.462121212121,4.797979797979798,0.5000000000000001,0.4995524484878094
6,test,1770.9090909090908,4.848484848484848,0.5000000000000001,0.4944078065001192
6,test,1789.3560606060605,4.898989898989899,0.5000000000000001,0.4919409733234331
6,test,1807.8030303030303,4.949494949494949,0.5000000000000001,0.49028470123705675
6,test,1826.25,5.0,0.5000000000000001,0.48725189179883005
7,train,0.0,0.0,1.0,1.0
7,train,18.446969696969695,0.050505050505050504,0.9915611814345993,0.9875389812004549
7,train,36.89393939393939,0.10101010101010101,0.9873417721518988,0.9836073281845855
7,train,55.340909090909086,0.1515151515151515,0.9831223628691984,0.9798883840322004
7,train,73.78787878787878,0.20202020202020202,0.9746835443037977,0.9745126771072153
7,train,92.23484848484847,0.2525252525252525,0.9746835443037977,0.9729585365209722
7,train,110.68181818181817,0.303030303030303,0.9746835443037977,0.9714068872888365
7,train,129.12878787878788,0.35353535353535354,0.9704641350210973,0.9693587129041243
7,train,147.57575757575756,0.40404040404040403,0.9704641350210973,0.9666831770369602
7,train,166.02272727272725,0.4545454545454545,0.9620253164556964,0.9587932005811735
7,train,184.46969696969694,0.505050505050505,0.957805907172996,0.9547044239878161
7,train,202.91666666666666,0.5555555555555556,0.9451476793248945,0.9441668481761316
7,train,221.36363636363635,0.606060606060606,0.9451476793248945,0.9415777532019227
7,train,239.81060606060603,0.6565656565656565,0.9367088607594937,0.9349950896483854
7,train,258.25757575757575,0.7070707070707071,0.9324894514767933,0.9321958323326818
7,train,276.70454545454544,0.7575757575757576,0.9324894514767933,0.928500638292663
7,train,295.1515151515151,0.8080808080808081,0.9156118143459918,0.9151754993678688
7,train,313.5984848484848,0.8585858585858585,0.8902953586497894,0.8899296775051048
7,train,332.0454545454545,0.909090909090909,0.8860759493670889,0.883333511047644
7,train,350.4924242424242,0.9595959595959594,0.8734177215189877,0.8710162621006163
7,train,368.9393939393939,1.01010101010101,0.8607594936708863,0.8604251572817601
7,train,387.3863636363636,1.0606060606060606,0.8481012658227851,0.8478918585845628
7,train,405.8333333333333,1.1111111111111112,0.8438818565400847,0.8422625853451198
7,train,424.280303030303,1.1616161616161615,0.8227848101265824,0.8227360398978929
7,train,442.7272727272727,1.212121212121212,0.8185654008438821,0.8165144372316251
7,train,461.1742424242424,1.2626262626262625,0.8101265822784812,0.8086232129108646
7,train,479.62121212121207,1.313131313131313,0.8059071729957807,0.8043864700761333
7,train,498.06818181818176,1.3636363636363635,0.8059071729957807,0.7993962441323397
7,train,516.5151515151515,1.4141414141414141,0.7974683544303799,0.7966437778431951
7,train,534.9621212121211,1.4646464646464645,0.7974683544303799,0.7947048051964002
7,train,553.4090909090909,1.5151515151515151,0.7932489451476794,0.7909400714927391
7,train,571.8560606060605,1.5656565656565653,0.7805907172995781,0.780964135248707
7,train,590.3030303030303,1.6161616161616161,0.7805907172995781,0.7796251901040959
7,train,608.75,1.6666666666666667,0.7805907172995781,0.7782885526355737
7,train,627.1969696969696,1.717171717171717,0.7763713080168777,0.7753599847761524
7,train,645.6439393939394,1.7676767676767677,0.7679324894514767,0.765125009737819
7,train,664.090909090909,1.818181818181818,0.7552742616033756,0.754500925194372
7,train,682.5378787878788,1.8686868686868685,0.7552742616033756,0.7522197500271194
7,train,700.9848484848484,1.919191919191919,0.7426160337552743,0.742779280741012
7,train,719.4318181818181,1.9696969696969695,0.729957805907173,0.7307095024996192
7,train,737.8787878787878,2.02020202020202,0.729957805907173,0.7292154328524231
7,train,756.3257575757575,2.0707070707070705,0.729957805907173,0.7277244342649645
7,train,774.7727272727273,2.121212121212121,0.7257383966244725,0.7256575966448179
7,train,793.2196969696969,2.1717171717171713,0.721518987341772,0.71878846520923
7,train,811.6666666666666,2.2222222222222223,0.7130801687763713,0.7123684765856613
7,train,830.1136363636363,2.2727272727272725,0.7130801687763713,0.7106445512633157
7,train,848.560606060606,2.323232323232323,0.7046413502109704,0.7047470438518572
7,train,867.0075757575756,2.3737373737373733,0.6962025316455696,0.6949965743784903
7,train,885.4545454545454,2.424242424242424,0.6877637130801687,0.6874755186534304
7,train,903.9015151515151,2.4747474747474745,0.6877637130801687,0.6856277447431847
7,train,922.3484848484848,2.525252525252525,0.6793248945147679,0.6780527215260894
7,train,940.7954545454545,2.5757575757575757,0.6666666666666666,0.6667337252285752
7,train,959.2424242424241,2.626262626262626,0.6666666666666666,0.6637460771161654
7,train,977.6893939393939,2.6767676767676765,0.6582278481012658,0.6568446405275326
7,train,996.1363636363635,2.727272727272727,0.6497890295358649,0.6469280570265249
7,train,1014.5833333333333,2.7777777777777777,0.6413502109704642,0.6408782116144243
7,train,1033.030303030303,2.8282828282828283,0.6371308016877638,0.6374322988953975
7,train,1051.4772727272727,2.878787878787879,0.6329113924050633,0.6301437456172259
7,train,1069.9242424242423,2.929292929292929,0.6244725738396625,0.6247640322310642
7,train,1088.371212121212,2.9797979797979797,0.620253164556962,0.6189562106419189
7,train,1106.8181818181818,3.0303030303030303,0.6160337552742615,0.6139146749986423
7,train,1125.2651515151515,3.080808080808081,0.6033755274261602,0.6024661709312136
7,train,1143.712121212121,3.1313131313131306,0.5991561181434598,0.5984568369248157
7,train,1162.1590909090908,3.181818181818181,0.5991561181434598,0.596462765684284
7,train,1180.6060606060605,3.2323232323232323,0.5949367088607594,0.5930651190364206
7,train,1199.0530303030303,3.282828282828283,0.5822784810126582,0.5828176409072284
7,train,1217.5,3.3333333333333335,0.5822784810126582,0.5807640200329949
7,train,1235.9469696969695,3.383838383838383,0.5780590717299577,0.5787662723161121
7,train,1254.3939393939393,3.434343434343434,0.5780590717299577,0.577030225400358
7,train,1272.840909090909,3.4848484848484844,0.5780590717299577,0.5752994138917917
7,train,1291.2878787878788,3.5353535353535355,0.569620253164557,0.5673337846785496
7,train,1309.7348484848483,3.585858585858585,0.5654008438818565,0.5632331801390849
7,train,1328.181818181818,3.636363636363636,0.561181434599156,0.5614137298677992
7,train,1346.6287878787878,3.6868686868686864,0.561181434599156,0.5604240959097079
7,train,1365.0757575757575,3.737373737373737,0.561181434599156,0.5594362158526472
7,train,1383.5227272727273,3.7878787878787876,0.561181434599156,0.5584500865728164
7,train,1401.9696969696968,3.838383838383838,0.5569620253164556,0.5554769231565763
7,train,1420.4166666666665,3.8888888888888884,0.5527426160337552,0.5527322611158102
7,train,1438.8636363636363,3.939393939393939,0.5527426160337552,0.5513606083535685
7,train,1457.310606060606,3.9898989898989896,0.5527426160337552,0.5499923778571743
7,train,1475.7575757575755,4.04040404040404,0.5485232067510547,0.5452829357876406
7,train,1494.2045454545453,4.090909090909091,0.5400843881856539,0.5404894849041145
7,train,1512.651515151515,4.141414141414141,0.5400843881856539,0.5393036983211107
7,train,1531.0984848484848,4.191919191919192,0.5400843881856539,0.5381205273342549
7,train,1549.5454545454545,4.242424242424242,0.5400843881856539,0.5369399661454191
7,train,1567.992424242424,4.292929292929292,0.5358649789029535,0.5336917641150238
7,train,1586.4393939393938,4.3434343434343425,0.5316455696202531,0.5306649912318162
7,train,1604.8863636363635,4.393939393939394,0.5274261603375527,0.527637543040329
7,train,1623.3333333333333,4.444444444444445,0.5232067510548524,0.5221926676944819
7,train,1641.780303030303,4.494949494949495,0.518987341772152,0.5184104701465923
7,train,1660.2272727272725,4.545454545454545,0.5147679324894515,0.5153640283516909
7,train,1678.6742424242423,4.595959595959595,0.510548523206751,0.5098326407617534
7,train,1697.121212121212,4.646464646464646,0.510548523206751,0.5078299989831668
7,train,1715.5681818181818,4.696969696969697,0.5063291139240507,0.5033128968774944
7,train,1734.0151515151513,4.7474747474747465,0.5021097046413503,0.49996139140871926
7,train,1752.462121212121,4.797979797979798,0.49789029535864987,0.4963920534556277
7,train,1770.9090909090908,4.848484848484848,0.49367088607594944,0.4912258402766307
7,train,1789.3560606060605,4.898989898989899,0.489451476793249,0.48874882978548645
7,train,1807.8030303030303,4.949494949494949,0.489451476793249,0.48708585642030927
7,train,1826.25,5.0,0.4852320675105486,0.4840404900113108
7,val,0.0,0.0,1.0,1.0
7,val,18.446969696969695,0.050505050505050504,1.0,0.9876386406452713
7,val,36.89393939393939,0.10101010101010101,1.0,0.9837381509178912
7,val,55.340909090909086,0.1515151515151515,1.0,0.980048559273873
7,val,73.78787878787878,0.20202020202020202,0.9666666666666667,0.9747150658481097
7,val,92.23484848484847,0.2525252525252525,0.9666666666666667,0.9731730817704811
7,val,110.68181818181817,0.303030303030303,0.9666666666666667,0.9716335482019289
7,val,129.12878787878788,0.35353535353535354,0.9666666666666667,0.9696013337416135
7,val,147.57575757575756,0.40404040404040403,0.9333333333333333,0.9669465901473583
7,val,166.02272727272725,0.4545454545454545,0.9,0.9591175563606059
7,val,184.46969696969694,0.505050505050505,0.9,0.9550601419046586
7,val,202.91666666666666,0.5555555555555556,0.9,0.9446026955287861
7,val,221.36363636363635,0.606060606060606,0.9,0.9420331338952546
7,val,239.81060606060603,0.6565656565656565,0.9,0.9354998566505738
7,val,258.25757575757575,0.7070707070707071,0.9,0.9327214800037298
7,val,276.70454545454544,0.7575757575757576,0.9,0.9290537389596999
7,val,295.1515151515151,0.8080808080808081,0.9,0.9158265434422576
7,val,313.5984848484848,0.8585858585858585,0.9,0.8907616930861243
7,val,332.0454545454545,0.909090909090909,0.9,0.8842118041940179
7,val,350.4924242424242,0.9595959595959594,0.9,0.8719798373052161
7,val,368.9393939393939,1.01010101010101,0.8666666666666667,0.8614608698247077
7,val,387.3863636363636,1.0606060606060606,0.8666666666666667,0.8490114930896462
7,val,405.8333333333333,1.1111111111111112,0.8666666666666667,0.8434193982247523
7,val,424.280303030303,1.1616161616161615,0.8666666666666667,0.8240193069941075
7,val,442.7272727272727,1.212121212121212,0.8666666666666667,0.8178371677379128
7,val,461.1742424242424,1.2626262626262625,0.8666666666666667,0.809995414252401
7,val,479.62121212121207,1.313131313131313,0.8666666666666667,0.8057849610914994
7,val,498.06818181818176,1.3636363636363635,0.8666666666666667,0.8008254559532753
7,val,516.5151515151515,1.4141414141414141,0.8666666666666667,0.7980898207543909
7,val,534.9621212121211,1.4646464646464645,0.8666666666666667,0.796162656068619
7,val,553.4090909090909,1.5151515151515151,0.8666666666666667,0.7924207335377184
7,val,571.8560606060605,1.5656565656565653,0.8333333333333334,0.7825045024872834
7,val,590.3030303030303,1.6161616161616161,0.8333333333333334,0.781173488461485
7,val,608.75,1.6666666666666667,0.8333333333333334,0.7798447489010569
7,val,627.1969696969696,1.717171717171717,0.8,0.7769334169223825
7,val,645.6439393939394,1.7676767676767677,0.8,0.7667579369028648
7,val,664.090909090909,1.818181818181818,0.8,0.7561943764602449
7,val,682.5378787878788,1.8686868686868685,0.8,0.7539260315304419
7,val,700.9848484848484,1.919191919191919,0.8,0.7445380319056938
7,val,719.4318181818181,1.9696969696969695,0.8,0.732533850276696
7,val,737.8787878787878,2.02020202020202,0.8,0.7310477833916795
7,val,756.3257575757575,2.0707070707070705,0.8,0.7295647452146585
7,val,774.7727272727273,2.121212121212121,0.7333333333333334,0.727508899508973
7,val,793.2196969696969,2.1717171717171713,0.7333333333333334,0.7206759400533134
7,val,811.6666666666666,2.2222222222222223,0.7333333333333334,0.7142892550702135
7,val,830.1136363636363,2.2727272727272725,0.7333333333333334,0.7125741892430095
7,val,848.560606060606,2.323232323232323,0.7333333333333334,0.7067067214367544
7,val,867.0075757575756,2.3737373737373733,0.7333333333333334,0.6970049984912262
7,val,885.4545454545454,2.424242424242424,0.7333333333333334,0.6895207533253639
7,val,903.9015151515151,2.4747474747474745,0.7333333333333334,0.6876819168106771
7,val,922.3484848484848,2.525252525252525,0.7333333333333334,0.6801430914071822
7,val,940.7954545454545,2.5757575757575757,0.7333333333333334,0.6688768485230432
7,val,959.2424242424241,2.626262626262626,0.7333333333333334,0.6659028550667377
7,val,977.6893939393939,2.6767676767676765,0.7333333333333334,0.6590325257959809
7,val,996.1363636363635,2.727272727272727,0.7333333333333334,0.6491595674112906
7,val,1014.5833333333333,2.7777777777777777,0.7333333333333334,0.6431357084403128
7,val,1033.030303030303,2.8282828282828283,0.7333333333333334,0.6397043824770495
7,val,1051.4772727272727,2.878787878787879,0.7333333333333334,0.632446164284059
7,val,1069.9242424242423,2.929292929292929,0.7000000000000001,0.6270883867044145
7,val,1088.371212121212,2.9797979797979797,0.7000000000000001,0.6213038090555687
7,val,1106.8181818181818,3.0303030303030303,0.7000000000000001,0.6162820792364643
7,val,1125.2651515151515,3.080808080808081,0.7000000000000001,0.6048772547698971
7,val,1143.712121212121,3.1313131313131306,0.7000000000000001,0.6008827875845536
7,val,1162.1590909090908,3.181818181818181,0.7000000000000001,0.598896026643746
7,val,1180.6060606060605,3.2323232323232323,0.7000000000000001,0.5955107069252409
7,val,1199.0530303030303,3.282828282828283,0.7000000000000001,0.5852994153848169
7,val,1217.5,3.3333333333333335,0.7000000000000001,0.5832528656619819
7,val,1235.9469696969695,3.383838383838383,0.7000000000000001,0.5812619383603346
7,val,1254.3939393939393,3.434343434343434,0.7000000000000001,0.5795317715215365
7,val,1272.840909090909,3.4848484848484844,0.6666666666666667,0.5778067788333533
7,val,1291.2878787878788,3.5353535353535355,0.6666666666666667,0.5698673655489818
7,val,1309.7348484848483,3.585858585858585,0.6666666666666667,0.5657798927583738
7,val,1328.181818181818,3.636363636363636,0.6000000000000001,0.5639661892596609
7,val,1346.6287878787878,3.6868686868686864,0.6000000000000001,0.5629796604007655
7,val,1365.0757575757575,3.737373737373737,0.6000000000000001,0.5619948653761336
7,val,1383.5227272727273,3.7878787878787876,0.5666666666666668,0.5610118011251056
7,val,1401.9696969696968,3.838383838383838,0.5666666666666668,0.5580477905730213
7,val,1420.4166666666665,3.8888888888888884,0.5666666666666668,0.5553114599985847
7,val,1438.8636363636363,3.939393939393939,0.5666666666666668,0.5539439283021683
7,val,1457.310606060606,3.9898989898989896,0.5666666666666668,0.5525797802114951
7,val,1475.7575757575755,4.04040404040404,0.5666666666666668,0.5478841721706025
7,val,1494.2045454545453,4.090909090909091,0.5666666666666668,0.5431044536446084
7,val,1512.651515151515,4.141414141414141,0.5333333333333334,0.5419220095527053
7,val,1531.0984848484848,4.191919191919192,0.5333333333333334,0.5407421520218829
7,val,1549.5454545454545,4.242424242424242,0.5333333333333334,0.5395648753691321
7,val,1567.992424242424,4.292929292929292,0.5000000000000001,0.5363255986547972
7,val,1586.4393939393938,4.3434343434343425,0.5000000000000001,0.5333069944345392
7,val,1604.8863636363635,4.393939393939394,0.5000000000000001,0.5302875729109866
7,val,1623.3333333333333,4.444444444444445,0.5000000000000001,0.5248567691175836
7,val,1641.780303030303,4.494949494949495,0.5000000000000001,0.5210840684330572
7,val,1660.2272727272725,4.545454545454545,0.5000000000000001,0.5180451092926586
7,val,1678.6742424242423,4.595959595959595,0.5000000000000001,0.5125269246425247
7,val,1697.121212121212,4.646464646464646,0.5000000000000001,0.5105289403441158
7,val,1715.5681818181818,4.696969696969697,0.5000000000000001,0.5060221023389186
7,val,1734.0151515151513,4.7474747474747465,0.5000000000000001,0.5026779951245474
7,val,1752.462121212121,4.797979797979798,0.5000000000000001,0.4991163312864521
7,val,1770.9090909090908,4.848484848484848,0.5000000000000001,0.4939608481700078
7,val,1789.3560606060605,4.898989898989899,0.5000000000000001,0.49148882292440094
7,val,1807.8030303030303,4.949494949494949,0.5000000000000001,0.4898291381498847
7,val,1826.25,5.0,0.5000000000000001,0.4867896720445245
7,test,0.0,0.0,1.0,1.0
7,test,18.446969696969695,0.050505050505050504,0.9666666666666667,0.9873686602953633
7,test,36.89393939393939,0.10101010101010101,0.9666666666666667,0.9833837068186964
7,test,55.340909090909086,0.1515151515151515,0.9666666666666667,0.9796145407967758
7,test,73.78787878787878,0.20202020202020202,0.9666666666666667,0.9741665750330835
7,test,92.23484848484847,0.2525252525252525,0.9666666666666667,0.9725916185039943
7,test,110.68181818181817,0.303030303030303,0.9333333333333333,0.9710192200906403
7,test,129.12878787878788,0.35353535353535354,0.9333333333333333,0.968943708004137
7,test,147.57575757575756,0.40404040404040403,0.9333333333333333,0.9662325487498659
7,test,166.02272727272725,0.4545454545454545,0.9333333333333333,0.9582381038660777
7,test,184.46969696969694,0.505050505050505,0.9333333333333333,0.9540955332722831
7,test,202.91666666666666,0.5555555555555556,0.9333333333333333,0.9434204112824708
7,test,221.36363636363635,0.606060606060606,0.9333333333333333,0.9407977632218407
7,test,239.81060606060603,0.6565656565656565,0.9,0.934130225667089
7,test,258.25757575757575,0.7070707070707071,0.8666666666666667,0.9312950652461675
7,test,276.70454545454544,0.7575757575757576,0.8666666666666667,0.927552650681239
7,test,295.1515151515151,0.8080808080808081,0.8666666666666667,0.9140588857733019
7,test,313.5984848484848,0.8585858585858585,0.8666666666666667,0.8885008023856048
7,test,332.0454545454545,0.909090909090909,0.8333333333333334,0.8818246325677452
7,test,350.4924242424242,0.9595959595959594,0.8333333333333334,0.8693597770167805
7,test,368.9393939393939,1.01010101010101,0.8333333333333334,0.8586436333175441
7,test,387.3863636363636,1.0606060606060606,0.8,0.8459646460380896
7,test,405.8333333333333,1.1111111111111112,0.8,0.8402707510136715
7,test,424.280303030303,1.1616161616161615,0.8,0.820524017561503
7,test,442.7272727272727,1.212121212121212,0.8,0.814233569099997
7,test,461.1742424242424,1.2626262626262625,0.8,0.806255947914881
7,test,479.62121212121207,1.313131313131313,0.8,0.801973248969404
7,test,498.06818181818176,1.3636363636363635,0.8,0.7969292817623718
7,test,516.5151515151515,1.4141414141414141,0.8,0.7941473537839506
7,test,534.9621212121211,1.4646464646464645,0.7333333333333334,0.7921877042201727
7,test,553.4090909090909,1.5151515151515151,0.7333333333333334,0.7883830071980579
7,test,571.8560606060605,1.5656565656565653,0.7333333333333334,0.7783023523381212
7,test,590.3030303030303,1.6161616161616161,0.7333333333333334,0.7769494831434394
7,test,608.75,1.6666666666666667,0.7000000000000001,0.7755989767224293
7,test,627.1969696969696,1.717171717171717,0.6666666666666667,0.7726401309271567
7,test,645.6439393939394,1.7676767676767677,0.6666666666666667,0.7623005203505494
7,test,664.090909090909,1.818181818181818,0.6666666666666667,0.7515697872141299
7,test,682.5378787878788,1.8686868686868685,0.6666666666666667,0.749265976492863
7,test,700.9848484848484,1.919191919191919,0.6666666666666667,0.739732833174685
7,test,719.4318181818181,1.9696969696969695,0.6666666666666667,0.727546945273265
7,test,737.8787878787878,2.02020202020202,0.6666666666666667,0.726038690274093
7,test,756.3257575757575,2.0707070707070705,0.6666666666666667,0.724533576939198
7,test,774.7727272727273,2.121212121212121,0.6666666666666667,0.7224472419506364
7,test,793.2196969696969,2.1717171717171713,0.6666666666666667,0.7155138868295144
7,test,811.6666666666666,2.2222222222222223,0.6666666666666667,0.7090346799629867
7,test,830.1136363636363,2.2727272727272725,0.6333333333333334,0.7072949866890298
7,test,848.560606060606,2.323232323232323,0.6333333333333334,0.7013439681259395
7,test,867.0075757575756,2.3737373737373733,0.6333333333333334,0.6915065017178431
7,test,885.4545454545454,2.424242424242424,0.6333333333333334,0.6839196099669296
7,test,903.9015151515151,2.4747474747474745,0.6333333333333334,0.682055832213463
7,test,922.3484848484848,2.525252525252525,0.6333333333333334,0.6744159106238619
7,test,940.7954545454545,2.5757575757575757,0.6333333333333334,0.6630020894473189
7,test,959.2424242424241,2.626262626262626,0.6333333333333334,0.6599898467442531
7,test,977.6893939393939,2.6767676767676765,0.6333333333333334,0.6530322981319776
7,test,996.1363636363635,2.727272727272727,0.6333333333333334,0.6430368192593086
7,test,1014.5833333333333,2.7777777777777777,0.6333333333333334,0.6369398566476254
7,test,1033.030303030303,2.8282828282828283,0.6333333333333334,0.6334674538895312
7,test,1051.4772727272727,2.878787878787879,0.6333333333333334,0.6261237086248026
7,test,1069.9242424242423,2.929292929292929,0.6333333333333334,0.6207039940159347
7,test,1088.371212121212,2.9797979797979797,0.6333333333333334,0.6148536969685302
7,test,1106.8181818181818,3.0303030303030303,0.6000000000000001,0.6097758922721526
7,test,1125.2651515151515,3.080808080808081,0.6000000000000001,0.5982471313877427
7,test,1143.712121212121,3.1313131313131306,0.6000000000000001,0.5942103897525454
7,test,1162.1590909090908,3.181818181818181,0.6000000000000001,0.5922028234443523
7,test,1180.6060606060605,3.2323232323232323,0.6000000000000001,0.5887823926175806
7,test,1199.0530303030303,3.282828282828283,0.6000000000000001,0.578467811476014
7,test,1217.5,3.3333333333333335,0.5666666666666668,0.5764010374692433
7,test,1235.9469696969695,3.383838383838383,0.5666666666666668,0.5743905896184032
7,test,1254.3939393939393,3.434343434343434,0.5333333333333334,0.5726435827151758
7,test,1272.840909090909,3.4848484848484844,0.5333333333333334,0.5709019152750212
7,test,1291.2878787878788,3.5353535353535355,0.5333333333333334,0.562887244526243
7,test,1309.7348484848483,3.585858585858585,0.5333333333333334,0.5587619883808153
7,test,1328.181818181818,3.636363636363636,0.5333333333333334,0.556931730590499
7,test,1346.6287878787878,3.6868686868686864,0.5333333333333334,0.5559362520296537
7,test,1365.0757575757575,3.737373737373737,0.5000000000000001,0.5549425615451586
7,test,1383.5227272727273,3.7878787878787876,0.5000000000000001,0.5539506559110638
7,test,1401.9696969696968,3.838383838383838,0.5000000000000001,0.5509602210929592
7,test,1420.4166666666665,3.8888888888888884,0.5000000000000001,0.5481998080847561
7,test,1438.8636363636363,3.939393939393939,0.5000000000000001,0.5468203534882854
7,test,1457.310606060606,3.9898989898989896,0.5000000000000001,0.5454443870957381
7,test,1475.7575757575755,4.04040404040404,0.5000000000000001,0.5407086745790259
7,test,1494.2045454545453,4.090909090909091,0.5000000000000001,0.5358890557889616
7,test,1512.651515151515,4.141414141414141,0.5000000000000001,0.5346968853821875
7,test,1531.0984848484848,4.191919191919192,0.5000000000000001,0.5335073801937484
7,test,1549.5454545454545,4.242424242424242,0.5000000000000001,0.5323205342388284
7,test,1567.992424242424,4.292929292929292,0.5000000000000001,0.5290552237434164
7,test,1586.4393939393938,4.3434343434343425,0.5000000000000001,0.5260127520636445
7,test,1604.8863636363635,4.393939393939394,0.5000000000000001,0.5229698378545062
7,test,1623.3333333333333,4.444444444444445,0.5000000000000001,0.5174977459351456
7,test,1641.780303030303,4.494949494949495,0.5000000000000001,0.5136970996765372
7,test,1660.2272727272725,4.545454545454545,0.5000000000000001,0.5106360725486444
7,test,1678.6742424242423,4.595959595959595,0.5000000000000001,0.5050788338090132
7,test,1697.121212121212,4.646464646464646,0.5000000000000001,0.50306703476174
7,test,1715.5681818181818,4.696969696969697,0.5000000000000001,0.4985296755601774
7,test,1734.0151515151513,4.7474747474747465,0.5000000000000001,0.49516349872906973
7,test,1752.462121212121,4.797979797979798,0.5000000000000001,0.4915788743446221
7,test,1770.9090909090908,4.848484848484848,0.5000000000000001,0.48639115933404387
7,test,1789.3560606060605,4.898989898989899,0.5000000000000001,0.48390410311458215
7,test,1807.8030303030303,4.949494949494949,0.5000000000000001,0.4822344819015379
7,test,1826.25,5.0,0.5000000000000001,0.47917714339015977
8,train,0.0,0.0,1.0,1.0
8,train,18.446969696969695,0.050505050505050504,0.9873949579831933,0.9834307113885236
8,train,36.89393939393939,0.10101010101010101,0.9831932773109244,0.9794875475682728
8,train,55.340909090909086,0.1515151515151515,0.9789915966386555,0.9750169134311313
8,train,73.78787878787878,0.20202020202020202,0.9663865546218489,0.9661469891875046
8,train,92.23484848484847,0.2525252525252525,0.9663865546218489,0.9639981968639388
8,train,110.68181818181817,0.303030303030303,0.96218487394958,0.9611779709810155
8,train,129.12878787878788,0.35353535353535354,0.9579831932773111,0.9557391540877969
8,train,147.57575757575756,0.40404040404040403,0.9579831932773111,0.9504226755838591
8,train,166.02272727272725,0.4545454545454545,0.9453781512605043,0.9438696045185636
8,train,184.46969696969694,0.505050505050505,0.9453781512605043,0.9418338424123991
8,train,202.91666666666666,0.5555555555555556,0.9369747899159665,0.9360301860912448
8,train,221.36363636363635,0.606060606060606,0.9369747899159665,0.933450978050726
8,train,239.81060606060603,0.6565656565656565,0.9243697478991598,0.9228118155782093
8,train,258.25757575757575,0.7070707070707071,0.9201680672268909,0.9202970371647128
8,train,276.70454545454544,0.7575757575757576,0.9201680672268909,0.9162244448350174
8,train,295.1515151515151,0.8080808080808081,0.9033613445378154,0.902926215145902
8,train,313.5984848484848,0.8585858585858585,0.8781512605042018,0.8777507120968977
8,train,332.0454545454545,0.909090909090909,0.869747899159664,0.8674509817546397
8,train,350.4924242424242,0.9595959595959594,0.8571428571428573,0.8546856545322672
8,train,368.9393939393939,1.01010101010101,0.8487394957983195,0.8453345510596456
8,train,387.3863636363636,1.0606060606060606,0.831932773109244,0.8316075109068967
8,train,405.8333333333333,1.1111111111111112,0.8277310924369751,0.8259891137203307
8,train,424.280303030303,1.1616161616161615,0.8151260504201684,0.8133885790425447
8,train,442.7272727272727,1.212121212121212,0.8109243697478995,0.8086930217930606
8,train,461.1742424242424,1.2626262626262625,0.8025210084033617,0.802039230089328
8,train,479.62121212121207,1.313131313131313,0.8025210084033617,0.8005501591114572
8,train,498.06818181818176,1.3636363636363635,0.8025210084033617,0.7990638865376011
8,train,516.5151515151515,1.4141414141414141,0.7983193277310928,0.7953293145787431
8,train,534.9621212121211,1.4646464646464645,0.7899159663865549,0.7894500501787906
8,train,553.4090909090909,1.5151515151515151,0.785714285714286,0.783166456953425
8,train,571.8560606060605,1.5656565656565653,0.7689075630252105,0.7687045381630339
8,train,590.3030303030303,1.6161616161616161,0.7689075630252105,0.7657324110931717
8,train,608.75,1.6666666666666667,0.7647058823529416,0.7617012946862746
8,train,627.1969696969696,1.717171717171717,0.7521008403361349,0.7508918112932564
8,train,645.6439393939394,1.7676767676767677,0.7436974789915971,0.7406842786190422
8,train,664.090909090909,1.818181818181818,0.7310924369747904,0.7300886583535035
8,train,682.5378787878788,1.8686868686868685,0.7310924369747904,0.7278149627070835
8,train,700.9848484848484,1.919191919191919,0.7226890756302525,0.7214322686015315
8,train,719.4318181818181,1.9696969696969695,0.7184873949579836,0.7189605903496915
8,train,737.8787878787878,2.02020202020202,0.7184873949579836,0.7174695013756559
8,train,756.3257575757575,2.0707070707070705,0.7184873949579836,0.7159815429927257
8,train,774.7727272727273,2.121212121212121,0.7142857142857147,0.713919376747188
8,train,793.2196969696969,2.1717171717171713,0.7100840336134459,0.7076558078389186
8,train,811.6666666666666,2.2222222222222223,0.705882352941177,0.7027300772690169
8,train,830.1136363636363,2.2727272727272725,0.7016806722689081,0.6996093183505153
8,train,848.560606060606,2.323232323232323,0.6932773109243703,0.6930470418566153
8,train,867.0075757575756,2.3737373737373733,0.6848739495798325,0.6833041534314784
8,train,885.4545454545454,2.424242424242424,0.6764705882352946,0.675786774614563
8,train,903.9015151515151,2.4747474747474745,0.6764705882352946,0.6739397981879223
8,train,922.3484848484848,2.525252525252525,0.6680672268907568,0.6663640824191011
8,train,940.7954545454545,2.5757575757575757,0.6554621848739501,0.655040612704377
8,train,959.2424242424241,2.626262626262626,0.6554621848739501,0.6520509591372498
8,train,977.6893939393939,2.6767676767676765,0.6470588235294124,0.6458284327757954
8,train,996.1363636363635,2.727272727272727,0.6428571428571435,0.6394341612765516
8,train,1014.5833333333333,2.7777777777777777,0.6386554621848746,0.6369775907107067
8,train,1033.030303030303,2.8282828282828283,0.6344537815126057,0.6341511418497144
8,train,1051.4772727272727,2.878787878787879,0.6302521008403368,0.6286862352063248
8,train,1069.9242424242423,2.929292929292929,0.6260504201680679,0.6256984190974959
8,train,1088.371212121212,2.9797979797979797,0.621848739495799,0.6198854485345838
8,train,1106.8181818181818,3.0303030303030303,0.6134453781512612,0.6128951382268617
8,train,1125.2651515151515,3.080808080808081,0.6050420168067234,0.6033914945062824
8,train,1143.712121212121,3.1313131313131306,0.6008403361344545,0.5999593560147087
8,train,1162.1590909090908,3.181818181818181,0.6008403361344545,0.5986396500451064
8,train,1180.6060606060605,3.2323232323232323,0.6008403361344545,0.5973228833472088
8,train,1199.0530303030303,3.282828282828283,0.5924369747899167,0.5908196256408498
8,train,1217.5,3.3333333333333335,0.5882352941176479,0.5871667911164244
8,train,1235.9469696969695,3.383838383838383,0.584033613445379,0.583531298068762
8,train,1254.3939393939393,3.434343434343434,0.5798319327731101,0.5795659062346212
8,train,1272.840909090909,3.4848484848484844,0.5798319327731101,0.5765618424169907
8,train,1291.2878787878788,3.5353535353535355,0.5714285714285723,0.5682345148124537
8,train,1309.7348484848483,3.585858585858585,0.5672268907563034,0.563967158356469
8,train,1328.181818181818,3.636363636363636,0.5588235294117656,0.557383212829589
8,train,1346.6287878787878,3.6868686868686864,0.5588235294117656,0.5554308011067517
8,train,1365.0757575757575,3.737373737373737,0.5546218487394967,0.5522953842359666
8,train,1383.5227272727273,3.7878787878787876,0.5504201680672278,0.5499122157681177
8,train,1401.9696969696968,3.838383838383838,0.5504201680672278,0.5491448851084588
8,train,1420.4166666666665,3.8888888888888884,0.5504201680672278,0.5483786386837601
8,train,1438.8636363636363,3.939393939393939,0.5504201680672278,0.5476134749445124
8,train,1457.310606060606,3.9898989898989896,0.5504201680672278,0.5468493923434419
8,train,1475.7575757575755,4.04040404040404,0.5504201680672278,0.5460863893355096
8,train,1494.2045454545453,4.090909090909091,0.54201680672269,0.5414329267048891
8,train,1512.651515151515,4.141414141414141,0.54201680672269,0.5403904185622005
8,train,1531.0984848484848,4.191919191919192,0.54201680672269,0.539349943106382
8,train,1549.5454545454545,4.242424242424242,0.54201680672269,0.5383114963288026
8,train,1567.992424242424,4.292929292929292,0.5378151260504211,0.5354936088290252
8,train,1586.4393939393938,4.3434343434343425,0.5336134453781523,0.531561492204014
8,train,1604.8863636363635,4.393939393939394,0.5294117647058834,0.5285357129486572
8,train,1623.3333333333333,4.444444444444445,0.5252100840336145,0.5230918772993979
8,train,1641.780303030303,4.494949494949495,0.5210084033613456,0.5193102187621279
8,train,1660.2272727272725,4.545454545454545,0.5168067226890767,0.5162632010141665
8,train,1678.6742424242423,4.595959595959595,0.5126050420168078,0.5107265420558531
8,train,1697.121212121212,4.646464646464646,0.5126050420168078,0.5087215360872022
8,train,1715.5681818181818,4.696969696969697,0.5084033613445389,0.50419805921672
8,train,1734.0151515151513,4.7474747474747465,0.50420168067227,0.5008406115827878
8,train,1752.462121212121,4.797979797979798,0.5000000000000011,0.4972647807381868
8,train,1770.9090909090908,4.848484848484848,0.4957983193277322,0.49208772732922196
8,train,1789.3560606060605,4.898989898989899,0.4915966386554633,0.4896049462865888
8,train,1807.8030303030303,4.949494949494949,0.4915966386554633,0.48793804234418625
8,train,1826.25,5.0,0.48739495798319443,0.48647589064128294
8,val,0.0,0.0,1.0,1.0
8,val,18.446969696969695,0.050505050505050504,1.0,0.9836332600024755
8,val,36.89393939393939,0.10101010101010101,1.0,0.9797378156598042
8,val,55.340909090909086,0.1515151515151515,1.0,0.9753210576669981
8,val,73.78787878787878,0.20202020202020202,1.0,0.9665573083424969
8,val,92.23484848484847,0.2525252525252525,1.0,0.9644340931324112
8,val,110.68181818181817,0.303030303030303,1.0,0.9616473505503058
8,val,129.12878787878788,0.35353535353535354,1.0,0.9562728299441009
8,val,147.57575757575756,0.40404040404040403,0.9666666666666667,0.951018847872301
8,val,166.02272727272725,0.4545454545454545,0.9666666666666667,0.9445423255687824
8,val,184.46969696969694,0.505050505050505,0.9666666666666667,0.942530234538409
8,val,202.91666666666666,0.5555555555555556,0.9666666666666667,0.9367937747714972
8,val,221.36363636363635,0.606060606060606,0.9666666666666667,0.9342442930797138
8,val,239.81060606060603,0.6565656565656565,0.9666666666666667,0.9237268565072531
8,val,258.25757575757575,0.7070707070707071,0.9333333333333333,0.9212406387798251
8,val,276.70454545454544,0.7575757575757576,0.9333333333333333,0.9172141266504903
8,val,295.1515151515151,0.8080808080808081,0.9333333333333333,0.9040648632491389
8,val,313.5984848484848,0.8585858585858585,0.9333333333333333,0.8791649829863896
8,val,332.0454545454545,0.909090909090909,0.9333333333333333,0.8689755562216616
8,val,350.4924242424242,0.9595959595959594,0.9333333333333333,0.8563449176464569
8,val,368.9393939393939,1.01010101010101,0.9,0.8470910411155869
8,val,387.3863636363636,1.0606060606060606,0.9,0.8335044907440481
8,val,405.8333333333333,1.1111111111111112,0.9,0.8279428189373791
8,val,424.280303030303,1.1616161616161615,0.8666666666666667,0.8154678418218079
8,val,442.7272727272727,1.212121212121212,0.8666666666666667,0.8108184794795542
8,val,461.1742424242424,1.2626262626262625,0.8666666666666667,0.8042295898983222
8,val,479.62121212121207,1.313131313131313,0.8333333333333334,0.8027549534669466
8,val,498.06818181818176,1.3636363636363635,0.8333333333333334,0.8012830553193271
8,val,516.5151515151515,1.4141414141414141,0.8333333333333334,0.7975844562233251
8,val,534.9621212121211,1.4646464646464645,0.8333333333333334,0.7917613981605568
8,val,553.4090909090909,1.5151515151515151,0.8333333333333334,0.78553729788687
8,val,571.8560606060605,1.5656565656565653,0.8333333333333334,0.7712100047295528
8,val,590.3030303030303,1.6161616161616161,0.8333333333333334,0.7682651436622863
8,val,608.75,1.6666666666666667,0.8333333333333334,0.7642707874422753
8,val,627.1969696969696,1.717171717171717,0.8333333333333334,0.7535586113725256
8,val,645.6439393939394,1.7676767676767677,0.8333333333333334,0.743441254903239
8,val,664.090909090909,1.818181818181818,0.8333333333333334,0.7329374534898716
8,val,682.5378787878788,1.8686868686868685,0.8333333333333334,0.7306832213974007
8,val,700.9848484848484,1.919191919191919,0.8333333333333334,0.7243547083565307
8,val,719.4318181818181,1.9696969696969695,0.8333333333333334,0.7219038296239624
8,val,737.8787878787878,2.02020202020202,0.8333333333333334,0.7204252390050381
8,val,756.3257575757575,2.0707070707070705,0.8333333333333334,0.7189497156026418
8,val,774.7727272727273,2.121212121212121,0.7666666666666667,0.7169047215544827
8,val,793.2196969696969,2.1717171717171713,0.7666666666666667,0.7106928709471477
8,val,811.6666666666666,2.2222222222222223,0.7333333333333334,0.7058073439670437
8,val,830.1136363636363,2.2727272727272725,0.7333333333333334,0.7027118417080962
8,val,848.560606060606,2.323232323232323,0.7333333333333334,0.6962021268373395
8,val,867.0075757575756,2.3737373737373733,0.7333333333333334,0.6865358930065617
8,val,885.4545454545454,2.424242424242424,0.7333333333333334,0.6790765158662677
8,val,903.9015151515151,2.4747474747474745,0.7333333333333334,0.677243636223519
8,val,922.3484848484848,2.525252525252525,0.7333333333333334,0.6697251002396236
8,val,940.7954545454545,2.5757575757575757,0.7333333333333334,0.6584851553301484
8,val,959.2424242424241,2.626262626262626,0.7333333333333334,0.6555171613211963
8,val,977.6893939393939,2.6767676767676765,0.7333333333333334,0.6493391840120747
8,val,996.1363636363635,2.727272727272727,0.7333333333333334,0.6429899358368056
8,val,1014.5833333333333,2.7777777777777777,0.7000000000000001,0.6405504572230194
8,val,1033.030303030303,2.8282828282828283,0.7000000000000001,0.6377435319335004
8,val,1051.4772727272727,2.878787878787879,0.7000000000000001,0.6323159408394672
8,val,1069.9242424242423,2.929292929292929,0.6333333333333334,0.629348283286014
8,val,1088.371212121212,2.9797979797979797,0.6333333333333334,0.6235740364008663
8,val,1106.8181818181818,3.0303030303030303,0.6333333333333334,0.6166294172875434
8,val,1125.2651515151515,3.080808080808081,0.6333333333333334,0.6071863398482524
8,val,1143.712121212121,3.1313131313131306,0.6333333333333334,0.6037756292822246
8,val,1162.1590909090908,3.181818181818181,0.6333333333333334,0.6024640992852477
8,val,1180.6060606060605,3.2323232323232323,0.6333333333333334,0.6011554551446796
8,val,1199.0530303030303,3.282828282828283,0.6333333333333334,0.594691794677567
8,val,1217.5,3.3333333333333335,0.6333333333333334,0.5910608208216015
8,val,1235.9469696969695,3.383838383838383,0.6333333333333334,0.5874468104242386
8,val,1254.3939393939393,3.434343434343434,0.6333333333333334,0.5835045365961293
8,val,1272.840909090909,3.4848484848484844,0.6000000000000001,0.5805177667364932
8,val,1291.2878787878788,3.5353535353535355,0.6000000000000001,0.5722373795371082
8,val,1309.7348484848483,3.585858585858585,0.6000000000000001,0.567993503412638
8,val,1328.181818181818,3.636363636363636,0.5666666666666668,0.5614450121730301
8,val,1346.6287878787878,3.6868686868686864,0.5666666666666668,0.5595029324205238
8,val,1365.0757575757575,3.737373737373737,0.5666666666666668,0.5563839326784012
8,val,1383.5227272727273,3.7878787878787876,0.5666666666666668,0.5540130974297289
8,val,1401.9696969696968,3.838383838383838,0.5666666666666668,0.5532497110287625
8,val,1420.4166666666665,3.8888888888888884,0.5666666666666668,0.5524873902390033
8,val,1438.8636363636363,3.939393939393939,0.5666666666666668,0.5517261335550594
8,val,1457.310606060606,3.9898989898989896,0.5666666666666668,0.550965939473689
8,val,1475.7575757575755,4.04040404040404,0.5333333333333334,0.550206806493797
8,val,1494.2045454545453,4.090909090909091,0.5333333333333334,0.5455766644083936
8,val,1512.651515151515,4.141414141414141,0.5000000000000001,0.5445393139507956
8,val,1531.0984848484848,4.191919191919192,0.5000000000000001,0.5435039616432608
8,val,1549.5454545454545,4.242424242424242,0.5000000000000001,0.5424706035905831
8,val,1567.992424242424,4.292929292929292,0.5000000000000001,0.5396664012648155
8,val,1586.4393939393938,4.3434343434343425,0.5000000000000001,0.5357530782005762
8,val,1604.8863636363635,4.393939393939394,0.5000000000000001,0.5327415188475199
8,val,1623.3333333333333,4.444444444444445,0.5000000000000001,0.5273227330006173
8,val,1641.780303030303,4.494949494949495,0.5000000000000001,0.523558068416959
8,val,1660.2272727272725,4.545454545454545,0.5000000000000001,0.5205244983548665
8,val,1678.6742424242423,4.595959595959595,0.5000000000000001,0.515011710651397
8,val,1697.121212121212,4.646464646464646,0.5000000000000001,0.51301516843531
8,val,1715.5681818181818,4.696969696969697,0.5000000000000001,0.5085104304986078
8,val,1734.0151515151513,4.7474747474747465,0.5000000000000001,0.5051665701886188
8,val,1752.462121212121,4.797979797979798,0.5000000000000001,0.5016049070563432
8,val,1770.9090909090908,4.848484848484848,0.5000000000000001,0.49644780625874546
8,val,1789.3560606060605,4.898989898989899,0.5000000000000001,0.49397435738335804
8,val,1807.8030303030303,4.949494949494949,0.5000000000000001,0.49231363229971464
8,val,1826.25,5.0,0.5000000000000001,0.49085684295537285
8,test,0.0,0.0,1.0,1.0
8,test,18.446969696969695,0.050505050505050504,1.0,0.9839007667812606
8,test,36.89393939393939,0.10101010101010101,1.0,0.980068465934123
8,test,55.340909090909086,0.1515151515151515,1.0,0.9757230546020387
8,test,73.78787878787878,0.20202020202020202,1.0,0.9671000884349508
8,test,92.23484848484847,0.2525252525252525,1.0,0.9650108233489779
8,test,110.68181818181817,0.303030303030303,1.0,0.9622685467307702
8,test,129.12878787878788,0.35353535353535354,1.0,0.9569794808480859
8,test,147.57575757575756,0.40404040404040403,1.0,0.9518086496014118
8,test,166.02272727272725,0.4545454545454545,1.0,0.9454340954151226
8,test,184.46969696969694,0.505050505050505,0.9655172413793104,0.9434535632046553
8,test,202.91666666666666,0.5555555555555556,0.9310344827586208,0.9378067629652536
8,test,221.36363636363635,0.606060606060606,0.9310344827586208,0.9352969789320545
8,test,239.81060606060603,0.6565656565656565,0.9310344827586208,0.9249423230193557
8,test,258.25757575757575,0.7070707070707071,0.9310344827586208,0.9224943516818942
8,test,276.70454545454544,0.7575757575757576,0.9310344827586208,0.9185295901219068
8,test,295.1515151515151,0.8080808080808081,0.9310344827586208,0.9055803263616322
8,test,313.5984848484848,0.8585858585858585,0.9310344827586208,0.8810520832564827
8,test,332.0454545454545,0.909090909090909,0.9310344827586208,0.8710120003146339
8,test,350.4924242424242,0.9595959595959594,0.9310344827586208,0.8585642297580807
8,test,368.9393939393939,1.01010101010101,0.8965517241379312,0.8494427222674532
8,test,387.3863636363636,1.0606060606060606,0.8965517241379312,0.8360480064891573
8,test,405.8333333333333,1.1111111111111112,0.8965517241379312,0.8305639889768366
8,test,424.280303030303,1.1616161616161615,0.8620689655172415,0.8182613177221261
8,test,442.7272727272727,1.212121212121212,0.8620689655172415,0.8136755019113231
8,test,461.1742424242424,1.2626262626262625,0.8620689655172415,0.807176036283169
8,test,479.62121212121207,1.313131313131313,0.8620689655172415,0.8057213114221995
8,test,498.06818181818176,1.3636363636363635,0.8620689655172415,0.8042692504505982
8,test,516.5151515151515,1.4141414141414141,0.8275862068965518,0.800620332823033
8,test,534.9621212121211,1.4646464646464645,0.8275862068965518,0.7948750102643829
8,test,553.4090909090909,1.5151515151515151,0.8275862068965518,0.7887333409645914
8,test,571.8560606060605,1.5656565656565653,0.8275862068965518,0.7745931750088526
8,test,590.3030303030303,1.6161616161616161,0.8275862068965518,0.7716863179774708
8,test,608.75,1.6666666666666667,0.8275862068965518,0.7677432570488363
8,test,627.1969696969696,1.717171717171717,0.8275862068965518,0.757167196094996
8,test,645.6439393939394,1.7676767676767677,0.8275862068965518,0.74717643044547
8,test,664.090909090909,1.818181818181818,0.8275862068965518,0.7368019990512731
8,test,682.5378787878788,1.8686868686868685,0.8275862068965518,0.734575254693943
8,test,700.9848484848484,1.919191919191919,0.7931034482758622,0.7283233826492456
8,test,719.4318181818181,1.9696969696969695,0.724137931034483,0.7259019746852885
8,test,737.8787878787878,2.02020202020202,0.724137931034483,0.7244411063361127
8,test,756.3257575757575,2.0707070707070705,0.724137931034483,0.7229832254319585
8,test,774.7727272727273,2.121212121212121,0.724137931034483,0.7209626116739353
8,test,793.2196969696969,2.1717171717171713,0.724137931034483,0.7148243079833547
8,test,811.6666666666666,2.2222222222222223,0.724137931034483,0.7099960809373469
8,test,830.1136363636363,2.2727272727272725,0.724137931034483,0.7069366345346855
8,test,848.560606060606,2.323232323232323,0.724137931034483,0.7005021061444563
8,test,867.0075757575756,2.3737373737373733,0.724137931034483,0.6909459037663094
8,test,885.4545454545454,2.424242424242424,0.724137931034483,0.6835701011978393
8,test,903.9015151515151,2.4747474747474745,0.724137931034483,0.6817575768993765
8,test,922.3484848484848,2.525252525252525,0.724137931034483,0.6743217878604713
8,test,940.7954545454545,2.5757575757575757,0.724137931034483,0.663203264779159
8,test,959.2424242424241,2.626262626262626,0.724137931034483,0.6602668705876014
8,test,977.6893939393939,2.6767676767676765,0.724137931034483,0.6541540416217145
8,test,996.1363636363635,2.727272727272727,0.6896551724137933,0.6478708555866162
8,test,1014.5833333333333,2.7777777777777777,0.6896551724137933,0.6454565162447802
8,test,1033.030303030303,2.8282828282828283,0.6896551724137933,0.6426783488115354
8,test,1051.4772727272727,2.878787878787879,0.6896551724137933,0.6373058516928173
8,test,1069.9242424242423,2.929292929292929,0.6896551724137933,0.6343680297110497
8,test,1088.371212121212,2.9797979797979797,0.6896551724137933,0.6286512451360298
8,test,1106.8181818181818,3.0303030303030303,0.6896551724137933,0.6217746930370186
8,test,1125.2651515151515,3.080808080808081,0.6551724137931035,0.6124223180079407
8,test,1143.712121212121,3.1313131313131306,0.6551724137931035,0.6090438359678928
8,test,1162.1590909090908,3.181818181818181,0.6551724137931035,0.6077446230271842
8,test,1180.6060606060605,3.2323232323232323,0.6206896551724139,0.6064482266651076
8,test,1199.0530303030303,3.282828282828283,0.5862068965517242,0.6000444387040962
8,test,1217.5,3.3333333333333335,0.5862068965517242,0.5964466411395389
8,test,1235.9469696969695,3.383838383838383,0.5862068965517242,0.5928653223314716
8,test,1254.3939393939393,3.434343434343434,0.5862068965517242,0.5889583314622038
8,test,1272.840909090909,3.4848484848484844,0.5862068965517242,0.5859980283212365
8,test,1291.2878787878788,3.5353535353535355,0.5862068965517242,0.5777898107011339
8,test,1309.7348484848483,3.585858585858585,0.5862068965517242,0.5735822286127026
8,test,1328.181818181818,3.636363636363636,0.5862068965517242,0.5670888046510331
8,test,1346.6287878787878,3.6868686868686864,0.5862068965517242,0.5651628357341829
8,test,1365.0757575757575,3.737373737373737,0.5862068965517242,0.5620694973628858
8,test,1383.5227272727273,3.7878787878787876,0.5862068965517242,0.559717991598813
8,test,1401.9696969696968,3.838383838383838,0.5517241379310346,0.5589607965294379
8,test,1420.4166666666665,3.8888888888888884,0.517241379310345,0.558204642546473
8,test,1438.8636363636363,3.939393939393939,0.517241379310345,0.557449528196449
8,test,1457.310606060606,3.9898989898989896,0.517241379310345,0.5566954520279557
8,test,1475.7575757575755,4.04040404040404,0.517241379310345,0.5559424125916372
8,test,1494.2045454545453,4.090909090909091,0.517241379310345,0.5513490925101419
8,test,1512.651515151515,4.141414141414141,0.517241379310345,0.5503199103122829
8,test,1531.0984848484848,4.191919191919192,0.517241379310345,0.5492926806516575
8,test,1549.5454545454545,4.242424242424242,0.517241379310345,0.5482673997668719
8,test,1567.992424242424,4.292929292929292,0.4827586206896553,0.5454849655506667
8,test,1586.4393939393938,4.3434343434343425,0.4827586206896553,0.541601649963555
8,test,1604.8863636363635,4.393939393939394,0.4827586206896553,0.5386128873339813
8,test,1623.3333333333333,4.444444444444445,0.4827586206896553,0.5332344657541961
8,test,1641.780303030303,4.494949494949495,0.4827586206896553,0.5294973439435204
8,test,1660.2272727272725,4.545454545454545,0.4827586206896553,0.5264856667665679
8,test,1678.6742424242423,4.595959595959595,0.4827586206896553,0.5210119696023454
8,test,1697.121212121212,4.646464646464646,0.4827586206896553,0.5190293617802448
8,test,1715.5681818181818,4.696969696969697,0.4827586206896553,0.5145556241131278
8,test,1734.0151515151513,4.7474747474747465,0.4827586206896553,0.511234378318182
8,test,1752.462121212121,4.797979797979798,0.4827586206896553,0.5076964272879771
8,test,1770.9090909090908,4.848484848484848,0.4827586206896553,0.5025729673257938
8,test,1789.3560606060605,4.898989898989899,0.4827586206896553,0.5001153596968887
8,test,1807.8030303030303,4.949494949494949,0.4827586206896553,0.4984651631473229
8,test,1826.25,5.0,0.4827586206896553,0.49701753793143405
9,train,0.0,0.0,1.0,1.0
9,train,18.446969696969695,0.050505050505050504,0.9873949579831933,0.9834262068044501
9,train,36.89393939393939,0.10101010101010101,0.9831932773109244,0.9794821342594073
9,train,55.340909090909086,0.1515151515151515,0.9789915966386555,0.9750112283918952
9,train,73.78787878787878,0.20202020202020202,0.9663865546218489,0.9661383052354757
9,train,92.23484848484847,0.2525252525252525,0.9663865546218489,0.9639886979163858
9,train,110.68181818181817,0.303030303030303,0.96218487394958,0.9611672820203587
9,train,129.12878787878788,0.35353535353535354,0.9579831932773111,0.956902284241184
9,train,147.57575757575756,0.40404040404040403,0.9579831932773111,0.9542366627662484
9,train,166.02272727272725,0.4545454545454545,0.9495798319327733,0.9463771176054261
9,train,184.46969696969694,0.505050505050505,0.9453781512605044,0.9423051497554296
9,train,202.91666666666666,0.5555555555555556,0.9327731092436977,0.9318108011447555
9,train,221.36363636363635,0.606060606060606,0.9327731092436977,0.9292327536842245
9,train,239.81060606060603,0.6565656565656565,0.920168067226891,0.9192594847496363
9,train,258.25757575757575,0.7070707070707071,0.920168067226891,0.9177121986723984
9,train,276.70454545454544,0.7575757575757576,0.920168067226891,0.9161675211731202
9,train,295.1515151515151,0.8080808080808081,0.9075630252100844,0.903916722037591
9,train,313.5984848484848,0.8585858585858585,0.8865546218487398,0.886533880841313
9,train,332.0454545454545,0.909090909090909,0.8823529411764708,0.8809398284052212
9,train,350.4924242424242,0.9595959595959594,0.8781512605042019,0.8757029610057844
9,train,368.9393939393939,1.01010101010101,0.8655462184873952,0.8638388877029456
9,train,387.3863636363636,1.0606060606060606,0.8487394957983196,0.8484659731784825
9,train,405.8333333333333,1.1111111111111112,0.8445378151260508,0.842851129083114
9,train,424.280303030303,1.1616161616161615,0.8235294117647063,0.8233671714615547
9,train,442.7272727272727,1.212121212121212,0.8193277310924374,0.817160412071235
9,train,461.1742424242424,1.2626262626262625,0.8109243697478996,0.8092887122573024
9,train,479.62121212121207,1.313131313131313,0.8067226890756307,0.8050630284068417
9,train,498.06818181818176,1.3636363636363635,0.8067226890756307,0.8000855833426884
9,train,516.5151515151515,1.4141414141414141,0.7983193277310929,0.7954225852087926
9,train,534.9621212121211,1.4646464646464645,0.789915966386555,0.7895439001536342
9,train,553.4090909090909,1.5151515151515151,0.7857142857142861,0.7832606606746707
9,train,571.8560606060605,1.5656565656565653,0.7731092436974795,0.7729668988742894
9,train,590.3030303030303,1.6161616161616161,0.7731092436974795,0.7699918344542251
9,train,608.75,1.6666666666666667,0.7689075630252106,0.7659586354101189
9,train,627.1969696969696,1.717171717171717,0.7605042016806728,0.7599845511578707
9,train,645.6439393939394,1.7676767676767677,0.7563025210084039,0.7539431641354611
9,train,664.090909090909,1.818181818181818,0.752100840336135,0.7510534193169282
9,train,682.5378787878788,1.8686868686868685,0.752100840336135,0.748844914032584
9,train,700.9848484848484,1.919191919191919,0.7436974789915972,0.7436454779513655
9,train,719.4318181818181,1.9696969696969695,0.7310924369747904,0.7316153154590497
9,train,737.8787878787878,2.02020202020202,0.7310924369747904,0.7298555652516479
9,train,756.3257575757575,2.0707070707070705,0.7310924369747904,0.7281000546435363
9,train,774.7727272727273,2.121212121212121,0.7184873949579836,0.718619996158669
9,train,793.2196969696969,2.1717171717171713,0.7142857142857147,0.7119468480266898
9,train,811.6666666666666,2.2222222222222223,0.7100840336134459,0.7070288026801255
9,train,830.1136363636363,2.2727272727272725,0.705882352941177,0.7039146377842518
9,train,848.560606060606,2.323232323232323,0.6974789915966392,0.6973643239764502
9,train,867.0075757575756,2.3737373737373733,0.6890756302521014,0.6876432228281605
9,train,885.4545454545454,2.424242424242424,0.6806722689075636,0.680144914912585
9,train,903.9015151515151,2.4747474747474745,0.6806722689075636,0.6783029554512915
9,train,922.3484848484848,2.525252525252525,0.6722689075630258,0.6707537713094738
9,train,940.7954545454545,2.5757575757575757,0.6596638655462191,0.6594729479741489
9,train,959.2424242424241,2.626262626262626,0.6596638655462191,0.6564957292760392
9,train,977.6893939393939,2.6767676767676765,0.6554621848739502,0.6528728461500538
9,train,996.1363636363635,2.727272727272727,0.6470588235294125,0.6439433223041516
9,train,1014.5833333333333,2.7777777777777777,0.6386554621848747,0.637920089368091
9,train,1033.030303030303,2.8282828282828283,0.6344537815126058,0.63449023024335
9,train,1051.4772727272727,2.878787878787879,0.6302521008403369,0.6272360493359476
9,train,1069.9242424242423,2.929292929292929,0.6218487394957991,0.6218830500574621
9,train,1088.371212121212,2.9797979797979797,0.6176470588235302,0.6161046106293141
9,train,1106.8181818181818,3.0303030303030303,0.6092436974789924,0.6089074427872534
9,train,1125.2651515151515,3.080808080808081,0.6008403361344546,0.5982178992943158
9,train,1143.712121212121,3.1313131313131306,0.5966386554621858,0.5957044608828506
9,train,1162.1590909090908,3.181818181818181,0.5966386554621858,0.5937202886717496
9,train,1180.6060606060605,3.2323232323232323,0.5924369747899169,0.5903400521152887
9,train,1199.0530303030303,3.282828282828283,0.5840336134453791,0.5837320876810345
9,train,1217.5,3.3333333333333335,0.5798319327731102,0.5793527993477118
9,train,1235.9469696969695,3.383838383838383,0.5756302521008413,0.5757404919167598
9,train,1254.3939393939393,3.434343434343434,0.5714285714285724,0.5718014884745521
9,train,1272.840909090909,3.4848484848484844,0.5714285714285724,0.5688174309259745
9,train,1291.2878787878788,3.5353535353535355,0.5630252100840346,0.5605485017791366
9,train,1309.7348484848483,3.585858585858585,0.5588235294117657,0.5563117376644493
9,train,1328.181818181818,3.636363636363636,0.5546218487394968,0.5539124022110996
9,train,1346.6287878787878,3.6868686868686864,0.5546218487394968,0.552021440870908
9,train,1365.0757575757575,3.737373737373737,0.5504201680672279,0.5489303048420064
9,train,1383.5227272727273,3.7878787878787876,0.546218487394959,0.5449519472958942
9,train,1401.9696969696968,3.838383838383838,0.5420168067226901,0.5403547056499716
9,train,1420.4166666666665,3.8888888888888884,0.5378151260504213,0.5377763552408092
9,train,1438.8636363636363,3.939393939393939,0.5378151260504213,0.5366334947664978
9,train,1457.310606060606,3.9898989898989896,0.5378151260504213,0.5354930670433784
9,train,1475.7575757575755,4.04040404040404,0.5378151260504213,0.5343550668847571
9,train,1494.2045454545453,4.090909090909091,0.5294117647058835,0.5296714184750467
9,train,1512.651515151515,4.141414141414141,0.5294117647058835,0.52849351877089
9,train,1531.0984848484848,4.191919191919192,0.5294117647058835,0.5273182428221463
9,train,1549.5454545454545,4.242424242424242,0.5294117647058835,0.5261455847751632
9,train,1567.992424242424,4.292929292929292,0.5252100840336146,0.5229196020147876
9,train,1586.4393939393938,4.3434343434343425,0.5210084033613457,0.5199120998970327
9,train,1604.8863636363635,4.393939393939394,0.5168067226890768,0.5169030518608511
9,train,1623.3333333333333,4.444444444444445,0.5126050420168079,0.5114919241607636
9,train,1641.780303030303,4.494949494949495,0.508403361344539,0.5079477822656608
9,train,1660.2272727272725,4.545454545454545,0.508403361344539,0.5055241719083908
9,train,1678.6742424242423,4.595959595959595,0.5042016806722701,0.5034196330730148
9,train,1697.121212121212,4.646464646464646,0.5042016806722701,0.5014307894841373
9,train,1715.5681818181818,4.696969696969697,0.5000000000000012,0.49940620959058707
9,train,1734.0151515151513,4.7474747474747465,0.5000000000000012,0.4973639945355425
9,train,1752.462121212121,4.797979797979798,0.49579831932773233,0.4942761876079434
9,train,1770.9090909090908,4.848484848484848,0.49159663865546344,0.48914377241823587
9,train,1789.3560606060605,4.898989898989899,0.48739495798319454,0.48668323363030436
9,train,1807.8030303030303,4.949494949494949,0.48739495798319454,0.48503126763291204
9,train,1826.25,5.0,0.48319327731092565,0.4835822051233296
9,val,0.0,0.0,1.0,1.0
9,val,18.446969696969695,0.050505050505050504,1.0,0.9834025049262567
9,val,36.89393939393939,0.10101010101010101,1.0,0.9794528348062143
9,val,55.340909090909086,0.1515151515151515,1.0,0.9749756037759025
9,val,73.78787878787878,0.20202020202020202,1.0,0.9660901915597689
9,val,92.23484848484847,0.2525252525252525,1.0,0.9639375714278108
9,val,110.68181818181817,0.303030303030303,1.0,0.9611122087983195
9,val,129.12878787878788,0.35353535353535354,1.0,0.9568412615166734
9,val,147.57575757575756,0.40404040404040403,0.9666666666666667,0.9541719317889858
9,val,166.02272727272725,0.4545454545454545,0.9666666666666667,0.9463014988177397
9,val,184.46969696969694,0.505050505050505,0.9666666666666667,0.9422239172352906
9,val,202.91666666666666,0.5555555555555556,0.9666666666666667,0.9317151871726178
9,val,221.36363636363635,0.606060606060606,0.9666666666666667,0.9291336259534148
9,val,239.81060606060603,0.6565656565656565,0.9666666666666667,0.9191468360193065
9,val,258.25757575757575,0.7070707070707071,0.9,0.9175974625873752
9,val,276.70454545454544,0.7575757575757576,0.9,0.9160507040401221
9,val,295.1515151515151,0.8080808080808081,0.9,0.903783499554697
9,val,313.5984848484848,0.8585858585858585,0.8666666666666667,0.8863776882236568
9,val,332.0454545454545,0.909090909090909,0.8666666666666667,0.880776321794739
9,val,350.4924242424242,0.9595959595959594,0.8666666666666667,0.875532642380371
9,val,368.9393939393939,1.01010101010101,0.8333333333333334,0.8636532630811913
9,val,387.3863636363636,1.0606060606060606,0.8333333333333334,0.8482607813673239
9,val,405.8333333333333,1.1111111111111112,0.8333333333333334,0.8426388665438923
9,val,424.280303030303,1.1616161616161615,0.8333333333333334,0.8231306953317185
9,val,442.7272727272727,1.212121212121212,0.8333333333333334,0.8169163294263301
9,val,461.1742424242424,1.2626262626262625,0.8333333333333334,0.8090350583369557
9,val,479.62121212121207,1.313131313131313,0.8333333333333334,0.804804271688631
9,val,498.06818181818176,1.3636363636363635,0.8333333333333334,0.7998208479118792
9,val,516.5151515151515,1.4141414141414141,0.8333333333333334,0.7951522803010664
9,val,534.9621212121211,1.4646464646464645,0.8333333333333334,0.7892666176050079
9,val,553.4090909090909,1.5151515151515151,0.8333333333333334,0.7829759748888154
9,val,571.8560606060605,1.5656565656565653,0.8333333333333334,0.7726702078975264
9,val,590.3030303030303,1.6161616161616161,0.8333333333333334,0.7696917026614283
9,val,608.75,1.6666666666666667,0.8333333333333334,0.7656538598986119
9,val,627.1969696969696,1.717171717171717,0.8333333333333334,0.7596729417501003
9,val,645.6439393939394,1.7676767676767677,0.8333333333333334,0.7536246983890803
9,val,664.090909090909,1.818181818181818,0.8,0.7507316935777323
9,val,682.5378787878788,1.8686868686868685,0.8,0.7485207054148386
9,val,700.9848484848484,1.919191919191919,0.8,0.7433154535148424
9,val,719.4318181818181,1.9696969696969695,0.8,0.7312719956826562
9,val,737.8787878787878,2.02020202020202,0.8,0.7295103197190923
9,val,756.3257575757575,2.0707070707070705,0.8,0.7277528928874565
9,val,774.7727272727273,2.121212121212121,0.8,0.7182625715938451
9,val,793.2196969696969,2.1717171717171713,0.8,0.7115822864247091
9,val,811.6666666666666,2.2222222222222223,0.7666666666666667,0.706659027816196
9,val,830.1136363636363,2.2727272727272725,0.7666666666666667,0.7035415824849397
9,val,848.560606060606,2.323232323232323,0.7666666666666667,0.6969844214087223
9,val,867.0075757575756,2.3737373737373733,0.7666666666666667,0.6872532919561144
9,val,885.4545454545454,2.424242424242424,0.7666666666666667,0.6797473594084037
9,val,903.9015151515151,2.4747474747474745,0.7666666666666667,0.6779035418794027
9,val,922.3484848484848,2.525252525252525,0.7666666666666667,0.670346804707646
9,val,940.7954545454545,2.5757575757575757,0.7666666666666667,0.6590548836299631
9,val,959.2424242424241,2.626262626262626,0.7666666666666667,0.6560747743138227
9,val,977.6893939393939,2.6767676767676765,0.7666666666666667,0.6524483955086366
9,val,996.1363636363635,2.727272727272727,0.7666666666666667,0.6435103590356015
9,val,1014.5833333333333,2.7777777777777777,0.7666666666666667,0.6374814681892271
9,val,1033.030303030303,2.8282828282828283,0.7666666666666667,0.6340484178971922
9,val,1051.4772727272727,2.878787878787879,0.7666666666666667,0.6267875617921681
9,val,1069.9242424242423,2.929292929292929,0.7333333333333334,0.6214297020461859
9,val,1088.371212121212,2.9797979797979797,0.7333333333333334,0.6156460788910741
9,val,1106.8181818181818,3.0303030303030303,0.7333333333333334,0.6084425473242246
9,val,1125.2651515151515,3.080808080808081,0.7333333333333334,0.5977437452278923
9,val,1143.712121212121,3.1313131313131306,0.7333333333333334,0.5952281638438418
9,val,1162.1590909090908,3.181818181818181,0.7333333333333334,0.5932423091628789
9,val,1180.6060606060605,3.2323232323232323,0.7333333333333334,0.5898592252489212
9,val,1199.0530303030303,3.282828282828283,0.7333333333333334,0.5832457639676994
9,val,1217.5,3.3333333333333335,0.7333333333333334,0.5788628838547998
9,val,1235.9469696969695,3.383838383838383,0.7333333333333334,0.5752476447215683
9,val,1254.3939393939393,3.434343434343434,0.7333333333333334,0.5713054766853662
9,val,1272.840909090909,3.4848484848484844,0.7000000000000001,0.5683190443253784
9,val,1291.2878787878788,3.5353535353535355,0.7000000000000001,0.5600436373844137
9,val,1309.7348484848483,3.585858585858585,0.7000000000000001,0.5558036135255701
9,val,1328.181818181818,3.636363636363636,0.6333333333333334,0.5534024500620779
9,val,1346.6287878787878,3.6868686868686864,0.6333333333333334,0.5515100572790342
9,val,1365.0757575757575,3.737373737373737,0.6333333333333334,0.5484165989388781
9,val,1383.5227272727273,3.7878787878787876,0.6333333333333334,0.5444352850000179
9,val,1401.9696969696968,3.838383838383838,0.6333333333333334,0.5398346729979271
9,val,1420.4166666666665,3.8888888888888884,0.6333333333333334,0.537254454086689
9,val,1438.8636363636363,3.939393939393939,0.6333333333333334,0.536110770427903
9,val,1457.310606060606,3.9898989898989896,0.6333333333333334,0.534969524366879
9,val,1475.7575757575755,4.04040404040404,0.6000000000000001,0.5338307107020027
9,val,1494.2045454545453,4.090909090909091,0.6000000000000001,0.5291437468342443
9,val,1512.651515151515,4.141414141414141,0.5666666666666668,0.5279650216407517
9,val,1531.0984848484848,4.191919191919192,0.5666666666666668,0.5267889253940365
9,val,1549.5454545454545,4.242424242424242,0.5666666666666668,0.5256154522236525
9,val,1567.992424242424,4.292929292929292,0.5333333333333334,0.5223872443895776
9,val,1586.4393939393938,4.3434343434343425,0.5333333333333334,0.5193776909300852
9,val,1604.8863636363635,4.393939393939394,0.5333333333333334,0.516366612917398
9,val,1623.3333333333333,4.444444444444445,0.5333333333333334,0.5109518917066843
9,val,1641.780303030303,4.494949494949495,0.5333333333333334,0.5074054362451136
9,val,1660.2272727272725,4.545454545454545,0.5000000000000001,0.5049802622332318
9,val,1678.6742424242423,4.595959595959595,0.5000000000000001,0.5028743778371939
9,val,1697.121212121212,4.646464646464646,0.5000000000000001,0.5008842731711054
9,val,1715.5681818181818,4.696969696969697,0.5000000000000001,0.4988584200885594
9,val,1734.0151515151513,4.7474747474747465,0.5000000000000001,0.49681493159212586
9,val,1752.462121212121,4.797979797979798,0.5000000000000001,0.4937252200346939
9,val,1770.9090909090908,4.848484848484848,0.5000000000000001,0.4885896949516013
9,val,1789.3560606060605,4.898989898989899,0.5000000000000001,0.48612769023174623
9,val,1807.8030303030303,4.949494949494949,0.5000000000000001,0.48447474919198064
9,val,1826.25,5.0,0.5000000000000001,0.4830248374892456
9,test,0.0,0.0,1.0,1.0
9,test,18.446969696969695,0.050505050505050504,1.0,0.9834988786464651
9,test,36.89393939393939,0.10101010101010101,1.0,0.9795719421340339
9,test,55.340909090909086,0.1515151515151515,1.0,0.9751203872236036
9,test,73.78787878787878,0.20202020202020202,1.0,0.9662856332381794
9,test,92.23484848484847,0.2525252525252525,1.0,0.9641452257790444
9,test,110.68181818181817,0.303030303030303,1.0,0.9613358568291923
9,test,129.12878787878788,0.35353535353535354,1.0,0.9570890090357049
9,test,147.57575757575756,0.40404040404040403,1.0,0.9544346939839735
9,test,166.02272727272725,0.4545454545454545,0.9655172413793104,0.9466083175942743
9,test,184.46969696969694,0.505050505050505,0.9655172413793104,0.9425534349418675
9,test,202.91666666666666,0.5555555555555556,0.9655172413793104,0.9321028033968147
9,test,221.36363636363635,0.606060606060606,0.9655172413793104,0.9295354255145791
9,test,239.81060606060603,0.6565656565656565,0.9655172413793104,0.919603169828549
9,test,258.25757575757575,0.7070707070707071,0.9655172413793104,0.9180622090989287
9,test,276.70454545454544,0.7575757575757576,0.9655172413793104,0.9165238361586551
9,test,295.1515151515151,0.8080808080808081,0.9310344827586208,0.9043226777516997
9,test,313.5984848484848,0.8585858585858585,0.9310344827586208,0.8870091589767699
9,test,332.0454545454545,0.909090909090909,0.8965517241379312,0.8814371334617175
9,test,350.4924242424242,0.9595959595959594,0.8275862068965518,0.8762207605648444
9,test,368.9393939393939,1.01010101010101,0.8275862068965518,0.8644026622591746
9,test,387.3863636363636,1.0606060606060606,0.8275862068965518,0.8490883672495698
9,test,405.8333333333333,1.1111111111111112,0.8275862068965518,0.8434946614173396
9,test,424.280303030303,1.1616161616161615,0.8275862068965518,0.8240829053476905
9,test,442.7272727272727,1.212121212121212,0.8275862068965518,0.8178987659382942
9,test,461.1742424242424,1.2626262626262625,0.8275862068965518,0.8100554853511606
9,test,479.62121212121207,1.313131313131313,0.8275862068965518,0.8058449325923442
9,test,498.06818181818176,1.3636363636363635,0.8275862068965518,0.800885197648602
9,test,516.5151515151515,1.4141414141414141,0.8275862068965518,0.7962386793481874
9,test,534.9621212121211,1.4646464646464645,0.8275862068965518,0.7903806157724136
9,test,553.4090909090909,1.5151515151515151,0.8275862068965518,0.7841192244518171
9,test,571.8560606060605,1.5656565656565653,0.7931034482758622,0.773860821834436
9,test,590.3030303030303,1.6161616161616161,0.7931034482758622,0.7708958753316562
9,test,608.75,1.6666666666666667,0.7931034482758622,0.766876319552006
9,test,627.1969696969696,1.717171717171717,0.7586206896551726,0.7609222881004325
9,test,645.6439393939394,1.7676767676767677,0.724137931034483,0.7549009888823138
9,test,664.090909090909,1.818181818181818,0.6896551724137933,0.7520207841725527
9,test,682.5378787878788,1.8686868686868685,0.6896551724137933,0.7498195399728056
9,test,700.9848484848484,1.919191919191919,0.6551724137931035,0.7446370953339638
9,test,719.4318181818181,1.9696969696969695,0.6551724137931035,0.7326456859261268
9,test,737.8787878787878,2.02020202020202,0.6551724137931035,0.7308915381531796
9,test,756.3257575757575,2.0707070707070705,0.6551724137931035,0.7291415994866635
9,test,774.7727272727273,2.121212121212121,0.6551724137931035,0.7196913350954938
9,test,793.2196969696969,2.1717171717171713,0.6551724137931035,0.7130388577234837
9,test,811.6666666666666,2.2222222222222223,0.6551724137931035,0.7081358851652603
9,test,830.1136363636363,2.2727272727272725,0.6551724137931035,0.7050311931759561
9,test,848.560606060606,2.323232323232323,0.6551724137931035,0.6985006225844509
9,test,867.0075757575756,2.3737373737373733,0.6551724137931035,0.6888083620273665
9,test,885.4545454545454,2.424242424242424,0.6551724137931035,0.6813319199769844
9,test,903.9015151515151,2.4747474747474745,0.6551724137931035,0.6794952806765957
9,test,922.3484848484848,2.525252525252525,0.6551724137931035,0.6719676880221785
9,test,940.7954545454545,2.5757575757575757,0.6551724137931035,0.660718483542085
9,test,959.2424242424241,2.626262626262626,0.6551724137931035,0.6577494790331742
9,test,977.6893939393939,2.6767676767676765,0.6206896551724139,0.6541365171599042
9,test,996.1363636363635,2.727272727272727,0.6206896551724139,0.6452310951735604
9,test,1014.5833333333333,2.7777777777777777,0.6206896551724139,0.6392238340493251
9,test,1033.030303030303,2.8282828282828283,0.6206896551724139,0.6358029659406026
9,test,1051.4772727272727,2.878787878787879,0.6206896551724139,0.6285675501467272
9,test,1069.9242424242423,2.929292929292929,0.6206896551724139,0.6232281773616748
9,test,1088.371212121212,2.9797979797979797,0.6206896551724139,0.617464234759135
9,test,1106.8181818181818,3.0303030303030303,0.6206896551724139,0.6102848107714539
9,test,1125.2651515151515,3.080808080808081,0.5862068965517242,0.5996209724580998
9,test,1143.712121212121,3.1313131313131306,0.5862068965517242,0.5971134640725757
9,test,1162.1590909090908,3.181818181818181,0.5862068965517242,0.5951339422094254
9,test,1180.6060606060605,3.2323232323232323,0.5862068965517242,0.5917615647512521
9,test,1199.0530303030303,3.282828282828283,0.5517241379310346,0.585168731980129
9,test,1217.5,3.3333333333333335,0.5517241379310346,0.5807993011638829
9,test,1235.9469696969695,3.383838383838383,0.5517241379310346,0.5771950214471535
9,test,1254.3939393939393,3.434343434343434,0.5517241379310346,0.5732646643927681
9,test,1272.840909090909,3.4848484848484844,0.5517241379310346,0.5702870819794122
9,test,1291.2878787878788,3.5353535353535355,0.5517241379310346,0.5620357540520682
9,test,1309.7348484848483,3.585858585858585,0.5517241379310346,0.5578078117516599
9,test,1328.181818181818,3.636363636363636,0.5517241379310346,0.5554134125443504
9,test,1346.6287878787878,3.6868686868686864,0.5517241379310346,0.5535263109749344
9,test,1365.0757575757575,3.737373737373737,0.5517241379310346,0.550441426136627
9,test,1383.5227272727273,3.7878787878787876,0.5517241379310346,0.5464710068034037
9,test,1401.9696969696968,3.838383838383838,0.5517241379310346,0.5418827867702031
9,test,1420.4166666666665,3.8888888888888884,0.5517241379310346,0.539309424460505
9,test,1438.8636363636363,3.939393939393939,0.5517241379310346,0.5381687584084266
9,test,1457.310606060606,3.9898989898989896,0.5517241379310346,0.5370305102587037
9,test,1475.7575757575755,4.04040404040404,0.5517241379310346,0.5358946748750275
9,test,1494.2045454545453,4.090909090909091,0.5517241379310346,0.5312198286330069
9,test,1512.651515151515,4.141414141414141,0.5517241379310346,0.5300441152816763
9,test,1531.0984848484848,4.191919191919192,0.5517241379310346,0.5288710098166433
9,test,1549.5454545454545,4.242424242424242,0.5517241379310346,0.5277005064408405
9,test,1567.992424242424,4.292929292929292,0.5517241379310346,0.5244803943773749
9,test,1586.4393939393938,4.3434343434343425,0.5517241379310346,0.5214782899112876
9,test,1604.8863636363635,4.393939393939394,0.5517241379310346,0.5184745689485987
9,test,1623.3333333333333,4.444444444444445,0.5517241379310346,0.5130728346916107
9,test,1641.780303030303,4.494949494949495,0.5517241379310346,0.5095347144237895
9,test,1660.2272727272725,4.545454545454545,0.5517241379310346,0.5071151617479794
9,test,1678.6742424242423,4.595959595959595,0.5517241379310346,0.5050141065429344
9,test,1697.121212121212,4.646464646464646,0.5517241379310346,0.5030285208628309
9,test,1715.5681818181818,4.696969696969697,0.5517241379310346,0.501007223113372
9,test,1734.0151515151513,4.7474747474747465,0.517241379310345,0.4989682835677211
9,test,1752.462121212121,4.797979797979798,0.517241379310345,0.4958853616264904
9,test,1770.9090909090908,4.848484848484848,0.517241379310345,0.49076088471872603
9,test,1789.3560606060605,4.898989898989899,0.517241379310345,0.48830407067629344
9,test,1807.8030303030303,4.949494949494949,0.517241379310345,0.48665457576240834
9,test,1826.25,5.0,0.517241379310345,0.48520766112756336
