fold,split,time_days,time_years,actual_survival,pred_survival
0,train,0.0,0.0,1.0,1.0
0,train,18.446969696969695,0.050505050505050504,0.9873417721518988,0.9833656434690317
0,train,36.89393939393939,0.10101010101010101,0.9831223628691984,0.9794082853704625
0,train,55.340909090909086,0.1515151515151515,0.978902953586498,0.975690571524695
0,train,73.78787878787878,0.20202020202020202,0.9704641350210973,0.9702247884718723
0,train,92.23484848484847,0.2525252525252525,0.9704641350210973,0.9680681282333959
0,train,110.68181818181817,0.303030303030303,0.9662447257383969,0.9652372717434478
0,train,129.12878787878788,0.35353535353535354,0.9620253164556964,0.9609575387933375
0,train,147.57575757575756,0.40404040404040403,0.9620253164556964,0.9582829239256827
0,train,166.02272727272725,0.4545454545454545,0.9535864978902955,0.9503926699146488
0,train,184.46969696969694,0.505050505050505,0.949367088607595,0.9464622620627787
0,train,202.91666666666666,0.5555555555555556,0.9451476793248945,0.943741153560556
0,train,221.36363636363635,0.606060606060606,0.9451476793248945,0.9415209984972005
0,train,239.81060606060603,0.6565656565656565,0.9324894514767933,0.931668787623344
0,train,258.25757575757575,0.7070707070707071,0.9324894514767933,0.930256882527187
0,train,276.70454545454544,0.7575757575757576,0.9324894514767933,0.9288471718586565
0,train,295.1515151515151,0.8080808080808081,0.9198312236286922,0.919381873413773
0,train,313.5984848484848,0.8585858585858585,0.8987341772151902,0.8983505497914349
0,train,332.0454545454545,0.909090909090909,0.8902953586497894,0.8880277677294597
0,train,350.4924242424242,0.9595959595959594,0.8818565400843885,0.8794401588545365
0,train,368.9393939393939,1.01010101010101,0.8691983122362872,0.8675146380665603
0,train,387.3863636363636,1.0606060606060606,0.856540084388186,0.8564637901550718
0,train,405.8333333333333,1.1111111111111112,0.856540084388186,0.8533637642647893
0,train,424.280303030303,1.1616161616161615,0.8396624472573843,0.8398559248801221
0,train,442.7272727272727,1.212121212121212,0.8396624472573843,0.8368699952949886
0,train,461.1742424242424,1.2626262626262625,0.8312236286919833,0.8296040739375692
0,train,479.62121212121207,1.313131313131313,0.8270042194092828,0.8253609074800754
0,train,498.06818181818176,1.3636363636363635,0.8270042194092828,0.8203628449055501
0,train,516.5151515151515,1.4141414141414141,0.818565400843882,0.815680091033786
0,train,534.9621212121211,1.4646464646464645,0.8101265822784811,0.8097777336049029
0,train,553.4090909090909,1.5151515151515151,0.8059071729957806,0.8034719612833972
0,train,571.8560606060605,1.5656565656565653,0.7932489451476793,0.7934017825970857
0,train,590.3030303030303,1.6161616161616161,0.7932489451476793,0.7916382233978874
0,train,608.75,1.6666666666666667,0.7932489451476793,0.7898786864213877
0,train,627.1969696969696,1.717171717171717,0.780590717299578,0.7794965284700988
0,train,645.6439393939394,1.7676767676767677,0.7721518987341771,0.769265028051335
0,train,664.090909090909,1.818181818181818,0.7594936708860759,0.7586413785063734
0,train,682.5378787878788,1.8686868686868685,0.7594936708860759,0.7563619672170033
0,train,700.9848484848484,1.919191919191919,0.751054852320675,0.7488493233512106
0,train,719.4318181818181,1.9696969696969695,0.7383966244725737,0.7390789623974526
0,train,737.8787878787878,2.02020202020202,0.7383966244725737,0.7376436614428862
0,train,756.3257575757575,2.0707070707070705,0.7383966244725737,0.7362112211861784
0,train,774.7727272727273,2.121212121212121,0.7341772151898733,0.7345641989428726
0,train,793.2196969696969,2.1717171717171713,0.7341772151898733,0.7308836682775934
0,train,811.6666666666666,2.2222222222222223,0.7257383966244724,0.7228566643010427
0,train,830.1136363636363,2.2727272727272725,0.7215189873417719,0.7197372684172914
0,train,848.560606060606,2.323232323232323,0.7130801687763711,0.7131776633709311
0,train,867.0075757575756,2.3737373737373733,0.7046413502109703,0.704497401434728
0,train,885.4545454545454,2.424242424242424,0.7004219409282698,0.7001054113544407
0,train,903.9015151515151,2.4747474747474745,0.7004219409282698,0.6982599127771718
0,train,922.3484848484848,2.525252525252525,0.691983122362869,0.6906884158383129
0,train,940.7954545454545,2.5757575757575757,0.6793248945147677,0.6793685097885044
0,train,959.2424242424241,2.626262626262626,0.6793248945147677,0.6763786080764338
0,train,977.6893939393939,2.6767676767676765,0.6708860759493669,0.669466205359098
0,train,996.1363636363635,2.727272727272727,0.662447257383966,0.6611714220204908
0,train,1014.5833333333333,2.7777777777777777,0.6582278481012657,0.657702737240406
0,train,1033.030303030303,2.8282828282828283,0.6540084388185653,0.6542534347533687
0,train,1051.4772727272727,2.878787878787879,0.6497890295358648,0.6469587062051598
0,train,1069.9242424242423,2.929292929292929,0.6413502109704641,0.6415708504877803
0,train,1088.371212121212,2.9797979797979797,0.6371308016877637,0.6371830110024526
0,train,1106.8181818181818,3.0303030303030303,0.6329113924050632,0.632733396170244
0,train,1125.2651515151515,3.080808080808081,0.6202531645569619,0.619218513907667
0,train,1143.712121212121,3.1313131313131306,0.6160337552742615,0.6152013323468247
0,train,1162.1590909090908,3.181818181818181,0.6160337552742615,0.6132046217014067
0,train,1180.6060606060605,3.2323232323232323,0.611814345991561,0.6098016796467858
0,train,1199.0530303030303,3.282828282828283,0.5991561181434598,0.598905768699956
0,train,1217.5,3.3333333333333335,0.5949367088607594,0.5944872056003162
0,train,1235.9469696969695,3.383838383838383,0.590717299578059,0.5908401788831686
0,train,1254.3939393939393,3.434343434343434,0.5864978902953586,0.5868611529622805
0,train,1272.840909090909,3.4848484848484844,0.5864978902953586,0.5838459994119501
0,train,1291.2878787878788,3.5353535353535355,0.5780590717299577,0.5754851889570809
0,train,1309.7348484848483,3.585858585858585,0.5738396624472574,0.5682429814632107
0,train,1328.181818181818,3.636363636363636,0.5654008438818565,0.5646177288471494
0,train,1346.6287878787878,3.6868686868686864,0.5654008438818565,0.5626558196770035
0,train,1365.0757575757575,3.737373737373737,0.561181434599156,0.5595045964133982
0,train,1383.5227272727273,3.7878787878787876,0.5569620253164556,0.5554802568446524
0,train,1401.9696969696968,3.838383838383838,0.5527426160337552,0.5508306562648967
0,train,1420.4166666666665,3.8888888888888884,0.5485232067510547,0.5482209413573691
0,train,1438.8636363636363,3.939393939393939,0.5485232067510547,0.5470639302166455
0,train,1457.310606060606,3.9898989898989896,0.5485232067510547,0.5459094274651503
0,train,1475.7575757575755,4.04040404040404,0.5485232067510547,0.5447574275368069
0,train,1494.2045454545453,4.090909090909091,0.5400843881856539,0.5379143178526311
0,train,1512.651515151515,4.141414141414141,0.5358649789029535,0.5351350883508423
0,train,1531.0984848484848,4.191919191919192,0.5358649789029535,0.5336772056731072
0,train,1549.5454545454545,4.242424242424242,0.5358649789029535,0.5322234032108465
0,train,1567.992424242424,4.292929292929292,0.5274261603375527,0.5270573038330848
0,train,1586.4393939393938,4.3434343434343425,0.5274261603375527,0.5251337081760535
0,train,1604.8863636363635,4.393939393939394,0.5232067510548524,0.5227900689666106
0,train,1623.3333333333333,4.444444444444445,0.518987341772152,0.5172866328902915
0,train,1641.780303030303,4.494949494949495,0.5147679324894515,0.5134627771316365
0,train,1660.2272727272725,4.545454545454545,0.510548523206751,0.5105544944680588
0,train,1678.6742424242423,4.595959595959595,0.510548523206751,0.5087529105848652
0,train,1697.121212121212,4.646464646464646,0.510548523206751,0.5069578583484362
0,train,1715.5681818181818,4.696969696969697,0.5063291139240507,0.5024757402802885
0,train,1734.0151515151513,4.7474747474747465,0.5021097046413503,0.4990885331564235
0,train,1752.462121212121,4.797979797979798,0.49789029535864987,0.4954812286614374
0,train,1770.9090909090908,4.848484848484848,0.49367088607594944,0.4902567839021122
0,train,1789.3560606060605,4.898989898989899,0.489451476793249,0.4877508523317693
0,train,1807.8030303030303,4.949494949494949,0.489451476793249,0.486068480632077
0,train,1826.25,5.0,0.4852320675105486,0.48459275800625834
0,val,0.0,0.0,1.0,1.0
0,val,18.446969696969695,0.050505050505050504,1.0,0.9836391173537659
0,val,36.89393939393939,0.10101010101010101,1.0,0.9797460275669113
0,val,55.340909090909086,0.1515151515151515,1.0,0.9760884106372356
0,val,73.78787878787878,0.20202020202020202,0.9666666666666667,0.970710488179937
0,val,92.23484848484847,0.2525252525252525,0.9666666666666667,0.9685883331486776
0,val,110.68181818181817,0.303030303030303,0.9666666666666667,0.965802628635441
0,val,129.12878787878788,0.35353535353535354,0.9666666666666667,0.9615908545641046
0,val,147.57575757575756,0.40404040404040403,0.9333333333333333,0.9589585249710467
0,val,166.02272727272725,0.4545454545454545,0.9,0.9511921789038927
0,val,184.46969696969694,0.505050505050505,0.9,0.9473230257100529
0,val,202.91666666666666,0.5555555555555556,0.9,0.944644141867982
0,val,221.36363636363635,0.606060606060606,0.9,0.9424583265055265
0,val,239.81060606060603,0.6565656565656565,0.9,0.9327572878329139
0,val,258.25757575757575,0.7070707070707071,0.8666666666666667,0.9313668838392973
0,val,276.70454545454544,0.7575757575757576,0.8666666666666667,0.9299785998693029
0,val,295.1515151515151,0.8080808080808081,0.8333333333333334,0.920656102644994
0,val,313.5984848484848,0.8585858585858585,0.8333333333333334,0.8999353616541812
0,val,332.0454545454545,0.909090909090909,0.8333333333333334,0.8897615850408572
0,val,350.4924242424242,0.9595959595959594,0.8,0.8812961851874295
0,val,368.9393939393939,1.01010101010101,0.8,0.8695377087737908
0,val,387.3863636363636,1.0606060606060606,0.8,0.8586388536997903
0,val,405.8333333333333,1.1111111111111112,0.8,0.8555809769615216
0,val,424.280303030303,1.1616161616161615,0.8,0.8422542711828324
0,val,442.7272727272727,1.212121212121212,0.8,0.8393078231667302
0,val,461.1742424242424,1.2626262626262625,0.8,0.8321371235593653
0,val,479.62121212121207,1.313131313131313,0.8,0.8279490030490443
0,val,498.06818181818176,1.3636363636363635,0.8,0.8230152447679017
0,val,516.5151515151515,1.4141414141414141,0.8,0.8183922107060123
0,val,534.9621212121211,1.4646464646464645,0.8,0.8125643950176941
0,val,553.4090909090909,1.5151515151515151,0.8,0.8063373514226669
0,val,571.8560606060605,1.5656565656565653,0.7666666666666667,0.7963909387216515
0,val,590.3030303030303,1.6161616161616161,0.7666666666666667,0.7946488041602033
0,val,608.75,1.6666666666666667,0.7333333333333334,0.7929105682548638
0,val,627.1969696969696,1.717171717171717,0.7333333333333334,0.7826525696952341
0,val,645.6439393939394,1.7676767676767677,0.7333333333333334,0.7725408473867467
0,val,664.090909090909,1.818181818181818,0.7333333333333334,0.7620388217020004
0,val,682.5378787878788,1.8686868686868685,0.7333333333333334,0.7597851381038869
0,val,700.9848484848484,1.919191919191919,0.7000000000000001,0.7523563611344374
0,val,719.4318181818181,1.9696969696969695,0.7000000000000001,0.742692922444591
0,val,737.8787878787878,2.02020202020202,0.7000000000000001,0.7412731224701165
0,val,756.3257575757575,2.0707070707070705,0.7000000000000001,0.7398560993249326
0,val,774.7727272727273,2.121212121212121,0.6333333333333334,0.7382267381689579
0,val,793.2196969696969,2.1717171717171713,0.6000000000000001,0.7345854198875543
0,val,811.6666666666666,2.2222222222222223,0.6000000000000001,0.7266427107111496
0,val,830.1136363636363,2.2727272727272725,0.6000000000000001,0.7235556167047695
0,val,848.560606060606,2.323232323232323,0.6000000000000001,0.7170630980268096
0,val,867.0075757575756,2.3737373737373733,0.6000000000000001,0.7084698474365496
0,val,885.4545454545454,2.424242424242424,0.6000000000000001,0.7041211107913485
0,val,903.9015151515151,2.4747474747474745,0.6000000000000001,0.7022936313105287
0,val,922.3484848484848,2.525252525252525,0.6000000000000001,0.6947950896697356
0,val,940.7954545454545,2.5757575757575757,0.6000000000000001,0.6835813156623705
0,val,959.2424242424241,2.626262626262626,0.6000000000000001,0.6806188519806385
0,val,977.6893939393939,2.6767676767676765,0.6000000000000001,0.6737689233422894
0,val,996.1363636363635,2.727272727272727,0.6000000000000001,0.6655473230185041
0,val,1014.5833333333333,2.7777777777777777,0.6000000000000001,0.6621086591435095
0,val,1033.030303030303,2.8282828282828283,0.6000000000000001,0.6586888666716877
0,val,1051.4772727272727,2.878787878787879,0.6000000000000001,0.6514554123817445
0,val,1069.9242424242423,2.929292929292929,0.6000000000000001,0.6461118164821674
0,val,1088.371212121212,2.9797979797979797,0.6000000000000001,0.6417593908178888
0,val,1106.8181818181818,3.0303030303030303,0.6000000000000001,0.6373451057546511
0,val,1125.2651515151515,3.080808080808081,0.6000000000000001,0.6239338937771641
0,val,1143.712121212121,3.1313131313131306,0.6000000000000001,0.619946460509553
0,val,1162.1590909090908,3.181818181818181,0.6000000000000001,0.6179643523529224
0,val,1180.6060606060605,3.2323232323232323,0.6000000000000001,0.6145860145209353
0,val,1199.0530303030303,3.282828282828283,0.6000000000000001,0.603766469345084
0,val,1217.5,3.3333333333333335,0.6000000000000001,0.5993778155142813
0,val,1235.9469696969695,3.383838383838383,0.6000000000000001,0.5957550106482608
0,val,1254.3939393939393,3.434343434343434,0.6000000000000001,0.5918019289595443
0,val,1272.840909090909,3.4848484848484844,0.5666666666666668,0.588806097671054
0,val,1291.2878787878788,3.5353535353535355,0.5666666666666668,0.5804973328372374
0,val,1309.7348484848483,3.585858585858585,0.5666666666666668,0.5732983673431721
0,val,1328.181818181818,3.636363636363636,0.5333333333333334,0.5696941121621305
0,val,1346.6287878787878,3.6868686868686864,0.5333333333333334,0.5677433847041492
0,val,1365.0757575757575,3.737373737373737,0.5333333333333334,0.5646098532390668
0,val,1383.5227272727273,3.7878787878787876,0.5333333333333334,0.5606076241125219
0,val,1401.9696969696968,3.838383838383838,0.5333333333333334,0.5559828898990069
0,val,1420.4166666666665,3.8888888888888884,0.5333333333333334,0.5533868107780932
0,val,1438.8636363636363,3.939393939393939,0.5333333333333334,0.5522357708073607
0,val,1457.310606060606,3.9898989898989896,0.5333333333333334,0.5510871807040847
0,val,1475.7575757575755,4.04040404040404,0.5000000000000001,0.5499410351385373
0,val,1494.2045454545453,4.090909090909091,0.5000000000000001,0.5431317604707119
0,val,1512.651515151515,4.141414141414141,0.5000000000000001,0.5403658097543704
0,val,1531.0984848484848,4.191919191919192,0.5000000000000001,0.5389147850623854
0,val,1549.5454545454545,4.242424242424242,0.5000000000000001,0.5374677474292308
0,val,1567.992424242424,4.292929292929292,0.5000000000000001,0.532325086582447
0,val,1586.4393939393938,4.3434343434343425,0.5000000000000001,0.5304099776664665
0,val,1604.8863636363635,4.393939393939394,0.5000000000000001,0.528076500994893
0,val,1623.3333333333333,4.444444444444445,0.5000000000000001,0.5225961585910401
0,val,1641.780303030303,4.494949494949495,0.5000000000000001,0.51878770792727
0,val,1660.2272727272725,4.545454545454545,0.5000000000000001,0.5158907875528753
0,val,1678.6742424242423,4.595959595959595,0.5000000000000001,0.5140960879180997
0,val,1697.121212121212,4.646464646464646,0.5000000000000001,0.5123077771039684
0,val,1715.5681818181818,4.696969696969697,0.5000000000000001,0.5078419757395592
0,val,1734.0151515151513,4.7474747474747465,0.5000000000000001,0.5044666075448256
0,val,1752.462121212121,4.797979797979798,0.5000000000000001,0.5008714424164092
0,val,1770.9090909090908,4.848484848484848,0.5000000000000001,0.4956637152363192
0,val,1789.3560606060605,4.898989898989899,0.5000000000000001,0.4931654371345545
0,val,1807.8030303030303,4.949494949494949,0.5000000000000001,0.49148807002064954
0,val,1826.25,5.0,0.5000000000000001,0.49001664857157945
0,test,0.0,0.0,1.0,1.0
0,test,18.446969696969695,0.050505050505050504,1.0,0.9841265701931979
0,test,36.89393939393939,0.10101010101010101,1.0,0.9803483700729072
0,test,55.340909090909086,0.1515151515151515,1.0,0.9767983052105117
0,test,73.78787878787878,0.20202020202020202,1.0,0.9715778337029584
0,test,92.23484848484847,0.2525252525252525,1.0,0.9695175838328111
0,test,110.68181818181817,0.303030303030303,1.0,0.966812946190044
0,test,129.12878787878788,0.35353535353535354,1.0,0.9627233182114578
0,test,147.57575757575756,0.40404040404040403,1.0,0.9601670709392621
0,test,166.02272727272725,0.4545454545454545,1.0,0.952624032768266
0,test,184.46969696969694,0.505050505050505,1.0,0.9488654787753468
0,test,202.91666666666666,0.5555555555555556,0.9333333333333333,0.9462629152628238
0,test,221.36363636363635,0.606060606060606,0.9333333333333333,0.9441392177341731
0,test,239.81060606060603,0.6565656565656565,0.9333333333333333,0.9347121775318163
0,test,258.25757575757575,0.7070707070707071,0.9,0.933360817143382
0,test,276.70454545454544,0.7575757575757576,0.9,0.9320114601333416
0,test,295.1515151515151,0.8080808080808081,0.9,0.9229488773880551
0,test,313.5984848484848,0.8585858585858585,0.8666666666666667,0.902796473567244
0,test,332.0454545454545,0.909090909090909,0.8666666666666667,0.892896948547919
0,test,350.4924242424242,0.9595959595959594,0.8666666666666667,0.8846573031049002
0,test,368.9393939393939,1.01010101010101,0.8333333333333334,0.873208672801817
0,test,387.3863636363636,1.0606060606060606,0.8,0.8625930943405141
0,test,405.8333333333333,1.1111111111111112,0.7666666666666667,0.8596140122226468
0,test,424.280303030303,1.1616161616161615,0.7333333333333334,0.8466271688000124
0,test,442.7272727272727,1.212121212121212,0.7000000000000001,0.8437550794634345
0,test,461.1742424242424,1.2626262626262625,0.7000000000000001,0.8367641493719805
0,test,479.62121212121207,1.313131313131313,0.7000000000000001,0.8326802366505625
0,test,498.06818181818176,1.3636363636363635,0.7000000000000001,0.8278684880738502
0,test,516.5151515151515,1.4141414141414141,0.7000000000000001,0.823359038355806
0,test,534.9621212121211,1.4646464646464645,0.7000000000000001,0.8176733791572933
0,test,553.4090909090909,1.5151515151515151,0.7000000000000001,0.8115969540000557
0,test,571.8560606060605,1.5656565656565653,0.7000000000000001,0.8018883625276128
0,test,590.3030303030303,1.6161616161616161,0.7000000000000001,0.8001875307521239
0,test,608.75,1.6666666666666667,0.7000000000000001,0.7984904000010559
0,test,627.1969696969696,1.717171717171717,0.7000000000000001,0.7884728261979951
0,test,645.6439393939394,1.7676767676767677,0.7000000000000001,0.7785944626765329
0,test,664.090909090909,1.818181818181818,0.7000000000000001,0.7683309280460083
0,test,682.5378787878788,1.8686868686868685,0.7000000000000001,0.7661279036586016
0,test,700.9848484848484,1.919191919191919,0.7000000000000001,0.7588648013514033
0,test,719.4318181818181,1.9696969696969695,0.7000000000000001,0.749413834098318
0,test,737.8787878787878,2.02020202020202,0.7000000000000001,0.7480249593943823
0,test,756.3257575757575,2.0707070707070705,0.7000000000000001,0.7466387259955185
0,test,774.7727272727273,2.121212121212121,0.7000000000000001,0.7450446755158598
0,test,793.2196969696969,2.1717171717171713,0.7000000000000001,0.7414819098901264
0,test,811.6666666666666,2.2222222222222223,0.7000000000000001,0.733708808442533
0,test,830.1136363636363,2.2727272727272725,0.7000000000000001,0.7306869886422951
0,test,848.560606060606,2.323232323232323,0.7000000000000001,0.7243305571735159
0,test,867.0075757575756,2.3737373737373733,0.7000000000000001,0.7159149202638861
0,test,885.4545454545454,2.424242424242424,0.6666666666666667,0.7116549693279606
0,test,903.9015151515151,2.4747474747474745,0.6666666666666667,0.7098645786516825
0,test,922.3484848484848,2.525252525252525,0.6666666666666667,0.7025168368513056
0,test,940.7954545454545,2.5757575757575757,0.6666666666666667,0.6915243845952798
0,test,959.2424242424241,2.626262626262626,0.6666666666666667,0.6886195415250304
0,test,977.6893939393939,2.6767676767676765,0.6666666666666667,0.6819014734802643
0,test,996.1363636363635,2.727272727272727,0.6666666666666667,0.6738355855195958
0,test,1014.5833333333333,2.7777777777777777,0.6333333333333334,0.6704612140618781
0,test,1033.030303030303,2.8282828282828283,0.6333333333333334,0.667104869569817
0,test,1051.4772727272727,2.878787878787879,0.6333333333333334,0.6600039917183795
0,test,1069.9242424242423,2.929292929292929,0.6000000000000001,0.6547569035298422
0,test,1088.371212121212,2.9797979797979797,0.6000000000000001,0.6504821779801438
0,test,1106.8181818181818,3.0303030303030303,0.5666666666666668,0.6461458596960769
0,test,1125.2651515151515,3.080808080808081,0.5666666666666668,0.6329662846417051
0,test,1143.712121212121,3.1313131313131306,0.5666666666666668,0.62904618389454
0,test,1162.1590909090908,3.181818181818181,0.5666666666666668,0.6270972808579659
0,test,1180.6060606060605,3.2323232323232323,0.5666666666666668,0.6237751305004949
0,test,1199.0530303030303,3.282828282828283,0.5666666666666668,0.6131320411919268
0,test,1217.5,3.3333333333333335,0.5666666666666668,0.6088134288253829
0,test,1235.9469696969695,3.383838383838383,0.5666666666666668,0.6052477688577942
0,test,1254.3939393939393,3.434343434343434,0.5666666666666668,0.6013563415950621
0,test,1272.840909090909,3.4848484848484844,0.5666666666666668,0.5984067452386008
0,test,1291.2878787878788,3.5353535353535355,0.5666666666666668,0.5902239810124553
0,test,1309.7348484848483,3.585858585858585,0.5666666666666668,0.5831315073432948
0,test,1328.181818181818,3.636363636363636,0.5666666666666668,0.5795796235810616
0,test,1346.6287878787878,3.6868686868686864,0.5666666666666668,0.5776569760038256
0,test,1365.0757575757575,3.737373737373737,0.5666666666666668,0.5745681586244641
0,test,1383.5227272727273,3.7878787878787876,0.5666666666666668,0.5706223333449815
0,test,1401.9696969696968,3.838383838383838,0.5666666666666668,0.5660617823064042
0,test,1420.4166666666665,3.8888888888888884,0.5666666666666668,0.5635012620424877
0,test,1438.8636363636363,3.939393939393939,0.5666666666666668,0.5623658792856084
0,test,1457.310606060606,3.9898989898989896,0.5666666666666668,0.5612328462738713
0,test,1475.7575757575755,4.04040404040404,0.5666666666666668,0.5601021580319404
0,test,1494.2045454545453,4.090909090909091,0.5666666666666668,0.5533833348029321
0,test,1512.651515151515,4.141414141414141,0.5666666666666668,0.5506534460441604
0,test,1531.0984848484848,4.191919191919192,0.5666666666666668,0.549221181392919
0,test,1549.5454545454545,4.242424242424242,0.5666666666666668,0.5477927434670596
0,test,1567.992424242424,4.292929292929292,0.5666666666666668,0.5427153008702489
0,test,1586.4393939393938,4.3434343434343425,0.5333333333333334,0.5408241245924104
0,test,1604.8863636363635,4.393939393939394,0.5333333333333334,0.5385195472446649
0,test,1623.3333333333333,4.444444444444445,0.5333333333333334,0.5331059400267911
0,test,1641.780303030303,4.494949494949495,0.5333333333333334,0.5293429190388227
0,test,1660.2272727272725,4.545454545454545,0.5333333333333334,0.5264800310104109
0,test,1678.6742424242423,4.595959595959595,0.5000000000000001,0.5247061866488668
0,test,1697.121212121212,4.646464646464646,0.5000000000000001,0.5229384822636827
0,test,1715.5681818181818,4.696969696969697,0.5000000000000001,0.518523374385225
0,test,1734.0151515151513,4.7474747474747465,0.5000000000000001,0.5151855916699718
0,test,1752.462121212121,4.797979797979798,0.5000000000000001,0.5116297628683844
0,test,1770.9090909090908,4.848484848484848,0.5000000000000001,0.5064777305719255
0,test,1789.3560606060605,4.898989898989899,0.5000000000000001,0.504005626697382
0,test,1807.8030303030303,4.949494949494949,0.5000000000000001,0.5023456339682172
0,test,1826.25,5.0,0.5000000000000001,0.5008893213697709
1,train,0.0,0.0,1.0,1.0
1,train,18.446969696969695,0.050505050505050504,0.9873949579831933,0.9834230764837506
1,train,36.89393939393939,0.10101010101010101,0.9831932773109244,0.9794785518342797
1,train,55.340909090909086,0.1515151515151515,0.9789915966386555,0.9750075284069378
1,train,73.78787878787878,0.20202020202020202,0.9663865546218489,0.9661344553805985
1,train,92.23484848484847,0.2525252525252525,0.9663865546218489,0.9639847510926852
1,train,110.68181818181817,0.303030303030303,0.96218487394958,0.9611632377848012
1,train,129.12878787878788,0.35353535353535354,0.9579831932773111,0.9557226698448623
1,train,147.57575757575756,0.40404040404040403,0.9579831932773111,0.9504054447253123
1,train,166.02272727272725,0.4545454545454545,0.9453781512605043,0.9421992658628939
1,train,184.46969696969694,0.505050505050505,0.9411764705882354,0.9382874181695905
1,train,202.91666666666666,0.5555555555555556,0.9327731092436976,0.9318280053692235
1,train,221.36363636363635,0.606060606060606,0.9327731092436976,0.9292502410130017
1,train,239.81060606060603,0.6565656565656565,0.9243697478991598,0.9226163188862104
1,train,258.25757575757575,0.7070707070707071,0.9201680672268909,0.9200393260391504
1,train,276.70454545454544,0.7575757575757576,0.9201680672268909,0.9174593668571275
1,train,295.1515151515151,0.8080808080808081,0.9117647058823531,0.9116497578150227
1,train,313.5984848484848,0.8585858585858585,0.8949579831932776,0.8945651253836878
1,train,332.0454545454545,0.909090909090909,0.8907563025210087,0.8879945021956821
1,train,350.4924242424242,0.9595959595959594,0.8781512605042018,0.8752811894660482
1,train,368.9393939393939,1.01010101010101,0.8613445378151262,0.8596813577598243
1,train,387.3863636363636,1.0606060606060606,0.8445378151260506,0.8443187745853968
1,train,405.8333333333333,1.1111111111111112,0.8403361344537817,0.8387077240391535
1,train,424.280303030303,1.1616161616161615,0.8277310924369751,0.827612297482237
1,train,442.7272727272727,1.212121212121212,0.8235294117647062,0.8214107236041168
1,train,461.1742424242424,1.2626262626262625,0.8151260504201684,0.8135478550868025
1,train,479.62121212121207,1.313131313131313,0.8109243697478995,0.8093271038202244
1,train,498.06818181818176,1.3636363636363635,0.8109243697478995,0.804354726287694
1,train,516.5151515151515,1.4141414141414141,0.8025210084033616,0.7996966102476362
1,train,534.9621212121211,1.4646464646464645,0.7941176470588238,0.7938233829017386
1,train,553.4090909090909,1.5151515151515151,0.7899159663865548,0.7875454645405021
1,train,571.8560606060605,1.5656565656565653,0.7773109243697481,0.7772611777626167
1,train,590.3030303030303,1.6161616161616161,0.7773109243697481,0.7742881852458693
1,train,608.75,1.6666666666666667,0.7731092436974792,0.7702581508262742
1,train,627.1969696969696,1.717171717171717,0.7605042016806726,0.7594483254931101
1,train,645.6439393939394,1.7676767676767677,0.7521008403361348,0.7492548130905433
1,train,664.090909090909,1.818181818181818,0.743697478991597,0.7428748618482175
1,train,682.5378787878788,1.8686868686868685,0.743697478991597,0.7407865511401611
1,train,700.9848484848484,1.919191919191919,0.7394957983193281,0.7373025981317605
1,train,719.4318181818181,1.9696969696969695,0.7352941176470592,0.7350459964554249
1,train,737.8787878787878,2.02020202020202,0.7352941176470592,0.7336646731103214
1,train,756.3257575757575,2.0707070707070705,0.7352941176470592,0.7322859464674345
1,train,774.7727272727273,2.121212121212121,0.7268907563025214,0.7271311140862339
1,train,793.2196969696969,2.1717171717171713,0.7226890756302524,0.7198669621773982
1,train,811.6666666666666,2.2222222222222223,0.7142857142857146,0.7113443729065249
1,train,830.1136363636363,2.2727272727272725,0.7100840336134457,0.7082296423526587
1,train,848.560606060606,2.323232323232323,0.701680672268908,0.7016774481850743
1,train,867.0075757575756,2.3737373737373733,0.6932773109243702,0.6919548199344591
1,train,885.4545454545454,2.424242424242424,0.6848739495798324,0.6844572586666795
1,train,903.9015151515151,2.4747474747474745,0.6848739495798324,0.6826159565885594
1,train,922.3484848484848,2.525252525252525,0.6764705882352946,0.675071427593549
1,train,940.7954545454545,2.5757575757575757,0.6680672268907568,0.6679939904926344
1,train,959.2424242424241,2.626262626262626,0.6680672268907568,0.665020003686326
1,train,977.6893939393939,2.6767676767676765,0.659663865546219,0.6595859862770884
1,train,996.1363636363635,2.727272727272727,0.659663865546219,0.6564928143701827
1,train,1014.5833333333333,2.7777777777777777,0.6512605042016812,0.6506617287513851
1,train,1033.030303030303,2.8282828282828283,0.6470588235294124,0.6472368215765554
1,train,1051.4772727272727,2.878787878787879,0.6428571428571435,0.639994287841446
1,train,1069.9242424242423,2.929292929292929,0.6302521008403368,0.6306876053612438
1,train,1088.371212121212,2.9797979797979797,0.6302521008403368,0.627591711141295
1,train,1106.8181818181818,3.0303030303030303,0.621848739495799,0.6219403567913856
1,train,1125.2651515151515,3.080808080808081,0.6134453781512612,0.6124983785173431
1,train,1143.712121212121,3.1313131313131306,0.6092436974789923,0.6085151362897686
1,train,1162.1590909090908,3.181818181818181,0.6092436974789923,0.6065334399988861
1,train,1180.6060606060605,3.2323232323232323,0.6050420168067234,0.603529974763025
1,train,1199.0530303030303,3.282828282828283,0.5966386554621856,0.59717759524591
1,train,1217.5,3.3333333333333335,0.5966386554621856,0.5951390540913729
1,train,1235.9469696969695,3.383838383838383,0.5924369747899167,0.592778931992401
1,train,1254.3939393939393,3.434343434343434,0.5882352941176479,0.5888489405781782
1,train,1272.840909090909,3.4848484848484844,0.5882352941176479,0.5858713898967887
1,train,1291.2878787878788,3.5353535353535355,0.5798319327731101,0.5776207194715344
1,train,1309.7348484848483,3.585858585858585,0.5756302521008412,0.573555628931456
1,train,1328.181818181818,3.636363636363636,0.5714285714285723,0.5710678482548237
1,train,1346.6287878787878,3.6868686868686864,0.5714285714285723,0.5691336774882882
1,train,1365.0757575757575,3.737373737373737,0.5672268907563034,0.566028937915614
1,train,1383.5227272727273,3.7878787878787876,0.5630252100840345,0.5620603269479039
1,train,1401.9696969696968,3.838383838383838,0.5588235294117656,0.5574739152303506
1,train,1420.4166666666665,3.8888888888888884,0.5546218487394967,0.5549019091649477
1,train,1438.8636363636363,3.939393939393939,0.5546218487394967,0.553762112440026
1,train,1457.310606060606,3.9898989898989896,0.5546218487394967,0.5526246577063478
1,train,1475.7575757575755,4.04040404040404,0.5546218487394967,0.5514895401501244
1,train,1494.2045454545453,4.090909090909091,0.5462184873949589,0.5447558930152998
1,train,1512.651515151515,4.141414141414141,0.54201680672269,0.5420194143151252
1,train,1531.0984848484848,4.191919191919192,0.54201680672269,0.5405852201807363
1,train,1549.5454545454545,4.242424242424242,0.54201680672269,0.5391548222341952
1,train,1567.992424242424,4.292929292929292,0.5336134453781523,0.5325915994616249
1,train,1586.4393939393938,4.3434343434343425,0.5294117647058834,0.5286914513371501
1,train,1604.8863636363635,4.393939393939394,0.5252100840336145,0.5256890954867547
1,train,1623.3333333333333,4.444444444444445,0.5210084033613456,0.520290372233539
1,train,1641.780303030303,4.494949494949495,0.5168067226890767,0.5165401205437934
1,train,1660.2272727272725,4.545454545454545,0.5126050420168078,0.513520397033424
1,train,1678.6742424242423,4.595959595959595,0.5084033613445389,0.5080392850154756
1,train,1697.121212121212,4.646464646464646,0.5084033613445389,0.5060551498981126
1,train,1715.5681818181818,4.696969696969697,0.50420168067227,0.5015801065609403
1,train,1734.0151515151513,4.7474747474747465,0.5000000000000011,0.49825898417987996
1,train,1752.462121212121,4.797979797979798,0.4957983193277322,0.4947224953274613
1,train,1770.9090909090908,4.848484848484848,0.4915966386554633,0.4896061850600261
1,train,1789.3560606060605,4.898989898989899,0.48739495798319443,0.48715377652961384
1,train,1807.8030303030303,4.949494949494949,0.48739495798319443,0.48550737029122504
1,train,1826.25,5.0,0.48319327731092554,0.4840632120030396
1,val,0.0,0.0,1.0,1.0
1,val,18.446969696969695,0.050505050505050504,1.0,0.9834756389968341
1,val,36.89393939393939,0.10101010101010101,1.0,0.9795434988901256
1,val,55.340909090909086,0.1515151515151515,1.0,0.9750864554218089
1,val,73.78787878787878,0.20202020202020202,1.0,0.9662409441776526
1,val,92.23484848484847,0.2525252525252525,1.0,0.964097880635466
1,val,110.68181818181817,0.303030303030303,1.0,0.9612850615385804
1,val,129.12878787878788,0.35353535353535354,1.0,0.9558611878735813
1,val,147.57575757575756,0.40404040404040403,1.0,0.9505601886536781
1,val,166.02272727272725,0.4545454545454545,1.0,0.9423788758919606
1,val,184.46969696969694,0.505050505050505,1.0,0.9384788062313251
1,val,202.91666666666666,0.5555555555555556,0.9666666666666667,0.9320387343478866
1,val,221.36363636363635,0.606060606060606,0.9666666666666667,0.9294686508310652
1,val,239.81060606060603,0.6565656565656565,0.9666666666666667,0.9228543963618772
1,val,258.25757575757575,0.7070707070707071,0.9333333333333333,0.920285004877732
1,val,276.70454545454544,0.7575757575757576,0.9333333333333333,0.9177126340320781
1,val,295.1515151515151,0.8080808080808081,0.9,0.9119200324592301
1,val,313.5984848484848,0.8585858585858585,0.9,0.8948847654728528
1,val,332.0454545454545,0.909090909090909,0.8666666666666667,0.888332866828041
1,val,350.4924242424242,0.9595959595959594,0.8666666666666667,0.8756553659400933
1,val,368.9393939393939,1.01010101010101,0.8666666666666667,0.8600987137541022
1,val,387.3863636363636,1.0606060606060606,0.8666666666666667,0.8447778165452325
1,val,405.8333333333333,1.1111111111111112,0.8666666666666667,0.8391817812204873
1,val,424.280303030303,1.1616161616161615,0.8666666666666667,0.8281157105067829
1,val,442.7272727272727,1.212121212121212,0.8666666666666667,0.8219303483855683
1,val,461.1742424242424,1.2626262626262625,0.8666666666666667,0.8140878300853504
1,val,479.62121212121207,1.313131313131313,0.8666666666666667,0.8098779077065187
1,val,498.06818181818176,1.3636363636363635,0.8666666666666667,0.8049182016611274
1,val,516.5151515151515,1.4141414141414141,0.8666666666666667,0.8002718715398162
1,val,534.9621212121211,1.4646464646464645,0.8666666666666667,0.7944133869695602
1,val,553.4090909090909,1.5151515151515151,0.8666666666666667,0.7881510810902579
1,val,571.8560606060605,1.5656565656565653,0.8333333333333334,0.777892040577266
1,val,590.3030303030303,1.6161616161616161,0.8333333333333334,0.7749262693295123
1,val,608.75,1.6666666666666667,0.8333333333333334,0.7709059681521512
1,val,627.1969696969696,1.717171717171717,0.8333333333333334,0.7601219321821088
1,val,645.6439393939394,1.7676767676767677,0.8333333333333334,0.7499523090351425
1,val,664.090909090909,1.818181818181818,0.8,0.743587094693731
1,val,682.5378787878788,1.8686868686868685,0.8,0.7415035714500332
1,val,700.9848484848484,1.919191919191919,0.7666666666666667,0.7380275653730003
1,val,719.4318181818181,1.9696969696969695,0.7333333333333334,0.7357760842017491
1,val,737.8787878787878,2.02020202020202,0.7333333333333334,0.7343978848062432
1,val,756.3257575757575,2.0707070707070705,0.7333333333333334,0.7330222683138745
1,val,774.7727272727273,2.121212121212121,0.7000000000000001,0.7278789938511047
1,val,793.2196969696969,2.1717171717171713,0.7000000000000001,0.7206309393669239
1,val,811.6666666666666,2.2222222222222223,0.7000000000000001,0.7121269500701138
1,val,830.1136363636363,2.2727272727272725,0.7000000000000001,0.709018939386853
1,val,848.560606060606,2.323232323232323,0.7000000000000001,0.7024807440172477
1,val,867.0075757575756,2.3737373737373733,0.7000000000000001,0.6927785420316771
1,val,885.4545454545454,2.424242424242424,0.7000000000000001,0.6852964464807249
1,val,903.9015151515151,2.4747474747474745,0.7000000000000001,0.6834589041249449
1,val,922.3484848484848,2.525252525252525,0.7000000000000001,0.6759296204254183
1,val,940.7954545454545,2.5757575757575757,0.7000000000000001,0.6688662492838466
1,val,959.2424242424241,2.626262626262626,0.7000000000000001,0.6658981044344175
1,val,977.6893939393939,2.6767676767676765,0.7000000000000001,0.6604746555467129
1,val,996.1363636363635,2.727272727272727,0.6666666666666667,0.6573874380376865
1,val,1014.5833333333333,2.7777777777777777,0.6666666666666667,0.6515674551472178
1,val,1033.030303030303,2.8282828282828283,0.6666666666666667,0.6481489942584805
1,val,1051.4772727272727,2.878787878787879,0.6666666666666667,0.6409199079745347
1,val,1069.9242424242423,2.929292929292929,0.6666666666666667,0.6316301340537697
1,val,1088.371212121212,2.9797979797979797,0.6666666666666667,0.6285397708877483
1,val,1106.8181818181818,3.0303030303030303,0.6666666666666667,0.622898391349752
1,val,1125.2651515151515,3.080808080808081,0.6333333333333334,0.6134727237540201
1,val,1143.712121212121,3.1313131313131306,0.6333333333333334,0.6094962278704302
1,val,1162.1590909090908,3.181818181818181,0.6333333333333334,0.6075178579307104
1,val,1180.6060606060605,3.2323232323232323,0.6333333333333334,0.6045193959097813
1,val,1199.0530303030303,3.282828282828283,0.6333333333333334,0.5981774455801154
1,val,1217.5,3.3333333333333335,0.6000000000000001,0.5961422070099299
1,val,1235.9469696969695,3.383838383838383,0.6000000000000001,0.5937858814551913
1,val,1254.3939393939393,3.434343434343434,0.6000000000000001,0.5898621472395408
1,val,1272.840909090909,3.4848484848484844,0.5666666666666668,0.586889283204498
1,val,1291.2878787878788,3.5353535353535355,0.5666666666666668,0.5786513533211916
1,val,1309.7348484848483,3.585858585858585,0.5666666666666668,0.5745924058544197
1,val,1328.181818181818,3.636363636363636,0.5333333333333334,0.5721083405687529
1,val,1346.6287878787878,3.6868686868686864,0.5333333333333334,0.5701770351492281
1,val,1365.0757575757575,3.737373737373737,0.5333333333333334,0.5670768523131071
1,val,1383.5227272727273,3.7878787878787876,0.5333333333333334,0.5631139888537615
1,val,1401.9696969696968,3.838383838383838,0.5333333333333334,0.5585341107987554
1,val,1420.4166666666665,3.8888888888888884,0.5333333333333334,0.5559657174291065
1,val,1438.8636363636363,3.939393939393939,0.5333333333333334,0.5548275098357344
1,val,1457.310606060606,3.9898989898989896,0.5333333333333334,0.5536916336895111
1,val,1475.7575757575755,4.04040404040404,0.5000000000000001,0.552558084212322
1,val,1494.2045454545453,4.090909090909091,0.5000000000000001,0.5458335890139772
1,val,1512.651515151515,4.141414141414141,0.5000000000000001,0.5431007556455382
1,val,1531.0984848484848,4.191919191919192,0.5000000000000001,0.5416684548553651
1,val,1549.5454545454545,4.242424242424242,0.5000000000000001,0.5402399334284389
1,val,1567.992424242424,4.292929292929292,0.5000000000000001,0.5336851686628845
1,val,1586.4393939393938,4.3434343434343425,0.5000000000000001,0.529789927327224
1,val,1604.8863636363635,4.393939393939394,0.5000000000000001,0.5267912876092292
1,val,1623.3333333333333,4.444444444444445,0.5000000000000001,0.5213991116419989
1,val,1641.780303030303,4.494949494949495,0.5000000000000001,0.5176533051453167
1,val,1660.2272727272725,4.545454545454545,0.5000000000000001,0.514637099098428
1,val,1678.6742424242423,4.595959595959595,0.5000000000000001,0.5091622295248877
1,val,1697.121212121212,4.646464646464646,0.5000000000000001,0.5071803086328077
1,val,1715.5681818181818,4.696969696969697,0.5000000000000001,0.5027101697355344
1,val,1734.0151515151513,4.7474747474747465,0.5000000000000001,0.49939260637925104
1,val,1752.462121212121,4.797979797979798,0.5000000000000001,0.49585983108060044
1,val,1770.9090909090908,4.848484848484848,0.5000000000000001,0.49074875287274006
1,val,1789.3560606060605,4.898989898989899,0.5000000000000001,0.4882987928881624
1,val,1807.8030303030303,4.949494949494949,0.5000000000000001,0.4866540087426964
1,val,1826.25,5.0,0.5000000000000001,0.485211258862599
1,test,0.0,0.0,1.0,1.0
1,test,18.446969696969695,0.050505050505050504,1.0,0.9834848771306667
1,test,36.89393939393939,0.10101010101010101,1.0,0.9795549069651214
1,test,55.340909090909086,0.1515151515151515,1.0,0.9751003098285194
1,test,73.78787878787878,0.20202020202020202,1.0,0.966259611631205
1,test,92.23484848484847,0.2525252525252525,1.0,0.9641177057423546
1,test,110.68181818181817,0.303030303030303,1.0,0.9613064010780502
1,test,129.12878787878788,0.35353535353535354,1.0,0.9558854315337584
1,test,147.57575757575756,0.40404040404040403,0.9655172413793104,0.9505872500596293
1,test,166.02272727272725,0.4545454545454545,0.9655172413793104,0.9424102459249708
1,test,184.46969696969694,0.505050505050505,0.9655172413793104,0.9385122129716458
1,test,202.91666666666666,0.5555555555555556,0.9655172413793104,0.932075479757
1,test,221.36363636363635,0.606060606060606,0.9655172413793104,0.9295067200788037
1,test,239.81060606060603,0.6565656565656565,0.9310344827586208,0.9228958500609624
1,test,258.25757575757575,0.7070707070707071,0.9310344827586208,0.9203277645320956
1,test,276.70454545454544,0.7575757575757576,0.9310344827586208,0.9177566962188963
1,test,295.1515151515151,0.8080808080808081,0.8965517241379312,0.9119670096130715
1,test,313.5984848484848,0.8585858585858585,0.8275862068965518,0.894940168440629
1,test,332.0454545454545,0.909090909090909,0.8275862068965518,0.8883914516166725
1,test,350.4924242424242,0.9595959595959594,0.8275862068965518,0.8757200135577263
1,test,368.9393939393939,1.01010101010101,0.8275862068965518,0.8601706303338278
1,test,387.3863636363636,1.0606060606060606,0.8275862068965518,0.8448567055077422
1,test,405.8333333333333,1.1111111111111112,0.8275862068965518,0.8392631702274442
1,test,424.280303030303,1.1616161616161615,0.7586206896551726,0.8282019690744694
1,test,442.7272727272727,1.212121212121212,0.7586206896551726,0.8220192855087828
1,test,461.1742424242424,1.2626262626262625,0.7586206896551726,0.8141801184099614
1,test,479.62121212121207,1.313131313131313,0.7586206896551726,0.8099719741116073
1,test,498.06818181818176,1.3636363636363635,0.7586206896551726,0.805014344011346
1,test,516.5151515151515,1.4141414141414141,0.7586206896551726,0.8003699401234573
1,test,534.9621212121211,1.4646464646464645,0.7586206896551726,0.7945138586090841
1,test,553.4090909090909,1.5151515151515151,0.7586206896551726,0.7882540895494027
1,test,571.8560606060605,1.5656565656565653,0.7586206896551726,0.7779991331876712
1,test,590.3030303030303,1.6161616161616161,0.7586206896551726,0.7750345259149727
1,test,608.75,1.6666666666666667,0.7586206896551726,0.7710157905498337
1,test,627.1969696969696,1.717171717171717,0.7586206896551726,0.760235885882745
1,test,645.6439393939394,1.7676767676767677,0.7586206896551726,0.7500700659981712
1,test,664.090909090909,1.818181818181818,0.7586206896551726,0.7437071859288252
1,test,682.5378787878788,1.8686868686868685,0.7586206896551726,0.741624418982051
1,test,700.9848484848484,1.919191919191919,0.724137931034483,0.7381496660816969
1,test,719.4318181818181,1.9696969696969695,0.6896551724137933,0.7358989908797127
1,test,737.8787878787878,2.02020202020202,0.6896551724137933,0.7345212826101704
1,test,756.3257575757575,2.0707070707070705,0.6896551724137933,0.7331461546299937
1,test,774.7727272727273,2.121212121212121,0.6896551724137933,0.7280046916287876
1,test,793.2196969696969,2.1717171717171713,0.6896551724137933,0.7207591494461455
1,test,811.6666666666666,2.2222222222222223,0.6896551724137933,0.7122580469652435
1,test,830.1136363636363,2.2727272727272725,0.6896551724137933,0.7091510748472435
1,test,848.560606060606,2.323232323232323,0.6896551724137933,0.7026150352373809
1,test,867.0075757575756,2.3737373737373733,0.6896551724137933,0.6929159591909082
1,test,885.4545454545454,2.424242424242424,0.6896551724137933,0.6854362141392562
1,test,903.9015151515151,2.4747474747474745,0.6896551724137933,0.6835992409776275
1,test,922.3484848484848,2.525252525252525,0.6896551724137933,0.6760722560880931
1,test,940.7954545454545,2.5757575757575757,0.6551724137931035,0.6690109923069634
1,test,959.2424242424241,2.626262626262626,0.6551724137931035,0.6660437186948529
1,test,977.6893939393939,2.6767676767676765,0.6551724137931035,0.6606218397408374
1,test,996.1363636363635,2.727272727272727,0.6206896551724139,0.65753550313009
1,test,1014.5833333333333,2.7777777777777777,0.6206896551724139,0.6517171555711859
1,test,1033.030303030303,2.8282828282828283,0.6206896551724139,0.6482996397149294
1,test,1051.4772727272727,2.878787878787879,0.6206896551724139,0.6410725138645279
1,test,1069.9242424242423,2.929292929292929,0.6206896551724139,0.6317851827378637
1,test,1088.371212121212,2.9797979797979797,0.5862068965517242,0.6286956129785831
1,test,1106.8181818181818,3.0303030303030303,0.5862068965517242,0.6230556568517848
1,test,1125.2651515151515,3.080808080808081,0.5862068965517242,0.6136322950700189
1,test,1143.712121212121,3.1313131313131306,0.5862068965517242,0.6096567445596456
1,test,1162.1590909090908,3.181818181818181,0.5862068965517242,0.607678838860679
1,test,1180.6060606060605,3.2323232323232323,0.5862068965517242,0.6046810727000174
1,test,1199.0530303030303,3.282828282828283,0.5517241379310346,0.5983405632329933
1,test,1217.5,3.3333333333333335,0.5517241379310346,0.5963057781135849
1,test,1235.9469696969695,3.383838383838383,0.5517241379310346,0.59394997209236
1,test,1254.3939393939393,3.434343434343434,0.5517241379310346,0.5900270899612565
1,test,1272.840909090909,3.4848484848484844,0.5517241379310346,0.5870548606251321
1,test,1291.2878787878788,3.5353535353535355,0.5517241379310346,0.5788186401188348
1,test,1309.7348484848483,3.585858585858585,0.5517241379310346,0.5747605080049069
1,test,1328.181818181818,3.636363636363636,0.517241379310345,0.572276932900603
1,test,1346.6287878787878,3.6868686868686864,0.517241379310345,0.5703460039447478
1,test,1365.0757575757575,3.737373737373737,0.517241379310345,0.567246416898687
1,test,1383.5227272727273,3.7878787878787876,0.517241379310345,0.5632842996678986
1,test,1401.9696969696968,3.838383838383838,0.517241379310345,0.5587052624553908
1,test,1420.4166666666665,3.8888888888888884,0.517241379310345,0.5561373304539213
1,test,1438.8636363636363,3.939393939393939,0.517241379310345,0.5549993249727685
1,test,1457.310606060606,3.9898989898989896,0.517241379310345,0.5538636490842552
1,test,1475.7575757575755,4.04040404040404,0.517241379310345,0.5527302980176563
1,test,1494.2045454545453,4.090909090909091,0.517241379310345,0.546006950198454
1,test,1512.651515151515,4.141414141414141,0.517241379310345,0.5432745685535153
1,test,1531.0984848484848,4.191919191919192,0.517241379310345,0.5418425011344962
1,test,1549.5454545454545,4.242424242424242,0.517241379310345,0.540414210140659
1,test,1567.992424242424,4.292929292929292,0.517241379310345,0.5338604728453209
1,test,1586.4393939393938,4.3434343434343425,0.517241379310345,0.5299658187246101
1,test,1604.8863636363635,4.393939393939394,0.517241379310345,0.5269676191101352
1,test,1623.3333333333333,4.444444444444445,0.517241379310345,0.5215762082332498
1,test,1641.780303030303,4.494949494949495,0.517241379310345,0.5178309132027926
1,test,1660.2272727272725,4.545454545454545,0.517241379310345,0.5148151069966089
1,test,1678.6742424242423,4.595959595959595,0.517241379310345,0.5093409356663195
1,test,1697.121212121212,4.646464646464646,0.517241379310345,0.5073592587426085
1,test,1715.5681818181818,4.696969696969697,0.517241379310345,0.5028896528309931
1,test,1734.0151515151513,4.7474747474747465,0.517241379310345,0.4995724694833636
1,test,1752.462121212121,4.797979797979798,0.517241379310345,0.49604008419103035
1,test,1770.9090909090908,4.848484848484848,0.517241379310345,0.4909295433103369
1,test,1789.3560606060605,4.898989898989899,0.517241379310345,0.48847982953709884
1,test,1807.8030303030303,4.949494949494949,0.517241379310345,0.48683520653827184
1,test,1826.25,5.0,0.517241379310345,0.4853925952592548
2,train,0.0,0.0,1.0,1.0
2,train,18.446969696969695,0.050505050505050504,0.9915611814345993,0.9875613486853777
2,train,36.89393939393939,0.10101010101010101,0.9873417721518988,0.9853290418666873
2,train,55.340909090909086,0.1515151515151515,0.9873417721518988,0.9832319397530171
2,train,73.78787878787878,0.20202020202020202,0.9746835443037977,0.9744124577009676
2,train,92.23484848484847,0.2525252525252525,0.9746835443037977,0.9722553173059416
2,train,110.68181818181817,0.303030303030303,0.9704641350210973,0.969423877795333
2,train,129.12878787878788,0.35353535353535354,0.9662447257383969,0.9651428553384993
2,train,147.57575757575756,0.40404040404040403,0.9662447257383969,0.9624665320507404
2,train,166.02272727272725,0.4545454545454545,0.9620253164556964,0.9587395749459389
2,train,184.46969696969694,0.505050505050505,0.957805907172996,0.9548516923087496
2,train,202.91666666666666,0.5555555555555556,0.949367088607595,0.9483570836108361
2,train,221.36363636363635,0.606060606060606,0.949367088607595,0.9457644097499354
2,train,239.81060606060603,0.6565656565656565,0.9409282700421941,0.9391734769528335
2,train,258.25757575757575,0.7070707070707071,0.9367088607594937,0.9364593941314945
2,train,276.70454545454544,0.7575757575757576,0.9367088607594937,0.9334704224216978
2,train,295.1515151515151,0.8080808080808081,0.9240506329113926,0.9235463212345927
2,train,313.5984848484848,0.8585858585858585,0.8987341772151902,0.8982883274260857
2,train,332.0454545454545,0.909090909090909,0.8945147679324899,0.8916909880739384
2,train,350.4924242424242,0.9595959595959594,0.8818565400843885,0.8789230579951298
2,train,368.9393939393939,1.01010101010101,0.8691983122362872,0.8674641012834056
2,train,387.3863636363636,1.0606060606060606,0.8523206751054855,0.8520501183533067
2,train,405.8333333333333,1.1111111111111112,0.848101265822785,0.8464306344212507
2,train,424.280303030303,1.1616161616161615,0.8270042194092827,0.8269650230543981
2,train,442.7272727272727,1.212121212121212,0.8227848101265823,0.8207597142108322
2,train,461.1742424242424,1.2626262626262625,0.818565400843882,0.8168957973353593
2,train,479.62121212121207,1.313131313131313,0.8143459915611816,0.8128597154944217
2,train,498.06818181818176,1.3636363636363635,0.8143459915611816,0.8078847386338078
2,train,516.5151515151515,1.4141414141414141,0.8059071729957807,0.8032243110474497
2,train,534.9621212121211,1.4646464646464645,0.7974683544303799,0.7973474382143134
2,train,553.4090909090909,1.5151515151515151,0.7932489451476794,0.7910674415921534
2,train,571.8560606060605,1.5656565656565653,0.7848101265822784,0.7849721494729847
2,train,590.3030303030303,1.6161616161616161,0.7848101265822784,0.7820002892765116
2,train,608.75,1.6666666666666667,0.7805907172995781,0.7779691488518623
2,train,627.1969696969696,1.717171717171717,0.7679324894514767,0.7671696092795048
2,train,645.6439393939394,1.7676767676767677,0.7637130801687764,0.7614796330668565
2,train,664.090909090909,1.818181818181818,0.7552742616033756,0.7547730459794516
2,train,682.5378787878788,1.8686868686868685,0.7552742616033756,0.7525026967572077
2,train,700.9848484848484,1.919191919191919,0.7426160337552743,0.7431009519637681
2,train,719.4318181818181,1.9696969696969695,0.729957805907173,0.731072017843544
2,train,737.8787878787878,2.02020202020202,0.729957805907173,0.7293150976407937
2,train,756.3257575757575,2.0707070707070705,0.729957805907173,0.7275625104594278
2,train,774.7727272727273,2.121212121212121,0.721518987341772,0.7222823707109606
2,train,793.2196969696969,2.1717171717171713,0.7172995780590716,0.7150362748886623
2,train,811.6666666666666,2.2222222222222223,0.7088607594936708,0.7065254414580479
2,train,830.1136363636363,2.2727272727272725,0.7046413502109704,0.7034107870722003
2,train,848.560606060606,2.323232323232323,0.6962025316455696,0.6970644379872759
2,train,867.0075757575756,2.3737373737373733,0.6919831223628691,0.6913293389374403
2,train,885.4545454545454,2.424242424242424,0.6835443037974682,0.6838230987544004
2,train,903.9015151515151,2.4747474747474745,0.6835443037974682,0.6819775881127623
2,train,922.3484848484848,2.525252525252525,0.6751054852320673,0.674406840388415
2,train,940.7954545454545,2.5757575757575757,0.662447257383966,0.6630911381797848
2,train,959.2424242424241,2.626262626262626,0.662447257383966,0.6601035316695449
2,train,977.6893939393939,2.6767676767676765,0.6540084388185653,0.6538836524973752
2,train,996.1363636363635,2.727272727272727,0.6497890295358648,0.6474913250783324
2,train,1014.5833333333333,2.7777777777777777,0.6413502109704641,0.641432562326806
2,train,1033.030303030303,2.8282828282828283,0.6371308016877637,0.6385012363369895
2,train,1051.4772727272727,2.878787878787879,0.6371308016877637,0.6347879439802675
2,train,1069.9242424242423,2.929292929292929,0.6244725738396624,0.6252967466492905
2,train,1088.371212121212,2.9797979797979797,0.6202531645569619,0.6194846804319001
2,train,1106.8181818181818,3.0303030303030303,0.611814345991561,0.6125021450498689
2,train,1125.2651515151515,3.080808080808081,0.6033755274261602,0.6047128089554012
2,train,1143.712121212121,3.1313131313131306,0.6033755274261602,0.6029440904049662
2,train,1162.1590909090908,3.181818181818181,0.6033755274261602,0.6011806849687777
2,train,1180.6060606060605,3.2323232323232323,0.5991561181434598,0.5978483880348376
2,train,1199.0530303030303,3.282828282828283,0.5864978902953586,0.5869888872947222
2,train,1217.5,3.3333333333333335,0.5822784810126582,0.5825865090489512
2,train,1235.9469696969695,3.383838383838383,0.5780590717299577,0.5789530057936237
2,train,1254.3939393939393,3.434343434343434,0.5738396624472574,0.5750031635221512
2,train,1272.840909090909,3.4848484848484844,0.5738396624472574,0.5721110575294143
2,train,1291.2878787878788,3.5353535353535355,0.569620253164557,0.5682530763217344
2,train,1309.7348484848483,3.585858585858585,0.569620253164557,0.5639342537629998
2,train,1328.181818181818,3.636363636363636,0.5611814345991561,0.5613067931664342
2,train,1346.6287878787878,3.6868686868686864,0.5611814345991561,0.5593522474936715
2,train,1365.0757575757575,3.737373737373737,0.5569620253164557,0.5573678967645321
2,train,1383.5227272727273,3.7878787878787876,0.5569620253164557,0.5553603194994375
2,train,1401.9696969696968,3.838383838383838,0.5527426160337553,0.5518000848689947
2,train,1420.4166666666665,3.8888888888888884,0.5485232067510548,0.5490449284615635
2,train,1438.8636363636363,3.939393939393939,0.5485232067510548,0.5476680365857983
2,train,1457.310606060606,3.9898989898989896,0.5485232067510548,0.5462946924477975
2,train,1475.7575757575755,4.04040404040404,0.5443037974683544,0.5436418616812034
2,train,1494.2045454545453,4.090909090909091,0.540084388185654,0.5389258306390287
2,train,1512.651515151515,4.141414141414141,0.5358649789029536,0.5361590925787787
2,train,1531.0984848484848,4.191919191919192,0.5358649789029536,0.5347078583892722
2,train,1549.5454545454545,4.242424242424242,0.5358649789029536,0.5332606604881891
2,train,1567.992424242424,4.292929292929292,0.5316455696202532,0.5299538163103084
2,train,1586.4393939393938,4.3434343434343425,0.5274261603375529,0.5269188728011641
2,train,1604.8863636363635,4.393939393939394,0.5232067510548524,0.5238832426312785
2,train,1623.3333333333333,4.444444444444445,0.518987341772152,0.5184210192095295
2,train,1641.780303030303,4.494949494949495,0.5147679324894515,0.5146274704930969
2,train,1660.2272727272725,4.545454545454545,0.510548523206751,0.5115707257796391
2,train,1678.6742424242423,4.595959595959595,0.5063291139240507,0.5063888910453035
2,train,1697.121212121212,4.646464646464646,0.5063291139240507,0.504877099215833
2,train,1715.5681818181818,4.696969696969697,0.5063291139240507,0.5033699461469487
2,train,1734.0151515151513,4.7474747474747465,0.5021097046413503,0.500351688607804
2,train,1752.462121212121,4.797979797979798,0.49789029535864987,0.4967635627696322
2,train,1770.9090909090908,4.848484848484848,0.49367088607594944,0.49156797083574066
2,train,1789.3560606060605,4.898989898989899,0.489451476793249,0.48907617116326174
2,train,1807.8030303030303,4.949494949494949,0.489451476793249,0.48740323015720227
2,train,1826.25,5.0,0.4852320675105486,0.4859357385777123
2,val,0.0,0.0,1.0,1.0
2,val,18.446969696969695,0.050505050505050504,1.0,0.9877957632469434
2,val,36.89393939393939,0.10101010101010101,1.0,0.9856052102709797
2,val,55.340909090909086,0.1515151515151515,1.0,0.9835472451247149
2,val,73.78787878787878,0.20202020202020202,1.0,0.9748914187746803
2,val,92.23484848484847,0.2525252525252525,1.0,0.9727740751118308
2,val,110.68181818181817,0.303030303030303,1.0,0.969994733594959
2,val,129.12878787878788,0.35353535353535354,1.0,0.9657921810749588
2,val,147.57575757575756,0.40404040404040403,0.9666666666666667,0.9631647298649302
2,val,166.02272727272725,0.4545454545454545,0.9666666666666667,0.9595055934105393
2,val,184.46969696969694,0.505050505050505,0.9666666666666667,0.9556881648082769
2,val,202.91666666666666,0.5555555555555556,0.9333333333333333,0.949310572406276
2,val,221.36363636363635,0.606060606060606,0.9333333333333333,0.9467643748391884
2,val,239.81060606060603,0.6565656565656565,0.9,0.9402909786148339
2,val,258.25757575757575,0.7070707070707071,0.8666666666666667,0.9376250395429909
2,val,276.70454545454544,0.7575757575757576,0.8666666666666667,0.9346889136651008
2,val,295.1515151515151,0.8080808080808081,0.8333333333333334,0.9249389574040082
2,val,313.5984848484848,0.8585858585858585,0.8333333333333334,0.9001149276597312
2,val,332.0454545454545,0.909090909090909,0.8,0.8936287154639377
2,val,350.4924242424242,0.9595959595959594,0.8,0.8810731907580748
2,val,368.9393939393939,1.01010101010101,0.8,0.8698018402640517
2,val,387.3863636363636,1.0606060606060606,0.8,0.8546356336884354
2,val,405.8333333333333,1.1111111111111112,0.8,0.8491051573749793
2,val,424.280303030303,1.1616161616161615,0.8,0.8299423027007686
2,val,442.7272727272727,1.212121212121212,0.8,0.8238316699928856
2,val,461.1742424242424,1.2626262626262625,0.8,0.8200262516619028
2,val,479.62121212121207,1.313131313131313,0.8,0.8160509003682146
2,val,498.06818181818176,1.3636363636363635,0.8,0.8111502520939594
2,val,516.5151515151515,1.4141414141414141,0.8,0.806558920189689
2,val,534.9621212121211,1.4646464646464645,0.8,0.8007684376799572
2,val,553.4090909090909,1.5151515151515151,0.8,0.7945798379146104
2,val,571.8560606060605,1.5656565656565653,0.7666666666666667,0.7885723389656835
2,val,590.3030303030303,1.6161616161616161,0.7666666666666667,0.7856429545286241
2,val,608.75,1.6666666666666667,0.7666666666666667,0.7816690828764278
2,val,627.1969696969696,1.717171717171717,0.7666666666666667,0.7710209843045596
2,val,645.6439393939394,1.7676767676767677,0.7666666666666667,0.7654096254914098
2,val,664.090909090909,1.818181818181818,0.7333333333333334,0.7587946522466079
2,val,682.5378787878788,1.8686868686868685,0.7333333333333334,0.7565550575492082
2,val,700.9848484848484,1.919191919191919,0.7333333333333334,0.7472792636921123
2,val,719.4318181818181,1.9696969696969695,0.7333333333333334,0.7354081352689128
2,val,737.8787878787878,2.02020202020202,0.7333333333333334,0.7336739465888484
2,val,756.3257575757575,2.0707070707070705,0.7333333333333334,0.7319439537227396
2,val,774.7727272727273,2.121212121212121,0.7000000000000001,0.7267313934929561
2,val,793.2196969696969,2.1717171717171713,0.7000000000000001,0.7195768285416936
2,val,811.6666666666666,2.2222222222222223,0.7000000000000001,0.7111716952908576
2,val,830.1136363636363,2.2727272727272725,0.7000000000000001,0.7080952311003447
2,val,848.560606060606,2.323232323232323,0.7000000000000001,0.7018258741746438
2,val,867.0075757575756,2.3737373737373733,0.7000000000000001,0.6961593946062874
2,val,885.4545454545454,2.424242424242424,0.7000000000000001,0.6887415789909819
2,val,903.9015151515151,2.4747474747474745,0.7000000000000001,0.6869175661972517
2,val,922.3484848484848,2.525252525252525,0.7000000000000001,0.6794339977647291
2,val,940.7954545454545,2.5757575757575757,0.7000000000000001,0.6682455384820221
2,val,959.2424242424241,2.626262626262626,0.7000000000000001,0.6652909082227859
2,val,977.6893939393939,2.6767676767676765,0.7000000000000001,0.6591388439792422
2,val,996.1363636363635,2.727272727272727,0.6666666666666667,0.6528150222083654
2,val,1014.5833333333333,2.7777777777777777,0.6666666666666667,0.6468200664038382
2,val,1033.030303030303,2.8282828282828283,0.6666666666666667,0.6439192154059554
2,val,1051.4772727272727,2.878787878787879,0.6666666666666667,0.6402441544991383
2,val,1069.9242424242423,2.929292929292929,0.6666666666666667,0.6308487653033807
2,val,1088.371212121212,2.9797979797979797,0.6666666666666667,0.6250939977815215
2,val,1106.8181818181818,3.0303030303030303,0.6666666666666667,0.6181789065518101
2,val,1125.2651515151515,3.080808080808081,0.6333333333333334,0.610462991912843
2,val,1143.712121212121,3.1313131313131306,0.6333333333333334,0.6087106758936357
2,val,1162.1590909090908,3.181818181818181,0.6333333333333334,0.6069635238930486
2,val,1180.6060606060605,3.2323232323232323,0.6333333333333334,0.6036616677823475
2,val,1199.0530303030303,3.282828282828283,0.6333333333333334,0.592898867274681
2,val,1217.5,3.3333333333333335,0.6333333333333334,0.5885345881339952
2,val,1235.9469696969695,3.383838383838383,0.6333333333333334,0.5849320455411777
2,val,1254.3939393939393,3.434343434343434,0.6333333333333334,0.5810153589641166
2,val,1272.840909090909,3.4848484848484844,0.6000000000000001,0.5781471971757458
2,val,1291.2878787878788,3.5353535353535355,0.6000000000000001,0.5743207162215055
2,val,1309.7348484848483,3.585858585858585,0.6000000000000001,0.5700365552463952
2,val,1328.181818181818,3.636363636363636,0.5666666666666668,0.567429869018267
2,val,1346.6287878787878,3.6868686868686864,0.5666666666666668,0.5654906228823665
2,val,1365.0757575757575,3.737373737373737,0.5666666666666668,0.5635216697563386
2,val,1383.5227272727273,3.7878787878787876,0.5333333333333334,0.5615295311553885
2,val,1401.9696969696968,3.838383838383838,0.5333333333333334,0.5579963296134669
2,val,1420.4166666666665,3.8888888888888884,0.5333333333333334,0.5552617881800501
2,val,1438.8636363636363,3.939393939393939,0.5333333333333334,0.5538950984193918
2,val,1457.310606060606,3.9898989898989896,0.5333333333333334,0.5525318633380756
2,val,1475.7575757575755,4.04040404040404,0.5333333333333334,0.549898370355579
2,val,1494.2045454545453,4.090909090909091,0.5000000000000001,0.5452160969816244
2,val,1512.651515151515,4.141414141414141,0.5000000000000001,0.5424687918299368
2,val,1531.0984848484848,4.191919191919192,0.5000000000000001,0.5410276402742064
2,val,1549.5454545454545,4.242424242424242,0.5000000000000001,0.5395904209791406
2,val,1567.992424242424,4.292929292929292,0.5000000000000001,0.5363060919848521
2,val,1586.4393939393938,4.3434343434343425,0.5000000000000001,0.5332914605942781
2,val,1604.8863636363635,4.393939393939394,0.5000000000000001,0.5302758082869254
2,val,1623.3333333333333,4.444444444444445,0.5000000000000001,0.5248486725373035
2,val,1641.780303030303,4.494949494949495,0.5000000000000001,0.5210788367274974
2,val,1660.2272727272725,4.545454545454545,0.5000000000000001,0.5180408050615176
2,val,1678.6742424242423,4.595959595959595,0.5000000000000001,0.5128898828151821
2,val,1697.121212121212,4.646464646464646,0.5000000000000001,0.5113869163736586
2,val,1715.5681818181818,4.696969696969697,0.5000000000000001,0.5098884742296061
2,val,1734.0151515151513,4.7474747474747465,0.5000000000000001,0.5068873979899897
2,val,1752.462121212121,4.797979797979798,0.5000000000000001,0.5033192377834688
2,val,1770.9090909090908,4.848484848484848,0.5000000000000001,0.4981516639944969
2,val,1789.3560606060605,4.898989898989899,0.5000000000000001,0.4956729244749016
2,val,1807.8030303030303,4.949494949494949,0.5000000000000001,0.49400861364721277
2,val,1826.25,5.0,0.5000000000000001,0.4925486006739929
2,test,0.0,0.0,1.0,1.0
2,test,18.446969696969695,0.050505050505050504,0.9666666666666667,0.9877580255873503
2,test,36.89393939393939,0.10101010101010101,0.9666666666666667,0.9855606540435545
2,test,55.340909090909086,0.1515151515151515,0.9333333333333333,0.983496270626142
2,test,73.78787878787878,0.20202020202020202,0.9333333333333333,0.9748133178486708
2,test,92.23484848484847,0.2525252525252525,0.9333333333333333,0.9726893065467537
2,test,110.68181818181817,0.303030303030303,0.9333333333333333,0.9699011936481625
2,test,129.12878787878788,0.35353535353535354,0.9333333333333333,0.9656853372129304
2,test,147.57575757575756,0.40404040404040403,0.9333333333333333,0.9630495433590723
2,test,166.02272727272725,0.4545454545454545,0.8666666666666667,0.9593787565579509
2,test,184.46969696969694,0.505050505050505,0.8666666666666667,0.9555491341723391
2,test,202.91666666666666,0.5555555555555556,0.8666666666666667,0.9491510807989828
2,test,221.36363636363635,0.606060606060606,0.8666666666666667,0.9465966832743862
2,test,239.81060606060603,0.6565656565656565,0.8666666666666667,0.9401023602326586
2,test,258.25757575757575,0.7070707070707071,0.8666666666666667,0.9374277698778883
2,test,276.70454545454544,0.7575757575757576,0.8666666666666667,0.9344820937671041
2,test,295.1515151515151,0.8080808080808081,0.8666666666666667,0.9247002585814194
2,test,313.5984848484848,0.8585858585858585,0.8666666666666667,0.8997939329904596
2,test,332.0454545454545,0.909090909090909,0.8666666666666667,0.8932859556861761
2,test,350.4924242424242,0.9595959595959594,0.8666666666666667,0.8806879979096353
2,test,368.9393939393939,1.01010101010101,0.8333333333333334,0.8693782210567742
2,test,387.3863636363636,1.0606060606060606,0.8333333333333334,0.854159823605007
2,test,405.8333333333333,1.1111111111111112,0.8333333333333334,0.8486101795252988
2,test,424.280303030303,1.1616161616161615,0.8333333333333334,0.829380362798505
2,test,442.7272727272727,1.212121212121212,0.8333333333333334,0.8232482030051578
2,test,461.1742424242424,1.2626262626262625,0.8,0.8194293370029466
2,test,479.62121212121207,1.313131313131313,0.8,0.8154399038237282
2,test,498.06818181818176,1.3636363636363635,0.8,0.8105218491152779
2,test,516.5151515151515,1.4141414141414141,0.8,0.8059141630366716
2,test,534.9621212121211,1.4646464646464645,0.8,0.8001029919372099
2,test,553.4090909090909,1.5151515151515151,0.8,0.793892204622259
2,test,571.8560606060605,1.5656565656565653,0.7666666666666667,0.7878630931361369
2,test,590.3030303030303,1.6161616161616161,0.7666666666666667,0.7849231438485406
2,test,608.75,1.6666666666666667,0.7666666666666667,0.7809349134125825
2,test,627.1969696969696,1.717171717171717,0.7666666666666667,0.7702481900131385
2,test,645.6439393939394,1.7676767676767677,0.7333333333333334,0.7646163907849515
2,test,664.090909090909,1.818181818181818,0.7333333333333334,0.757977247397545
2,test,682.5378787878788,1.8686868686868685,0.7333333333333334,0.7557294517858716
2,test,700.9848484848484,1.919191919191919,0.7333333333333334,0.7464195987180763
2,test,719.4318181818181,1.9696969696969695,0.7333333333333334,0.7345046699199825
2,test,737.8787878787878,2.02020202020202,0.7333333333333334,0.7327640635244971
2,test,756.3257575757575,2.0707070707070705,0.7333333333333334,0.7310276637313007
2,test,774.7727272727273,2.121212121212121,0.7333333333333334,0.7257957709170207
2,test,793.2196969696969,2.1717171717171713,0.7333333333333334,0.7186146036946294
2,test,811.6666666666666,2.2222222222222223,0.7333333333333334,0.7101781231324111
2,test,830.1136363636363,2.2727272727272725,0.7333333333333334,0.707090160436766
2,test,848.560606060606,2.323232323232323,0.7333333333333334,0.700797332002024
2,test,867.0075757575756,2.3737373737373733,0.7000000000000001,0.6951095942307607
2,test,885.4545454545454,2.424242424242424,0.7000000000000001,0.6876638904416162
2,test,903.9015151515151,2.4747474747474745,0.7000000000000001,0.6858330101076398
2,test,922.3484848484848,2.525252525252525,0.7000000000000001,0.6783212264422384
2,test,940.7954545454545,2.5757575757575757,0.7000000000000001,0.6670904739967273
2,test,959.2424242424241,2.626262626262626,0.7000000000000001,0.6641246548204355
2,test,977.6893939393939,2.6767676767676765,0.7000000000000001,0.6579492683602864
2,test,996.1363636363635,2.727272727272727,0.7000000000000001,0.6516014405903611
2,test,1014.5833333333333,2.7777777777777777,0.7000000000000001,0.6455836994150095
2,test,1033.030303030303,2.8282828282828283,0.7000000000000001,0.6426718141000071
2,test,1051.4772727272727,2.878787878787879,0.6666666666666667,0.638982766248983
2,test,1069.9242424242423,2.929292929292929,0.6666666666666667,0.629551584406947
2,test,1088.371212121212,2.9797979797979797,0.6666666666666667,0.6237748726528956
2,test,1106.8181818181818,3.0303030303030303,0.6666666666666667,0.6168333961503215
2,test,1125.2651515151515,3.080808080808081,0.6666666666666667,0.609088024994368
2,test,1143.712121212121,3.1313131313131306,0.6333333333333334,0.6073290176637932
2,test,1162.1590909090908,3.181818181818181,0.6333333333333334,0.6055751936514304
2,test,1180.6060606060605,3.2323232323232323,0.6333333333333334,0.6022607275879681
2,test,1199.0530303030303,3.282828282828283,0.6333333333333334,0.5914568221033877
2,test,1217.5,3.3333333333333335,0.6333333333333334,0.5870758778006386
2,test,1235.9469696969695,3.383838383838383,0.6333333333333334,0.5834595814854284
2,test,1254.3939393939393,3.434343434343434,0.6333333333333334,0.5795279456620855
2,test,1272.840909090909,3.4848484848484844,0.6333333333333334,0.5766488397634685
2,test,1291.2878787878788,3.5353535353535355,0.6000000000000001,0.5728077629433213
2,test,1309.7348484848483,3.585858585858585,0.5666666666666668,0.5685072681676485
2,test,1328.181818181818,3.636363636363636,0.5666666666666668,0.5658906483484606
2,test,1346.6287878787878,3.6868686868686864,0.5666666666666668,0.5639440146489302
2,test,1365.0757575757575,3.737373737373737,0.5666666666666668,0.5619675631689817
2,test,1383.5227272727273,3.7878787878787876,0.5666666666666668,0.5599678405088601
2,test,1401.9696969696968,3.838383838383838,0.5666666666666668,0.5564211949891064
2,test,1420.4166666666665,3.8888888888888884,0.5666666666666668,0.5536762550459104
2,test,1438.8636363636363,3.939393939393939,0.5666666666666668,0.5523043705222386
2,test,1457.310606060606,3.9898989898989896,0.5666666666666668,0.550935955394984
2,test,1475.7575757575755,4.04040404040404,0.5666666666666668,0.5482924602996455
2,test,1494.2045454545453,4.090909090909091,0.5666666666666668,0.5435924197552366
2,test,1512.651515151515,4.141414141414141,0.5666666666666668,0.5408347002357687
2,test,1531.0984848484848,4.191919191919192,0.5666666666666668,0.539388088909676
2,test,1549.5454545454545,4.242424242424242,0.5666666666666668,0.5379454270798064
2,test,1567.992424242424,4.292929292929292,0.5333333333333334,0.5346486699464844
2,test,1586.4393939393938,4.3434343434343425,0.5333333333333334,0.5316226427045593
2,test,1604.8863636363635,4.393939393939394,0.5333333333333334,0.5285956025771744
2,test,1623.3333333333333,4.444444444444445,0.5333333333333334,0.5231480047048729
2,test,1641.780303030303,4.494949494949495,0.5333333333333334,0.5193639812951611
2,test,1660.2272727272725,4.545454545454545,0.5333333333333334,0.5163145326606584
2,test,1678.6742424242423,4.595959595959595,0.5333333333333334,0.511144288996704
2,test,1697.121212121212,4.646464646464646,0.5333333333333334,0.5096356937496173
2,test,1715.5681818181818,4.696969696969697,0.5000000000000001,0.5081316439123434
2,test,1734.0151515151513,4.7474747474747465,0.5000000000000001,0.5051193494744044
2,test,1752.462121212121,4.797979797979798,0.5000000000000001,0.5015378744810297
2,test,1770.9090909090908,4.848484848484848,0.5000000000000001,0.4963510647326765
2,test,1789.3560606060605,4.898989898989899,0.5000000000000001,0.4938631190511664
2,test,1807.8030303030303,4.949494949494949,0.5000000000000001,0.49219263475981356
2,test,1826.25,5.0,0.5000000000000001,0.49072721145979287
3,train,0.0,0.0,1.0,1.0
3,train,18.446969696969695,0.050505050505050504,0.9873417721518988,0.9833676718722619
3,train,36.89393939393939,0.10101010101010101,0.9831223628691984,0.9794094848890337
3,train,55.340909090909086,0.1515151515151515,0.978902953586498,0.9749214750045422
3,train,73.78787878787878,0.20202020202020202,0.9662447257383969,0.966014862054733
3,train,92.23484848484847,0.2525252525252525,0.9662447257383969,0.9638579273579447
3,train,110.68181818181817,0.303030303030303,0.9620253164556964,0.9610266886551725
3,train,129.12878787878788,0.35353535353535354,0.957805907172996,0.955566287680015
3,train,147.57575757575756,0.40404040404040403,0.957805907172996,0.9502298690858347
3,train,166.02272727272725,0.4545454545454545,0.9451476793248946,0.9419844261168856
3,train,184.46969696969694,0.505050505050505,0.9409282700421943,0.938050319070226
3,train,202.91666666666666,0.5555555555555556,0.9324894514767934,0.9315523632809347
3,train,221.36363636363635,0.606060606060606,0.9324894514767934,0.9289583500476138
3,train,239.81060606060603,0.6565656565656565,0.9240506329113927,0.9223630610235637
3,train,258.25757575757575,0.7070707070707071,0.9156118143459919,0.9157435074768956
3,train,276.70454545454544,0.7575757575757576,0.9156118143459919,0.91165192198355
3,train,295.1515151515151,0.8080808080808081,0.8987341772151903,0.898289857146958
3,train,313.5984848484848,0.8585858585858585,0.8734177215189878,0.8729993856259207
3,train,332.0454545454545,0.909090909090909,0.8649789029535869,0.862654315387554
3,train,350.4924242424242,0.9595959595959594,0.8565400843881861,0.8530700665068189
3,train,368.9393939393939,1.01010101010101,0.8481012658227852,0.844655440192544
3,train,387.3863636363636,1.0606060606060606,0.8312236286919835,0.8308604185199959
3,train,405.8333333333333,1.1111111111111112,0.827004219409283,0.8252174585760438
3,train,424.280303030303,1.1616161616161615,0.8101265822784814,0.8098747954035384
3,train,442.7272727272727,1.212121212121212,0.805907172995781,0.8036456851474274
3,train,461.1742424242424,1.2626262626262625,0.7974683544303801,0.7957417591613136
3,train,479.62121212121207,1.313131313131313,0.7932489451476796,0.7914969750957707
3,train,498.06818181818176,1.3636363636363635,0.7932489451476796,0.7864980519370954
3,train,516.5151515151515,1.4141414141414141,0.7848101265822788,0.7818149298290129
3,train,534.9621212121211,1.4646464646464645,0.776371308016878,0.7759109331002836
3,train,553.4090909090909,1.5151515151515151,0.7721518987341776,0.769603346832652
3,train,571.8560606060605,1.5656565656565653,0.7552742616033759,0.7550896513572967
3,train,590.3030303030303,1.6161616161616161,0.7552742616033759,0.752105281555514
3,train,608.75,1.6666666666666667,0.7510548523206754,0.7495649044611691
3,train,627.1969696969696,1.717171717171717,0.7468354430379749,0.7466660938418413
3,train,645.6439393939394,1.7676767676767677,0.7426160337552745,0.7401932220956813
3,train,664.090909090909,1.818181818181818,0.7341772151898737,0.7331505384178523
3,train,682.5378787878788,1.8686868686868685,0.7341772151898737,0.730868121848085
3,train,700.9848484848484,1.919191919191919,0.7215189873417722,0.7214189707202739
3,train,719.4318181818181,1.9696969696969695,0.708860759493671,0.7093384627541123
3,train,737.8787878787878,2.02020202020202,0.708860759493671,0.7078445191811498
3,train,756.3257575757575,2.0707070707070705,0.708860759493671,0.7063537897301363
3,train,774.7727272727273,2.121212121212121,0.7046413502109706,0.7044798586799128
3,train,793.2196969696969,2.1717171717171713,0.7046413502109706,0.701114171040447
3,train,811.6666666666666,2.2222222222222223,0.7004219409282701,0.697261585998117
3,train,830.1136363636363,2.2727272727272725,0.6962025316455698,0.6941657223938259
3,train,848.560606060606,2.323232323232323,0.6877637130801688,0.687602930727493
3,train,867.0075757575756,2.3737373737373733,0.6835443037974684,0.6796473937400938
3,train,885.4545454545454,2.424242424242424,0.6751054852320676,0.6748298356346888
3,train,903.9015151515151,2.4747474747474745,0.6751054852320676,0.6733926006182135
3,train,922.3484848484848,2.525252525252525,0.6751054852320676,0.6719584929437666
3,train,940.7954545454545,2.5757575757575757,0.6624472573839664,0.6622509606469736
3,train,959.2424242424241,2.626262626262626,0.6624472573839664,0.6592680949377128
3,train,977.6893939393939,2.6767676767676765,0.6540084388185656,0.6530577297610278
3,train,996.1363636363635,2.727272727272727,0.6497890295358651,0.6466763677954513
3,train,1014.5833333333333,2.7777777777777777,0.6455696202531648,0.6445343172339977
3,train,1033.030303030303,2.8282828282828283,0.6455696202531648,0.6426386500968154
3,train,1051.4772727272727,2.878787878787879,0.6413502109704644,0.6394186952798399
3,train,1069.9242424242423,2.929292929292929,0.6329113924050636,0.6329672895877396
3,train,1088.371212121212,2.9797979797979797,0.6286919831223631,0.6271681708351606
3,train,1106.8181818181818,3.0303030303030303,0.6202531645569622,0.6199568985800947
3,train,1125.2651515151515,3.080808080808081,0.6075949367088608,0.6065202276278537
3,train,1143.712121212121,3.1313131313131306,0.6033755274261604,0.6025250134855485
3,train,1162.1590909090908,3.181818181818181,0.6033755274261604,0.6005390412696809
3,train,1180.6060606060605,3.2323232323232323,0.59915611814346,0.5971542075159887
3,train,1199.0530303030303,3.282828282828283,0.5864978902953588,0.5863168245814291
3,train,1217.5,3.3333333333333335,0.5822784810126584,0.5819224394363872
3,train,1235.9469696969695,3.383838383838383,0.578059071729958,0.5782955551293888
3,train,1254.3939393939393,3.434343434343434,0.5738396624472576,0.5743388855022553
3,train,1272.840909090909,3.4848484848484844,0.5738396624472576,0.5713416702724271
3,train,1291.2878787878788,3.5353535353535355,0.5654008438818567,0.5630333187272273
3,train,1309.7348484848483,3.585858585858585,0.5611814345991563,0.5589384231733946
3,train,1328.181818181818,3.636363636363636,0.5569620253164558,0.5564331115673128
3,train,1346.6287878787878,3.6868686868686864,0.5569620253164558,0.5544856550252419
3,train,1365.0757575757575,3.737373737373737,0.5527426160337554,0.5527973737108216
3,train,1383.5227272727273,3.7878787878787876,0.5527426160337554,0.5513233252905804
3,train,1401.9696969696968,3.838383838383838,0.5527426160337554,0.5498532951250575
3,train,1420.4166666666665,3.8888888888888884,0.5485232067510549,0.5484489445979001
3,train,1438.8636363636363,3.939393939393939,0.5485232067510549,0.5470781372709455
3,train,1457.310606060606,3.9898989898989896,0.5485232067510549,0.54571083269091
3,train,1475.7575757575755,4.04040404040404,0.5443037974683546,0.5410043130301991
3,train,1494.2045454545453,4.090909090909091,0.5358649789029537,0.5362113785093062
3,train,1512.651515151515,4.141414141414141,0.5358649789029537,0.535026799152478
3,train,1531.0984848484848,4.191919191919192,0.5358649789029537,0.5338448953745564
3,train,1549.5454545454545,4.242424242424242,0.5358649789029537,0.5326656610184699
3,train,1567.992424242424,4.292929292929292,0.527426160337553,0.5260929020748986
3,train,1586.4393939393938,4.3434343434343425,0.5232067510548525,0.5221589219780028
3,train,1604.8863636363635,4.393939393939394,0.5189873417721521,0.5194817407263819
3,train,1623.3333333333333,4.444444444444445,0.5189873417721521,0.5168759172689361
3,train,1641.780303030303,4.494949494949495,0.5147679324894516,0.5143488866159122
3,train,1660.2272727272725,4.545454545454545,0.5147679324894516,0.5119061709653134
3,train,1678.6742424242423,4.595959595959595,0.5105485232067511,0.5097835785241273
3,train,1697.121212121212,4.646464646464646,0.5105485232067511,0.507777166715621
3,train,1715.5681818181818,4.696969696969697,0.5063291139240508,0.5032505598376058
3,train,1734.0151515151513,4.7474747474747465,0.5021097046413504,0.5015137720443194
3,train,1752.462121212121,4.797979797979798,0.5021097046413504,0.5001396621709456
3,train,1770.9090909090908,4.848484848484848,0.5021097046413504,0.4987694024066174
3,train,1789.3560606060605,4.898989898989899,0.49789029535865,0.4974322759093999
3,train,1807.8030303030303,4.949494949494949,0.49789029535865,0.49610469564398163
3,train,1826.25,5.0,0.49789029535865,0.494780738746689
3,val,0.0,0.0,1.0,1.0
3,val,18.446969696969695,0.050505050505050504,1.0,0.9839626945442925
3,val,36.89393939393939,0.10101010101010101,1.0,0.9801447636467082
3,val,55.340909090909086,0.1515151515151515,1.0,0.9758151505289429
3,val,73.78787878787878,0.20202020202020202,1.0,0.9672208747093783
3,val,92.23484848484847,0.2525252525252525,1.0,0.9651391755078614
3,val,110.68181818181817,0.303030303030303,1.0,0.9624064521698201
3,val,129.12878787878788,0.35353535353535354,1.0,0.9571352767123037
3,val,147.57575757575756,0.40404040404040403,0.9666666666666667,0.9519827970243339
3,val,166.02272727272725,0.4545454545454545,0.9666666666666667,0.9440196236411919
3,val,184.46969696969694,0.505050505050505,0.9666666666666667,0.9402193587785013
3,val,202.91666666666666,0.5555555555555556,0.9333333333333333,0.9339412784914097
3,val,221.36363636363635,0.606060606060606,0.9333333333333333,0.9314346238318605
3,val,239.81060606060603,0.6565656565656565,0.9,0.9250603665188064
3,val,258.25757575757575,0.7070707070707071,0.9,0.9186610919450952
3,val,276.70454545454544,0.7575757575757576,0.9,0.9147048719780526
3,val,295.1515151515151,0.8080808080808081,0.9,0.9017806280811306
3,val,313.5984848484848,0.8585858585858585,0.9,0.8773006889300664
3,val,332.0454545454545,0.909090909090909,0.9,0.867280181640028
3,val,350.4924242424242,0.9595959595959594,0.9,0.8579929340460128
3,val,368.9393939393939,1.01010101010101,0.8666666666666667,0.8498360995465315
3,val,387.3863636363636,1.0606060606060606,0.8666666666666667,0.8364576202011069
3,val,405.8333333333333,1.1111111111111112,0.8666666666666667,0.8309828440639973
3,val,424.280303030303,1.1616161616161615,0.8333333333333334,0.8160908758511571
3,val,442.7272727272727,1.212121212121212,0.8333333333333334,0.8100419658968732
3,val,461.1742424242424,1.2626262626262625,0.8333333333333334,0.8023643457660176
3,val,479.62121212121207,1.313131313131313,0.8333333333333334,0.7982400067235823
3,val,498.06818181818176,1.3636363636363635,0.8333333333333334,0.7933819405756393
3,val,516.5151515151515,1.4141414141414141,0.8333333333333334,0.7888298023712166
3,val,534.9621212121211,1.4646464646464645,0.8333333333333334,0.783089582806299
3,val,553.4090909090909,1.5151515151515151,0.8333333333333334,0.776955287128629
3,val,571.8560606060605,1.5656565656565653,0.8333333333333334,0.7628336439946902
3,val,590.3030303030303,1.6161616161616161,0.8333333333333334,0.7599287202299555
3,val,608.75,1.6666666666666667,0.8333333333333334,0.7574556522732732
3,val,627.1969696969696,1.717171717171717,0.8,0.7546332895340039
3,val,645.6439393939394,1.7676767676767677,0.7666666666666667,0.7483297347817722
3,val,664.090909090909,1.818181818181818,0.7333333333333334,0.7414690790770311
3,val,682.5378787878788,1.8686868686868685,0.7333333333333334,0.739245160115727
3,val,700.9848484848484,1.919191919191919,0.7333333333333334,0.7300355862068755
3,val,719.4318181818181,1.9696969696969695,0.7333333333333334,0.7182551910339138
3,val,737.8787878787878,2.02020202020202,0.7333333333333334,0.7167978732575373
3,val,756.3257575757575,2.0707070707070705,0.7333333333333334,0.7153435829079111
3,val,774.7727272727273,2.121212121212121,0.7333333333333334,0.7135153045638305
3,val,793.2196969696969,2.1717171717171713,0.7333333333333334,0.7102311814746519
3,val,811.6666666666666,2.2222222222222223,0.7333333333333334,0.706471278577419
3,val,830.1136363636363,2.2727272727272725,0.7333333333333334,0.7034493620915049
3,val,848.560606060606,2.323232323232323,0.7333333333333334,0.6970417530691192
3,val,867.0075757575756,2.3737373737373733,0.7333333333333334,0.689271433926756
3,val,885.4545454545454,2.424242424242424,0.7333333333333334,0.6845644761111938
3,val,903.9015151515151,2.4747474747474745,0.7333333333333334,0.6831600070156838
3,val,922.3484848484848,2.525252525252525,0.7333333333333334,0.6817584882649446
3,val,940.7954545454545,2.5757575757575757,0.7333333333333334,0.6722687555337977
3,val,959.2424242424241,2.626262626262626,0.7333333333333334,0.6693518273035995
3,val,977.6893939393939,2.6767676767676765,0.7333333333333334,0.663277240691381
3,val,996.1363636363635,2.727272727272727,0.7000000000000001,0.6570332597788328
3,val,1014.5833333333333,2.7777777777777777,0.7000000000000001,0.6549368347895292
3,val,1033.030303030303,2.8282828282828283,0.6666666666666667,0.6530813387869457
3,val,1051.4772727272727,2.878787878787879,0.6666666666666667,0.6499291718592705
3,val,1069.9242424242423,2.929292929292929,0.6333333333333334,0.6436118819691251
3,val,1088.371212121212,2.9797979797979797,0.6333333333333334,0.6379313630167479
3,val,1106.8181818181818,3.0303030303030303,0.6333333333333334,0.6308649576286567
3,val,1125.2651515151515,3.080808080808081,0.6333333333333334,0.6176903617077368
3,val,1143.712121212121,3.1313131313131306,0.6333333333333334,0.6137710705093433
3,val,1162.1590909090908,3.181818181818181,0.6333333333333334,0.6118224931362753
3,val,1180.6060606060605,3.2323232323232323,0.6333333333333334,0.6085008621481596
3,val,1199.0530303030303,3.282828282828283,0.6333333333333334,0.597861282053351
3,val,1217.5,3.3333333333333335,0.6333333333333334,0.5935451004202899
3,val,1235.9469696969695,3.383838383838383,0.6333333333333334,0.5899818800707112
3,val,1254.3939393939393,3.434343434343434,0.6333333333333334,0.586093747548437
3,val,1272.840909090909,3.4848484848484844,0.6000000000000001,0.5831478093679053
3,val,1291.2878787878788,3.5353535353535355,0.6000000000000001,0.5749786834005417
3,val,1309.7348484848483,3.585858585858585,0.6000000000000001,0.5709508145096153
3,val,1328.181818181818,3.636363636363636,0.5666666666666668,0.5684859869625601
3,val,1346.6287878787878,3.6868686868686864,0.5666666666666668,0.5665697236875311
3,val,1365.0757575757575,3.737373737373737,0.5666666666666668,0.56490828795895
3,val,1383.5227272727273,3.7878787878787876,0.5333333333333334,0.5634575289422217
3,val,1401.9696969696968,3.838383838383838,0.5000000000000001,0.5620105853244545
3,val,1420.4166666666665,3.8888888888888884,0.5000000000000001,0.5606281594817905
3,val,1438.8636363636363,3.939393939393939,0.5000000000000001,0.559278629936148
3,val,1457.310606060606,3.9898989898989896,0.5000000000000001,0.5579324271500442
3,val,1475.7575757575755,4.04040404040404,0.5000000000000001,0.5532976104257998
3,val,1494.2045454545453,4.090909090909091,0.5000000000000001,0.5485761974529588
3,val,1512.651515151515,4.141414141414141,0.5000000000000001,0.5474090600373177
3,val,1531.0984848484848,4.191919191919192,0.5000000000000001,0.5462444656346069
3,val,1549.5454545454545,4.242424242424242,0.5000000000000001,0.5450824085776939
3,val,1567.992424242424,4.292929292929292,0.5000000000000001,0.5386036793284852
3,val,1586.4393939393938,4.3434343434343425,0.5000000000000001,0.5347245779953286
3,val,1604.8863636363635,4.393939393939394,0.5000000000000001,0.5320841378027485
3,val,1623.3333333333333,4.444444444444445,0.5000000000000001,0.5295136020524879
3,val,1641.780303030303,4.494949494949495,0.5000000000000001,0.5270203429187439
3,val,1660.2272727272725,4.545454545454545,0.5000000000000001,0.5246098492669146
3,val,1678.6742424242423,4.595959595959595,0.5000000000000001,0.5225149168742894
3,val,1697.121212121212,4.646464646464646,0.5000000000000001,0.5205343597524982
3,val,1715.5681818181818,4.696969696969697,0.5000000000000001,0.5160650360861916
3,val,1734.0151515151513,4.7474747474747465,0.5000000000000001,0.5143498395302991
3,val,1752.462121212121,4.797979797979798,0.5000000000000001,0.5129926590755154
3,val,1770.9090909090908,4.848484848484848,0.5000000000000001,0.511639146148336
3,val,1789.3560606060605,4.898989898989899,0.5000000000000001,0.5103182310441423
3,val,1807.8030303030303,4.949494949494949,0.5000000000000001,0.5090066185184571
3,val,1826.25,5.0,0.5000000000000001,0.507698458463043
3,test,0.0,0.0,1.0,1.0
3,test,18.446969696969695,0.050505050505050504,1.0,0.9828299540915708
3,test,36.89393939393939,0.10101010101010101,1.0,0.9787452182108519
3,test,55.340909090909086,0.1515151515151515,1.0,0.9741143852723039
3,test,73.78787878787878,0.20202020202020202,1.0,0.9649264402131742
3,test,92.23484848484847,0.2525252525252525,1.0,0.9627017979984249
3,test,110.68181818181817,0.303030303030303,1.0,0.9597819366636813
3,test,129.12878787878788,0.35353535353535354,1.0,0.9541514255794268
3,test,147.57575757575756,0.40404040404040403,1.0,0.9486497947037343
3,test,166.02272727272725,0.4545454545454545,1.0,0.9401511034399482
3,test,184.46969696969694,0.505050505050505,1.0,0.9360970372430415
3,test,202.91666666666666,0.5555555555555556,1.0,0.9294021867824036
3,test,221.36363636363635,0.606060606060606,1.0,0.9267300062571208
3,test,239.81060606060603,0.6565656565656565,1.0,0.9199370978693996
3,test,258.25757575757575,0.7070707070707071,1.0,0.913120825395713
3,test,276.70454545454544,0.7575757575757576,1.0,0.9089084671596454
3,test,295.1515151515151,0.8080808080808081,1.0,0.8951563931974852
3,test,313.5984848484848,0.8585858585858585,1.0,0.869146495625371
3,test,332.0454545454545,0.909090909090909,1.0,0.8585143426207748
3,test,350.4924242424242,0.9595959595959594,0.9666666666666667,0.848667917581146
3,test,368.9393939393939,1.01010101010101,0.9333333333333333,0.8400261503497016
3,test,387.3863636363636,1.0606060606060606,0.9333333333333333,0.8258649777058292
3,test,405.8333333333333,1.1111111111111112,0.9333333333333333,0.8200744941349263
3,test,424.280303030303,1.1616161616161615,0.9333333333333333,0.8043374337814345
3,test,442.7272727272727,1.212121212121212,0.9333333333333333,0.7979510274453749
3,test,461.1742424242424,1.2626262626262625,0.9333333333333333,0.789849893064512
3,test,479.62121212121207,1.313131313131313,0.9333333333333333,0.7855003055517354
3,test,498.06818181818176,1.3636363636363635,0.9333333333333333,0.7803789580790627
3,test,516.5151515151515,1.4141414141414141,0.9333333333333333,0.7755821313641142
3,test,534.9621212121211,1.4646464646464645,0.9333333333333333,0.7695361552507142
3,test,553.4090909090909,1.5151515151515151,0.9333333333333333,0.7630785813315094
3,test,571.8560606060605,1.5656565656565653,0.9333333333333333,0.7482265000955489
3,test,590.3030303030303,1.6161616161616161,0.9333333333333333,0.7451737255155909
3,test,608.75,1.6666666666666667,0.9333333333333333,0.7425754390852339
3,test,627.1969696969696,1.717171717171717,0.9,0.7396109077531731
3,test,645.6439393939394,1.7676767676767677,0.9,0.7329926751626217
3,test,664.090909090909,1.818181818181818,0.9,0.7257940305804735
3,test,682.5378787878788,1.8686868686868685,0.9,0.7234615641689242
3,test,700.9848484848484,1.919191919191919,0.9,0.713807804901733
3,test,719.4318181818181,1.9696969696969695,0.9,0.7014718691788109
3,test,737.8787878787878,2.02020202020202,0.9,0.699946823195464
3,test,756.3257575757575,2.0707070707070705,0.9,0.6984251654400275
3,test,774.7727272727273,2.121212121212121,0.8333333333333334,0.69651250800457
3,test,793.2196969696969,2.1717171717171713,0.8,0.6930776926745973
3,test,811.6666666666666,2.2222222222222223,0.7666666666666667,0.6891466559477073
3,test,830.1136363636363,2.2727272727272725,0.7666666666666667,0.6859882757764403
3,test,848.560606060606,2.323232323232323,0.7666666666666667,0.6792945167401148
3,test,867.0075757575756,2.3737373737373733,0.7333333333333334,0.6711830827978568
3,test,885.4545454545454,2.424242424242424,0.7333333333333334,0.6662726595967166
3,test,903.9015151515151,2.4747474747474745,0.7333333333333334,0.6648079463819777
3,test,922.3484848484848,2.525252525252525,0.6666666666666667,0.6633465244322857
3,test,940.7954545454545,2.5757575757575757,0.6666666666666667,0.6534568524936807
3,test,959.2424242424241,2.626262626262626,0.6666666666666667,0.6504189898415904
3,test,977.6893939393939,2.6767676767676765,0.6666666666666667,0.6440955964608555
3,test,996.1363636363635,2.727272727272727,0.6666666666666667,0.6376001877021011
3,test,1014.5833333333333,2.7777777777777777,0.6333333333333334,0.6354203339015918
3,test,1033.030303030303,2.8282828282828283,0.6333333333333334,0.6334914136755364
3,test,1051.4772727272727,2.878787878787879,0.6333333333333334,0.6302154117717076
3,test,1069.9242424242423,2.929292929292929,0.6333333333333334,0.6236533736156731
3,test,1088.371212121212,2.9797979797979797,0.6333333333333334,0.6177567152911636
3,test,1106.8181818181818,3.0303030303030303,0.6333333333333334,0.6104266952829372
3,test,1125.2651515151515,3.080808080808081,0.6333333333333334,0.5967763897046575
3,test,1143.712121212121,3.1313131313131306,0.6333333333333334,0.5927195935546344
3,test,1162.1590909090908,3.181818181818181,0.6333333333333334,0.5907033438779432
3,test,1180.6060606060605,3.2323232323232323,0.6333333333333334,0.5872674201458316
3,test,1199.0530303030303,3.282828282828283,0.6333333333333334,0.5762708567292206
3,test,1217.5,3.3333333333333335,0.6333333333333334,0.5718138552680535
3,test,1235.9469696969695,3.383838383838383,0.6333333333333334,0.568136137958181
3,test,1254.3939393939393,3.434343434343434,0.6333333333333334,0.5641248926745585
3,test,1272.840909090909,3.4848484848484844,0.6333333333333334,0.561086950385796
3,test,1291.2878787878788,3.5353535353535355,0.6333333333333334,0.5526684958791306
3,test,1309.7348484848483,3.585858585858585,0.6333333333333334,0.5485208581405802
3,test,1328.181818181818,3.636363636363636,0.6000000000000001,0.5459837784784445
3,test,1346.6287878787878,3.6868686868686864,0.6000000000000001,0.544011891308751
3,test,1365.0757575757575,3.737373737373737,0.6000000000000001,0.5423026179932009
3,test,1383.5227272727273,3.7878787878787876,0.6000000000000001,0.5408103839955111
3,test,1401.9696969696968,3.838383838383838,0.6000000000000001,0.5393223506391533
3,test,1420.4166666666665,3.8888888888888884,0.6000000000000001,0.5379009254775995
3,test,1438.8636363636363,3.939393939393939,0.6000000000000001,0.5365135686775123
3,test,1457.310606060606,3.9898989898989896,0.6000000000000001,0.5351298726612945
3,test,1475.7575757575755,4.04040404040404,0.6000000000000001,0.5303678182964705
3,test,1494.2045454545453,4.090909090909091,0.6000000000000001,0.5255197524080263
3,test,1512.651515151515,4.141414141414141,0.5666666666666668,0.5243217699835329
3,test,1531.0984848484848,4.191919191919192,0.5666666666666668,0.5231265817615098
3,test,1549.5454545454545,4.242424242424242,0.5666666666666668,0.5219341811045775
3,test,1567.992424242424,4.292929292929292,0.5666666666666668,0.5152896581091552
3,test,1586.4393939393938,4.3434343434343425,0.5666666666666668,0.5113140500921269
3,test,1604.8863636363635,4.393939393939394,0.5666666666666668,0.5086091118083605
3,test,1623.3333333333333,4.444444444444445,0.5333333333333334,0.5059767185199304
3,test,1641.780303030303,4.494949494949495,0.5333333333333334,0.503424344981322
3,test,1660.2272727272725,4.545454545454545,0.5000000000000001,0.500957530294797
3,test,1678.6742424242423,4.595959595959595,0.5000000000000001,0.4988143163790125
3,test,1697.121212121212,4.646464646464646,0.5000000000000001,0.4967886859490906
3,test,1715.5681818181818,4.696969696969697,0.5000000000000001,0.4922197044048432
3,test,1734.0151515151513,4.7474747474747465,0.5000000000000001,0.4904670219488571
3,test,1752.462121212121,4.797979797979798,0.4666666666666668,0.48908048022141254
3,test,1770.9090909090908,4.848484848484848,0.43333333333333346,0.48769795018409196
3,test,1789.3560606060605,4.898989898989899,0.43333333333333346,0.4863489724490832
3,test,1807.8030303030303,4.949494949494949,0.43333333333333346,0.4850097454150863
3,test,1826.25,5.0,0.40000000000000013,0.48367429278401236
4,train,0.0,0.0,1.0,1.0
4,train,18.446969696969695,0.050505050505050504,0.9873417721518988,0.9833560435476105
4,train,36.89393939393939,0.10101010101010101,0.9831223628691984,0.979395545059168
4,train,55.340909090909086,0.1515151515151515,0.978902953586498,0.9749062673482787
4,train,73.78787878787878,0.20202020202020202,0.9662447257383969,0.965996880135499
4,train,92.23484848484847,0.2525252525252525,0.9662447257383969,0.9638381557281487
4,train,110.68181818181817,0.303030303030303,0.9620253164556964,0.961438578796886
4,train,129.12878787878788,0.35353535353535354,0.9620253164556964,0.9580628089774115
4,train,147.57575757575756,0.40404040404040403,0.957805907172996,0.9542024879056517
4,train,166.02272727272725,0.4545454545454545,0.949367088607595,0.9461506695048068
4,train,184.46969696969694,0.505050505050505,0.9451476793248945,0.9420610406474703
4,train,202.91666666666666,0.5555555555555556,0.9324894514767933,0.9315212844286573
4,train,221.36363636363635,0.606060606060606,0.9324894514767933,0.9289319539109092
4,train,239.81060606060603,0.6565656565656565,0.9198312236286922,0.918255016733153
4,train,258.25757575757575,0.7070707070707071,0.9156118143459918,0.915742219600775
4,train,276.70454545454544,0.7575757575757576,0.9156118143459918,0.9125048822325403
4,train,295.1515151515151,0.8080808080808081,0.9029535864978906,0.9025172957816058
4,train,313.5984848484848,0.8585858585858585,0.8818565400843885,0.8814722102972359
4,train,332.0454545454545,0.909090909090909,0.8734177215189877,0.8711384132973594
4,train,350.4924242424242,0.9595959595959594,0.8649789029535868,0.8620998452746528
4,train,368.9393939393939,1.01010101010101,0.8481012658227851,0.8464203133877389
4,train,387.3863636363636,1.0606060606060606,0.8354430379746838,0.8351717575678804
4,train,405.8333333333333,1.1111111111111112,0.8312236286919833,0.8303089371418642
4,train,424.280303030303,1.1616161616161615,0.8143459915611817,0.8141734917373126
4,train,442.7272727272727,1.212121212121212,0.8101265822784812,0.8082242419791635
4,train,461.1742424242424,1.2626262626262625,0.8059071729957807,0.8046406257604133
4,train,479.62121212121207,1.313131313131313,0.8059071729957807,0.8016561001564172
4,train,498.06818181818176,1.3636363636363635,0.8059071729957807,0.7986826603107599
4,train,516.5151515151515,1.4141414141414141,0.7974683544303799,0.7945390155544665
4,train,534.9621212121211,1.4646464646464645,0.7890295358649789,0.7886369628483939
4,train,553.4090909090909,1.5151515151515151,0.7848101265822784,0.7823287653743256
4,train,571.8560606060605,1.5656565656565653,0.7679324894514769,0.7680633636037346
4,train,590.3030303030303,1.6161616161616161,0.7679324894514769,0.7662961646605969
4,train,608.75,1.6666666666666667,0.7679324894514769,0.7645330375801913
4,train,627.1969696969696,1.717171717171717,0.7552742616033757,0.754124713364777
4,train,645.6439393939394,1.7676767676767677,0.7468354430379748,0.7445009681787786
4,train,664.090909090909,1.818181818181818,0.7426160337552744,0.7415988778642671
4,train,682.5378787878788,1.8686868686868685,0.7426160337552744,0.7393809606223277
4,train,700.9848484848484,1.919191919191919,0.7299578059071731,0.7299465602135243
4,train,719.4318181818181,1.9696969696969695,0.7215189873417721,0.7220729414171793
4,train,737.8787878787878,2.02020202020202,0.7215189873417721,0.7203040983259527
4,train,756.3257575757575,2.0707070707070705,0.7215189873417721,0.7185395945285231
4,train,774.7727272727273,2.121212121212121,0.7130801687763714,0.7132221666562293
4,train,793.2196969696969,2.1717171717171713,0.7088607594936709,0.7059214594423776
4,train,811.6666666666666,2.2222222222222223,0.7046413502109705,0.7015431385289991
4,train,830.1136363636363,2.2727272727272725,0.70042194092827,0.6984385145190963
4,train,848.560606060606,2.323232323232323,0.6919831223628692,0.6918543185689944
4,train,867.0075757575756,2.3737373737373733,0.6835443037974684,0.6831416662224983
4,train,885.4545454545454,2.424242424242424,0.679324894514768,0.6787358019701687
4,train,903.9015151515151,2.4747474747474745,0.679324894514768,0.6768851607683758
4,train,922.3484848484848,2.525252525252525,0.6708860759493671,0.6695059048813087
4,train,940.7954545454545,2.5757575757575757,0.6624472573839663,0.6624658753073732
4,train,959.2424242424241,2.626262626262626,0.6624472573839663,0.6603624294683537
4,train,977.6893939393939,2.6767676767676765,0.6582278481012659,0.6565091779127988
4,train,996.1363636363635,2.727272727272727,0.649789029535865,0.6465914973525732
4,train,1014.5833333333333,2.7777777777777777,0.6413502109704643,0.6405434823277316
4,train,1033.030303030303,2.8282828282828283,0.6371308016877639,0.6370993477598095
4,train,1051.4772727272727,2.878787878787879,0.6329113924050634,0.630896645299389
4,train,1069.9242424242423,2.929292929292929,0.628691983122363,0.6275418131592262
4,train,1088.371212121212,2.9797979797979797,0.6244725738396626,0.6228619076423477
4,train,1106.8181818181818,3.0303030303030303,0.6160337552742616,0.6156381226893982
4,train,1125.2651515151515,3.080808080808081,0.6033755274261603,0.6021721653405132
4,train,1143.712121212121,3.1313131313131306,0.5991561181434599,0.5981669972555528
4,train,1162.1590909090908,3.181818181818181,0.5991561181434599,0.5961747833077252
4,train,1180.6060606060605,3.2323232323232323,0.5949367088607596,0.592781185229179
4,train,1199.0530303030303,3.282828282828283,0.5864978902953587,0.5853964754091375
4,train,1217.5,3.3333333333333335,0.5822784810126583,0.5823291853830354
4,train,1235.9469696969695,3.383838383838383,0.5822784810126583,0.5804290452543874
4,train,1254.3939393939393,3.434343434343434,0.5780590717299579,0.5783907509452615
4,train,1272.840909090909,3.4848484848484844,0.5780590717299579,0.5753959010667204
4,train,1291.2878787878788,3.5353535353535355,0.5696202531645571,0.5670970822814713
4,train,1309.7348484848483,3.585858585858585,0.5654008438818566,0.5628440495460197
4,train,1328.181818181818,3.636363636363636,0.5569620253164557,0.5569709460102001
4,train,1346.6287878787878,3.6868686868686864,0.5569620253164557,0.5559836750054946
4,train,1365.0757575757575,3.737373737373737,0.5569620253164557,0.5549981565569282
4,train,1383.5227272727273,3.7878787878787876,0.5569620253164557,0.5540143875491972
4,train,1401.9696969696968,3.838383838383838,0.5527426160337553,0.5510487830047687
4,train,1420.4166666666665,3.8888888888888884,0.5485232067510548,0.5483112924285556
4,train,1438.8636363636363,3.939393939393939,0.5485232067510548,0.5469433109702059
4,train,1457.310606060606,3.9898989898989896,0.5485232067510548,0.5455787474572092
4,train,1475.7575757575755,4.04040404040404,0.5443037974683544,0.5408808714321284
4,train,1494.2045454545453,4.090909090909091,0.540084388185654,0.5374418369276438
4,train,1512.651515151515,4.141414141414141,0.5358649789029536,0.5354924227473127
4,train,1531.0984848484848,4.191919191919192,0.5358649789029536,0.5340480962677591
4,train,1549.5454545454545,4.242424242424242,0.5358649789029536,0.532607671094822
4,train,1567.992424242424,4.292929292929292,0.5274261603375529,0.5259974260749863
4,train,1586.4393939393938,4.3434343434343425,0.5232067510548524,0.5220693914727351
4,train,1604.8863636363635,4.393939393939394,0.518987341772152,0.519520730277941
4,train,1623.3333333333333,4.444444444444445,0.518987341772152,0.5181497222762544
4,train,1641.780303030303,4.494949494949495,0.518987341772152,0.5167823376301804
4,train,1660.2272727272725,4.545454545454545,0.5147679324894515,0.5152424665816157
4,train,1678.6742424242423,4.595959595959595,0.510548523206751,0.5097222267279421
4,train,1697.121212121212,4.646464646464646,0.510548523206751,0.5077238716678305
4,train,1715.5681818181818,4.696969696969697,0.5063291139240507,0.503216396956303
4,train,1734.0151515151513,4.7474747474747465,0.5021097046413503,0.4998708388572235
4,train,1752.462121212121,4.797979797979798,0.49789029535864987,0.4963079036805914
4,train,1770.9090909090908,4.848484848484848,0.49367088607594944,0.4911522385728923
4,train,1789.3560606060605,4.898989898989899,0.489451476793249,0.4886803840532314
4,train,1807.8030303030303,4.949494949494949,0.489451476793249,0.48702074925108446
4,train,1826.25,5.0,0.4852320675105486,0.48556498545540533
4,val,0.0,0.0,1.0,1.0
4,val,18.446969696969695,0.050505050505050504,1.0,0.9834179494767098
4,val,36.89393939393939,0.10101010101010101,1.0,0.979472042774874
4,val,55.340909090909086,0.1515151515151515,1.0,0.9749992398252058
4,val,73.78787878787878,0.20202020202020202,1.0,0.9661223416839898
4,val,92.23484848484847,0.2525252525252525,1.0,0.9639714477029246
4,val,110.68181818181817,0.303030303030303,1.0,0.9615805557076097
4,val,129.12878787878788,0.35353535353535354,1.0,0.9582169697906816
4,val,147.57575757575756,0.40404040404040403,1.0,0.9543705322495926
4,val,166.02272727272725,0.4545454545454545,0.9666666666666667,0.9463475019436445
4,val,184.46969696969694,0.505050505050505,0.9666666666666667,0.9422724063762998
4,val,202.91666666666666,0.5555555555555556,0.9666666666666667,0.9317698276942399
4,val,221.36363636363635,0.606060606060606,0.9666666666666667,0.9291895690730917
4,val,239.81060606060603,0.6565656565656565,0.9666666666666667,0.9185497801199097
4,val,258.25757575757575,0.7070707070707071,0.9333333333333333,0.9160456647258742
4,val,276.70454545454544,0.7575757575757576,0.9333333333333333,0.9128194778847324
4,val,295.1515151515151,0.8080808080808081,0.9,0.9028660457808109
4,val,313.5984848484848,0.8585858585858585,0.9,0.8818916920390106
4,val,332.0454545454545,0.909090909090909,0.9,0.8715920023223301
4,val,350.4924242424242,0.9595959595959594,0.8666666666666667,0.8625829237284733
4,val,368.9393939393939,1.01010101010101,0.8666666666666667,0.8469537777612097
4,val,387.3863636363636,1.0606060606060606,0.8666666666666667,0.835740757330906
4,val,405.8333333333333,1.1111111111111112,0.8666666666666667,0.8308931386360754
4,val,424.280303030303,1.1616161616161615,0.8666666666666667,0.8148074305677266
4,val,442.7272727272727,1.212121212121212,0.8666666666666667,0.8088762429979256
4,val,461.1742424242424,1.2626262626262625,0.8666666666666667,0.805303434109509
4,val,479.62121212121207,1.313131313131313,0.8666666666666667,0.8023278671707347
4,val,498.06818181818176,1.3636363636363635,0.8666666666666667,0.79936331463407
4,val,516.5151515151515,1.4141414141414141,0.8666666666666667,0.7952319911213307
4,val,534.9621212121211,1.4646464646464645,0.8666666666666667,0.7893473595085898
4,val,553.4090909090909,1.5151515151515151,0.8666666666666667,0.783057613296434
4,val,571.8560606060605,1.5656565656565653,0.8666666666666667,0.7688332866004505
4,val,590.3030303030303,1.6161616161616161,0.8666666666666667,0.7670711125452386
4,val,608.75,1.6666666666666667,0.8333333333333334,0.765312984705538
4,val,627.1969696969696,1.717171717171717,0.8333333333333334,0.7549338843684387
4,val,645.6439393939394,1.7676767676767677,0.8333333333333334,0.7453367167270529
4,val,664.090909090909,1.818181818181818,0.7666666666666667,0.7424425564423459
4,val,682.5378787878788,1.8686868686868685,0.7666666666666667,0.7402306730987486
4,val,700.9848484848484,1.919191919191919,0.7666666666666667,0.7308216796859232
4,val,719.4318181818181,1.9696969696969695,0.7333333333333334,0.722968939763643
4,val,737.8787878787878,2.02020202020202,0.7333333333333334,0.7212047461413156
4,val,756.3257575757575,2.0707070707070705,0.7333333333333334,0.7194448653090125
4,val,774.7727272727273,2.121212121212121,0.7333333333333334,0.7141412773826907
4,val,793.2196969696969,2.1717171717171713,0.7333333333333334,0.7068593463135681
4,val,811.6666666666666,2.2222222222222223,0.7000000000000001,0.7024921592306188
4,val,830.1136363636363,2.2727272727272725,0.7000000000000001,0.6993953722130992
4,val,848.560606060606,2.323232323232323,0.7000000000000001,0.6928276365560299
4,val,867.0075757575756,2.3737373737373733,0.7000000000000001,0.6841364276396472
4,val,885.4545454545454,2.424242424242424,0.7000000000000001,0.6797412589044468
4,val,903.9015151515151,2.4747474747474745,0.7000000000000001,0.6778950803380598
4,val,922.3484848484848,2.525252525252525,0.7000000000000001,0.6705334414971019
4,val,940.7954545454545,2.5757575757575757,0.7000000000000001,0.6635099524902232
4,val,959.2424242424241,2.626262626262626,0.7000000000000001,0.6614113977225684
4,val,977.6893939393939,2.6767676767676765,0.7000000000000001,0.6575670447183187
4,val,996.1363636363635,2.727272727272727,0.7000000000000001,0.6476718997226609
4,val,1014.5833333333333,2.7777777777777777,0.7000000000000001,0.6416373642744643
4,val,1033.030303030303,2.8282828282828283,0.7000000000000001,0.6382008157843936
4,val,1051.4772727272727,2.878787878787879,0.7000000000000001,0.6320116090771061
4,val,1069.9242424242423,2.929292929292929,0.7000000000000001,0.628663986503968
4,val,1088.371212121212,2.9797979797979797,0.7000000000000001,0.6239940319190914
4,val,1106.8181818181818,3.0303030303030303,0.7000000000000001,0.616785361831091
4,val,1125.2651515151515,3.080808080808081,0.7000000000000001,0.6033467738366247
4,val,1143.712121212121,3.1313131313131306,0.7000000000000001,0.5993495405818979
4,val,1162.1590909090908,3.181818181818181,0.7000000000000001,0.5973612379750526
4,val,1180.6060606060605,3.2323232323232323,0.7000000000000001,0.5939742479265849
4,val,1199.0530303030303,3.282828282828283,0.6666666666666667,0.5866036776725481
4,val,1217.5,3.3333333333333335,0.6666666666666667,0.5835421631101064
4,val,1235.9469696969695,3.383838383838383,0.6666666666666667,0.5816455718631841
4,val,1254.3939393939393,3.434343434343434,0.6666666666666667,0.579611059749682
4,val,1272.840909090909,3.4848484848484844,0.6333333333333334,0.5766217204065855
4,val,1291.2878787878788,3.5353535353535355,0.6333333333333334,0.5683378791386349
4,val,1309.7348484848483,3.585858585858585,0.6333333333333334,0.5640923539800576
4,val,1328.181818181818,3.636363636363636,0.6000000000000001,0.5582294281637055
4,val,1346.6287878787878,3.6868686868686864,0.6000000000000001,0.5572438462797649
4,val,1365.0757575757575,3.737373737373737,0.5666666666666668,0.5562600076753053
4,val,1383.5227272727273,3.7878787878787876,0.5333333333333334,0.5552779092614387
4,val,1401.9696969696968,3.838383838383838,0.5333333333333334,0.5523173027574831
4,val,1420.4166666666665,3.8888888888888884,0.5333333333333334,0.5495843748649831
4,val,1438.8636363636363,3.939393939393939,0.5333333333333334,0.5482186550748316
4,val,1457.310606060606,3.9898989898989896,0.5333333333333334,0.5468563353174549
4,val,1475.7575757575755,4.04040404040404,0.5333333333333334,0.5421660898929286
4,val,1494.2045454545453,4.090909090909091,0.5333333333333334,0.5387325482084668
4,val,1512.651515151515,4.141414141414141,0.5333333333333334,0.5367862124439319
4,val,1531.0984848484848,4.191919191919192,0.5333333333333334,0.5353441502753394
4,val,1549.5454545454545,4.242424242424242,0.5333333333333334,0.5339059692662886
4,val,1567.992424242424,4.292929292929292,0.5333333333333334,0.5273058420375978
4,val,1586.4393939393938,4.3434343434343425,0.5333333333333334,0.5233836778885245
4,val,1604.8863636363635,4.393939393939394,0.5333333333333334,0.5208387685684985
4,val,1623.3333333333333,4.444444444444445,0.5000000000000001,0.5194697601288629
4,val,1641.780303030303,4.494949494949495,0.5000000000000001,0.5181043566857058
4,val,1660.2272727272725,4.545454545454545,0.5000000000000001,0.516566701075837
4,val,1678.6742424242423,4.595959595959595,0.5000000000000001,0.511054265954464
4,val,1697.121212121212,4.646464646464646,0.5000000000000001,0.5090586829573752
4,val,1715.5681818181818,4.696969696969697,0.5000000000000001,0.5045573559691384
4,val,1734.0151515151513,4.7474747474747465,0.5000000000000001,0.5012162661795172
4,val,1752.462121212121,4.797979797979798,0.5000000000000001,0.4976580001860321
4,val,1770.9090909090908,4.848484848484848,0.5000000000000001,0.49250892668666413
4,val,1789.3560606060605,4.898989898989899,0.5000000000000001,0.4900401627592878
4,val,1807.8030303030303,4.949494949494949,0.5000000000000001,0.48838257748834124
4,val,1826.25,5.0,0.5000000000000001,0.48692859449836534
4,test,0.0,0.0,1.0,1.0
4,test,18.446969696969695,0.050505050505050504,1.0,0.9832395684753047
4,test,36.89393939393939,0.10101010101010101,1.0,0.9792516200207219
4,test,55.340909090909086,0.1515151515151515,1.0,0.9747313520916933
4,test,73.78787878787878,0.20202020202020202,1.0,0.9657608568320446
4,test,92.23484848484847,0.2525252525252525,1.0,0.9635874055854076
4,test,110.68181818181817,0.303030303030303,1.0,0.9611714952962255
4,test,129.12878787878788,0.35353535353535354,0.9666666666666667,0.9577728127985359
4,test,147.57575757575756,0.40404040404040403,0.9666666666666667,0.9538863842476707
4,test,166.02272727272725,0.4545454545454545,0.9666666666666667,0.9457804359102506
4,test,184.46969696969694,0.505050505050505,0.9666666666666667,0.9416634828806688
4,test,202.91666666666666,0.5555555555555556,0.9666666666666667,0.9310538369426972
4,test,221.36363636363635,0.606060606060606,0.9666666666666667,0.9284474540402398
4,test,239.81060606060603,0.6565656565656565,0.9666666666666667,0.9177006970564585
4,test,258.25757575757575,0.7070707070707071,0.9666666666666667,0.9151715844145509
4,test,276.70454545454544,0.7575757575757576,0.9666666666666667,0.9119132929512845
4,test,295.1515151515151,0.8080808080808081,0.9666666666666667,0.9018615305618269
4,test,313.5984848484848,0.8585858585858585,0.9333333333333333,0.8806835747230096
4,test,332.0454545454545,0.909090909090909,0.9333333333333333,0.870285723986562
4,test,350.4924242424242,0.9595959595959594,0.9333333333333333,0.8611917839136571
4,test,368.9393939393939,1.01010101010101,0.9333333333333333,0.8454176634447593
4,test,387.3863636363636,1.0606060606060606,0.9,0.8341024138504484
4,test,405.8333333333333,1.1111111111111112,0.9,0.8292110666162966
4,test,424.280303030303,1.1616161616161615,0.8666666666666667,0.8129823048040484
4,test,442.7272727272727,1.212121212121212,0.8666666666666667,0.8069991741365566
4,test,461.1742424242424,1.2626262626262625,0.8333333333333334,0.803395287466369
4,test,479.62121212121207,1.313131313131313,0.8,0.8003939598707566
4,test,498.06818181818176,1.3636363636363635,0.8,0.7974038528261651
4,test,516.5151515151515,1.4141414141414141,0.8,0.7932371024988206
4,test,534.9621212121211,1.4646464646464645,0.8,0.7873023838909712
4,test,553.4090909090909,1.5151515151515151,0.8,0.7809595930678461
4,test,571.8560606060605,1.5656565656565653,0.8,0.7666171976711187
4,test,590.3030303030303,1.6161616161616161,0.8,0.7648405813247959
4,test,608.75,1.6666666666666667,0.8,0.7630680852511397
4,test,627.1969696969696,1.717171717171717,0.8,0.7526050000192293
4,test,645.6439393939394,1.7676767676767677,0.8,0.7429314632429075
4,test,664.090909090909,1.818181818181818,0.8,0.7400145184614801
4,test,682.5378787878788,1.8686868686868685,0.8,0.7377852992026714
4,test,700.9848484848484,1.919191919191919,0.8,0.7283033153871521
4,test,719.4318181818181,1.9696969696969695,0.8,0.7203906012479007
4,test,737.8787878787878,2.02020202020202,0.8,0.718613053060207
4,test,756.3257575757575,2.0707070707070705,0.8,0.7168398941396786
4,test,774.7727272727273,2.121212121212121,0.7666666666666667,0.7114965572156308
4,test,793.2196969696969,2.1717171717171713,0.7666666666666667,0.7041607053294009
4,test,811.6666666666666,2.2222222222222223,0.7666666666666667,0.6997615473077368
4,test,830.1136363636363,2.2727272727272725,0.7666666666666667,0.6966422575839396
4,test,848.560606060606,2.323232323232323,0.7666666666666667,0.6900272623782101
4,test,867.0075757575756,2.3737373737373733,0.7666666666666667,0.6812744942915724
4,test,885.4545454545454,2.424242424242424,0.7333333333333334,0.6768486244905892
4,test,903.9015151515151,2.4747474747474745,0.7333333333333334,0.6749896367707752
4,test,922.3484848484848,2.525252525252525,0.7333333333333334,0.6675774354508068
4,test,940.7954545454545,2.5757575757575757,0.7000000000000001,0.6605064794256691
4,test,959.2424242424241,2.626262626262626,0.7000000000000001,0.6583938897084768
4,test,977.6893939393939,2.6767676767676765,0.6666666666666667,0.6545240036184149
4,test,996.1363636363635,2.727272727272727,0.6666666666666667,0.6445642041214474
4,test,1014.5833333333333,2.7777777777777777,0.6666666666666667,0.6384910014749843
4,test,1033.030303030303,2.8282828282828283,0.6666666666666667,0.6350326936842376
4,test,1051.4772727272727,2.878787878787879,0.6666666666666667,0.6288047804093857
4,test,1069.9242424242423,2.929292929292929,0.6000000000000001,0.6254364823253221
4,test,1088.371212121212,2.9797979797979797,0.6000000000000001,0.6207379928471759
4,test,1106.8181818181818,3.0303030303030303,0.6000000000000001,0.6134859851899067
4,test,1125.2651515151515,3.080808080808081,0.6000000000000001,0.599968940309255
4,test,1143.712121212121,3.1313131313131306,0.6000000000000001,0.5959489654277692
4,test,1162.1590909090908,3.181818181818181,0.6000000000000001,0.5939494534696981
4,test,1180.6060606060605,3.2323232323232323,0.6000000000000001,0.5905435268932723
4,test,1199.0530303030303,3.282828282828283,0.6000000000000001,0.5831324421403036
4,test,1217.5,3.3333333333333335,0.6000000000000001,0.5800543810258761
4,test,1235.9469696969695,3.383838383838383,0.5666666666666668,0.5781476229351823
4,test,1254.3939393939393,3.434343434343434,0.5666666666666668,0.5761022761004355
4,test,1272.840909090909,3.4848484848484844,0.5666666666666668,0.5730971519031888
4,test,1291.2878787878788,3.5353535353535355,0.5666666666666668,0.5647704138486057
4,test,1309.7348484848483,3.585858585858585,0.5666666666666668,0.5605033899203696
4,test,1328.181818181818,3.636363636363636,0.5666666666666668,0.5546113230627224
4,test,1346.6287878787878,3.6868686868686864,0.5666666666666668,0.5536209053144973
4,test,1365.0757575757575,3.737373737373737,0.5666666666666668,0.5526322575371937
4,test,1383.5227272727273,3.7878787878787876,0.5666666666666668,0.5516453765654036
4,test,1401.9696969696968,3.838383838383838,0.5666666666666668,0.5486704625289364
4,test,1420.4166666666665,3.8888888888888884,0.5666666666666668,0.5459244744440903
4,test,1438.8636363636363,3.939393939393939,0.5666666666666668,0.544552281261434
4,test,1457.310606060606,3.9898989898989896,0.5666666666666668,0.543183539641627
4,test,1475.7575757575755,4.04040404040404,0.5666666666666668,0.5384714566354086
4,test,1494.2045454545453,4.090909090909091,0.5333333333333334,0.5350221973347844
4,test,1512.651515151515,4.141414141414141,0.5333333333333334,0.5330670534827067
4,test,1531.0984848484848,4.191919191919192,0.5333333333333334,0.5316185129289638
4,test,1549.5454545454545,4.242424242424242,0.5333333333333334,0.5301739114778307
4,test,1567.992424242424,4.292929292929292,0.5333333333333334,0.523544841605371
4,test,1586.4393939393938,4.3434343434343425,0.5333333333333334,0.519605887655441
4,test,1604.8863636363635,4.393939393939394,0.5333333333333334,0.5170502490126088
4,test,1623.3333333333333,4.444444444444445,0.5333333333333334,0.5156755227857073
4,test,1641.780303030303,4.494949494949495,0.5000000000000001,0.5143044543388201
4,test,1660.2272727272725,4.545454545454545,0.5000000000000001,0.5127604642997531
4,test,1678.6742424242423,4.595959595959595,0.5000000000000001,0.5072257167164036
4,test,1697.121212121212,4.646464646464646,0.5000000000000001,0.5052222100115698
4,test,1715.5681818181818,4.696969696969697,0.5000000000000001,0.500703312593124
4,test,1734.0151515151513,4.7474747474747465,0.5000000000000001,0.4973494543061085
4,test,1752.462121212121,4.797979797979798,0.5000000000000001,0.49377784780893286
4,test,1770.9090909090908,4.848484848484848,0.5000000000000001,0.4886099448840349
4,test,1789.3560606060605,4.898989898989899,0.5000000000000001,0.4861323540375543
4,test,1807.8030303030303,4.949494949494949,0.5000000000000001,0.48446891577081175
4,test,1826.25,5.0,0.5000000000000001,0.48300984759823834
5,train,0.0,0.0,1.0,1.0
5,train,18.446969696969695,0.050505050505050504,0.9873417721518988,0.9833665008528062
5,train,36.89393939393939,0.10101010101010101,0.9831223628691984,0.979407781227671
5,train,55.340909090909086,0.1515151515151515,0.978902953586498,0.9749188071489755
5,train,73.78787878787878,0.20202020202020202,0.9704641350210973,0.9693105995586457
5,train,92.23484848484847,0.2525252525252525,0.9704641350210973,0.9676589240220277
5,train,110.68181818181817,0.303030303030303,0.9662447257383969,0.965230309828604
5,train,129.12878787878788,0.35353535353535354,0.9620253164556964,0.9583279068102585
5,train,147.57575757575756,0.40404040404040403,0.957805907172996,0.9505310241605395
5,train,166.02272727272725,0.4545454545454545,0.9451476793248946,0.9419605287854252
5,train,184.46969696969694,0.505050505050505,0.9409282700421943,0.9380206257763093
5,train,202.91666666666666,0.5555555555555556,0.9324894514767934,0.9315107914038099
5,train,221.36363636363635,0.606060606060606,0.9324894514767934,0.928911585949442
5,train,239.81060606060603,0.6565656565656565,0.9198312236286923,0.9180666216695353
5,train,258.25757575757575,0.7070707070707071,0.9113924050632916,0.9114393811748351
5,train,276.70454545454544,0.7575757575757576,0.9113924050632916,0.9081884256049869
5,train,295.1515151515151,0.8080808080808081,0.9029535864978907,0.9023850591899825
5,train,313.5984848484848,0.8585858585858585,0.8902953586497895,0.8877186329576007
5,train,332.0454545454545,0.909090909090909,0.8818565400843886,0.87934161831748
5,train,350.4924242424242,0.9595959595959594,0.8691983122362873,0.866024654009273
5,train,368.9393939393939,1.01010101010101,0.8523206751054857,0.8502600275886254
5,train,387.3863636363636,1.0606060606060606,0.835443037974684,0.8347624156349939
5,train,405.8333333333333,1.1111111111111112,0.8312236286919835,0.8291129522840542
5,train,424.280303030303,1.1616161616161615,0.8101265822784814,0.8095430812290354
5,train,442.7272727272727,1.212121212121212,0.805907172995781,0.8048145895371814
5,train,461.1742424242424,1.2626262626262625,0.805907172995781,0.8028204805239129
5,train,479.62121212121207,1.313131313131313,0.8016877637130806,0.8009822140542919
5,train,498.06818181818176,1.3636363636363635,0.8016877637130806,0.7993619709503614
5,train,516.5151515151515,1.4141414141414141,0.8016877637130806,0.7977451028341142
5,train,534.9621212121211,1.4646464646464645,0.7932489451476796,0.7929523640837305
5,train,553.4090909090909,1.5151515151515151,0.7932489451476796,0.7903624344828589
5,train,571.8560606060605,1.5656565656565653,0.7805907172995783,0.7800088903932793
5,train,590.3030303030303,1.6161616161616161,0.7805907172995783,0.7770273783254023
5,train,608.75,1.6666666666666667,0.7763713080168779,0.7729826803326968
5,train,627.1969696969696,1.717171717171717,0.7637130801687766,0.7621427741320741
5,train,645.6439393939394,1.7676767676767677,0.7552742616033759,0.7519003075862837
5,train,664.090909090909,1.818181818181818,0.7510548523206754,0.749405131363963
5,train,682.5378787878788,1.8686868686868685,0.7510548523206754,0.7473610097523579
5,train,700.9848484848484,1.919191919191919,0.7426160337552745,0.7398750377461583
5,train,719.4318181818181,1.9696969696969695,0.7299578059071732,0.7300740972892505
5,train,737.8787878787878,2.02020202020202,0.7299578059071732,0.7283085050559381
5,train,756.3257575757575,2.0707070707070705,0.7299578059071732,0.7265473112707765
5,train,774.7727272727273,2.121212121212121,0.7172995780590719,0.7170384038081079
5,train,793.2196969696969,2.1717171717171713,0.7130801687763715,0.7125937005861721
5,train,811.6666666666666,2.2222222222222223,0.7130801687763715,0.7094942945313609
5,train,830.1136363636363,2.2727272727272725,0.708860759493671,0.7076268102448027
5,train,848.560606060606,2.323232323232323,0.708860759493671,0.7059404678477003
5,train,867.0075757575756,2.3737373737373733,0.7004219409282701,0.6985768508040437
5,train,885.4545454545454,2.424242424242424,0.6919831223628693,0.6910474349737351
5,train,903.9015151515151,2.4747474747474745,0.6919831223628693,0.6891962592123114
5,train,922.3484848484848,2.525252525252525,0.6835443037974684,0.6816002489277838
5,train,940.7954545454545,2.5757575757575757,0.6751054852320675,0.6737695708299686
5,train,959.2424242424241,2.626262626262626,0.6751054852320675,0.6714106091610756
5,train,977.6893939393939,2.6767676767676765,0.6666666666666667,0.665233154603525
5,train,996.1363636363635,2.727272727272727,0.6624472573839663,0.658823450990835
5,train,1014.5833333333333,2.7777777777777777,0.6540084388185655,0.6527478233031173
5,train,1033.030303030303,2.8282828282828283,0.649789029535865,0.6492867165172104
5,train,1051.4772727272727,2.878787878787879,0.6455696202531647,0.6419613170241767
5,train,1069.9242424242423,2.929292929292929,0.6329113924050634,0.6323057770395171
5,train,1088.371212121212,2.9797979797979797,0.628691983122363,0.6264647201070016
5,train,1106.8181818181818,3.0303030303030303,0.6202531645569621,0.6194479547967495
5,train,1125.2651515151515,3.080808080808081,0.6118143459915611,0.6099144073464153
5,train,1143.712121212121,3.1313131313131306,0.6075949367088607,0.6058931529117407
5,train,1162.1590909090908,3.181818181818181,0.6075949367088607,0.6038940551115598
5,train,1180.6060606060605,3.2323232323232323,0.6033755274261603,0.6004862520643128
5,train,1199.0530303030303,3.282828282828283,0.5907172995780591,0.589574423673627
5,train,1217.5,3.3333333333333335,0.5864978902953587,0.5851495966112595
5,train,1235.9469696969695,3.383838383838383,0.5822784810126583,0.5814964369060487
5,train,1254.3939393939393,3.434343434343434,0.5780590717299579,0.5775102068653317
5,train,1272.840909090909,3.4848484848484844,0.5780590717299579,0.5744898022452911
5,train,1291.2878787878788,3.5353535353535355,0.5696202531645571,0.5661111057164948
5,train,1309.7348484848483,3.585858585858585,0.5654008438818566,0.5588513214507332
5,train,1328.181818181818,3.636363636363636,0.5569620253164558,0.5556706857942257
5,train,1346.6287878787878,3.6868686868686864,0.5569620253164558,0.5543349334872494
5,train,1365.0757575757575,3.737373737373737,0.5569620253164558,0.5530024923221878
5,train,1383.5227272727273,3.7878787878787876,0.5527426160337554,0.5511631508495585
5,train,1401.9696969696968,3.838383838383838,0.5527426160337554,0.5488540603294745
5,train,1420.4166666666665,3.8888888888888884,0.5485232067510549,0.5474295701117186
5,train,1438.8636363636363,3.939393939393939,0.5485232067510549,0.5464330468737066
5,train,1457.310606060606,3.9898989898989896,0.5485232067510549,0.5454383944126323
5,train,1475.7575757575755,4.04040404040404,0.5485232067510549,0.5444456091230993
5,train,1494.2045454545453,4.090909090909091,0.5443037974683546,0.5412843472861031
5,train,1512.651515151515,4.141414141414141,0.5400843881856541,0.538509202220406
5,train,1531.0984848484848,4.191919191919192,0.5400843881856541,0.5370534192692965
5,train,1549.5454545454545,4.242424242424242,0.5400843881856541,0.535601695069878
5,train,1567.992424242424,4.292929292929292,0.5316455696202533,0.5289355036605047
5,train,1586.4393939393938,4.3434343434343425,0.527426160337553,0.5249757589047761
5,train,1604.8863636363635,4.393939393939394,0.5232067510548525,0.52193045393628
5,train,1623.3333333333333,4.444444444444445,0.5189873417721521,0.5164510959069981
5,train,1641.780303030303,4.494949494949495,0.5147679324894516,0.5126454052714153
5,train,1660.2272727272725,4.545454545454545,0.5105485232067511,0.5095777116702654
5,train,1678.6742424242423,4.595959595959595,0.5063291139240508,0.5040019836784547
5,train,1697.121212121212,4.646464646464646,0.5063291139240508,0.5019820220596608
5,train,1715.5681818181818,4.696969696969697,0.5021097046413504,0.49992596522578137
5,train,1734.0151515151513,4.7474747474747465,0.5021097046413504,0.4978522799953592
5,train,1752.462121212121,4.797979797979798,0.49789029535865,0.4947155120071883
5,train,1770.9090909090908,4.848484848484848,0.49367088607594956,0.49203168534572445
5,train,1789.3560606060605,4.898989898989899,0.49367088607594956,0.4906905670803073
5,train,1807.8030303030303,4.949494949494949,0.49367088607594956,0.489353220053805
5,train,1826.25,5.0,0.48945147679324913,0.4865193623100058
5,val,0.0,0.0,1.0,1.0
5,val,18.446969696969695,0.050505050505050504,1.0,0.9830113248073141
5,val,36.89393939393939,0.10101010101010101,1.0,0.9789688895021751
5,val,55.340909090909086,0.1515151515151515,1.0,0.9743853688390515
5,val,73.78787878787878,0.20202020202020202,1.0,0.9686596153606835
5,val,92.23484848484847,0.2525252525252525,1.0,0.9669734433726606
5,val,110.68181818181817,0.303030303030303,1.0,0.9644942069926362
5,val,129.12878787878788,0.35353535353535354,1.0,0.9574485901423728
5,val,147.57575757575756,0.40404040404040403,1.0,0.9494911167760828
5,val,166.02272727272725,0.4545454545454545,1.0,0.940745555748286
5,val,184.46969696969694,0.505050505050505,1.0,0.9367256905378646
5,val,202.91666666666666,0.5555555555555556,0.9666666666666667,0.9300844536613848
5,val,221.36363636363635,0.606060606060606,0.9666666666666667,0.927433033625863
5,val,239.81060606060603,0.6565656565656565,0.9666666666666667,0.9163717653937361
5,val,258.25757575757575,0.7070707070707071,0.9666666666666667,0.909613589637194
5,val,276.70454545454544,0.7575757575757576,0.9666666666666667,0.9062987526841958
5,val,295.1515151515151,0.8080808080808081,0.9333333333333333,0.900381922995956
5,val,313.5984848484848,0.8585858585858585,0.9,0.8854320531331599
5,val,332.0454545454545,0.909090909090909,0.9,0.8768952920834624
5,val,350.4924242424242,0.9595959595959594,0.9,0.8633276387195284
5,val,368.9393939393939,1.01010101010101,0.9,0.8472714973254185
5,val,387.3863636363636,1.0606060606060606,0.9,0.8314929568497892
5,val,405.8333333333333,1.1111111111111112,0.9,0.8257424984683568
5,val,424.280303030303,1.1616161616161615,0.9,0.805828718981747
5,val,442.7272727272727,1.212121212121212,0.9,0.8010185322692289
5,val,461.1742424242424,1.2626262626262625,0.8333333333333334,0.7989901359013536
5,val,479.62121212121207,1.313131313131313,0.8333333333333334,0.7971203488367199
5,val,498.06818181818176,1.3636363636363635,0.8333333333333334,0.795472393050272
5,val,516.5151515151515,1.4141414141414141,0.8,0.7938279350206375
5,val,534.9621212121211,1.4646464646464645,0.8,0.7889537970194834
5,val,553.4090909090909,1.5151515151515151,0.8,0.786320119763362
5,val,571.8560606060605,1.5656565656565653,0.8,0.7757933800767839
5,val,590.3030303030303,1.6161616161616161,0.8,0.7727624979716682
5,val,608.75,1.6666666666666667,0.8,0.7686511887841155
5,val,627.1969696969696,1.717171717171717,0.8,0.7576348449636617
5,val,645.6439393939394,1.7676767676767677,0.8,0.7472284836755968
5,val,664.090909090909,1.818181818181818,0.8,0.744693800234417
5,val,682.5378787878788,1.8686868686868685,0.8,0.7426174364026751
5,val,700.9848484848484,1.919191919191919,0.7666666666666667,0.7350143400421427
5,val,719.4318181818181,1.9696969696969695,0.7666666666666667,0.7250623392298003
5,val,737.8787878787878,2.02020202020202,0.7666666666666667,0.7232698119298213
5,val,756.3257575757575,2.0707070707070705,0.7666666666666667,0.7214818351851607
5,val,774.7727272727273,2.121212121212121,0.7666666666666667,0.7118297989510265
5,val,793.2196969696969,2.1717171717171713,0.7666666666666667,0.7073190542890982
5,val,811.6666666666666,2.2222222222222223,0.7333333333333334,0.7041739229647527
5,val,830.1136363636363,2.2727272727272725,0.7333333333333334,0.7022790182096327
5,val,848.560606060606,2.323232323232323,0.7333333333333334,0.7005679995733232
5,val,867.0075757575756,2.3737373737373733,0.7333333333333334,0.6930975754866279
5,val,885.4545454545454,2.424242424242424,0.7333333333333334,0.6854605505542684
5,val,903.9015151515151,2.4747474747474745,0.7333333333333334,0.6835831683967425
5,val,922.3484848484848,2.525252525252525,0.7333333333333334,0.6758806674380227
5,val,940.7954545454545,2.5757575757575757,0.7333333333333334,0.6679419803505853
5,val,959.2424242424241,2.626262626262626,0.7333333333333334,0.6655508371144407
5,val,977.6893939393939,2.6767676767676765,0.7333333333333334,0.6592898951509999
5,val,996.1363636363635,2.727272727272727,0.7000000000000001,0.652794778873431
5,val,1014.5833333333333,2.7777777777777777,0.7000000000000001,0.6466393425045198
5,val,1033.030303030303,2.8282828282828283,0.7000000000000001,0.6431332766942234
5,val,1051.4772727272727,2.878787878787879,0.7000000000000001,0.6357139432590563
5,val,1069.9242424242423,2.929292929292929,0.7000000000000001,0.6259371525106955
5,val,1088.371212121212,2.9797979797979797,0.7000000000000001,0.6200241782418817
5,val,1106.8181818181818,3.0303030303030303,0.7000000000000001,0.6129224655807656
5,val,1125.2651515151515,3.080808080808081,0.6666666666666667,0.6032760621987027
5,val,1143.712121212121,3.1313131313131306,0.6666666666666667,0.5992080999933926
5,val,1162.1590909090908,3.181818181818181,0.6666666666666667,0.5971859815898363
5,val,1180.6060606060605,3.2323232323232323,0.6666666666666667,0.5937392428892749
5,val,1199.0530303030303,3.282828282828283,0.6666666666666667,0.5827053694580216
5,val,1217.5,3.3333333333333335,0.6666666666666667,0.5782322059974386
5,val,1235.9469696969695,3.383838383838383,0.6666666666666667,0.574539646928674
5,val,1254.3939393939393,3.434343434343434,0.6666666666666667,0.5705109527784376
5,val,1272.840909090909,3.4848484848484844,0.6333333333333334,0.5674587415981822
5,val,1291.2878787878788,3.5353535353535355,0.6333333333333334,0.558993493272428
5,val,1309.7348484848483,3.585858585858585,0.6333333333333334,0.5516607363987721
5,val,1328.181818181818,3.636363636363636,0.6333333333333334,0.5484487282379432
5,val,1346.6287878787878,3.6868686868686864,0.6333333333333334,0.5470999100639059
5,val,1365.0757575757575,3.737373737373737,0.6000000000000001,0.5457545001620885
5,val,1383.5227272727273,3.7878787878787876,0.6000000000000001,0.5438973628028732
5,val,1401.9696969696968,3.838383838383838,0.5666666666666668,0.5415661070597604
5,val,1420.4166666666665,3.8888888888888884,0.5666666666666668,0.5401280408143925
5,val,1438.8636363636363,3.939393939393939,0.5666666666666668,0.5391220647720528
5,val,1457.310606060606,3.9898989898989896,0.5666666666666668,0.5381180138690106
5,val,1475.7575757575755,4.04040404040404,0.5333333333333334,0.5371158843297861
5,val,1494.2045454545453,4.090909090909091,0.5333333333333334,0.5339251122712896
5,val,1512.651515151515,4.141414141414141,0.5333333333333334,0.5311243689315889
5,val,1531.0984848484848,4.191919191919192,0.5333333333333334,0.5296552732077655
5,val,1549.5454545454545,4.242424242424242,0.5333333333333334,0.5281903528285745
5,val,1567.992424242424,4.292929292929292,0.5333333333333334,0.5214645911145082
5,val,1586.4393939393938,4.3434343434343425,0.5333333333333334,0.5174702650398174
5,val,1604.8863636363635,4.393939393939394,0.5333333333333334,0.5143987759567833
5,val,1623.3333333333333,4.444444444444445,0.5333333333333334,0.5088732133369649
5,val,1641.780303030303,4.494949494949495,0.5333333333333334,0.5050361239514659
5,val,1660.2272727272725,4.545454545454545,0.5333333333333334,0.5019435372609158
5,val,1678.6742424242423,4.595959595959595,0.5333333333333334,0.4963235254652424
5,val,1697.121212121212,4.646464646464646,0.5333333333333334,0.4942878290315981
5,val,1715.5681818181818,4.696969696969697,0.5333333333333334,0.4922159257079652
5,val,1734.0151515151513,4.7474747474747465,0.5000000000000001,0.49012643207592915
5,val,1752.462121212121,4.797979797979798,0.5000000000000001,0.4869660851546203
5,val,1770.9090909090908,4.848484848484848,0.5000000000000001,0.48426240505273893
5,val,1789.3560606060605,4.898989898989899,0.5000000000000001,0.4829114773537754
5,val,1807.8030303030303,4.949494949494949,0.5000000000000001,0.4815644226916571
5,val,1826.25,5.0,0.5000000000000001,0.47871024020782027
5,test,0.0,0.0,1.0,1.0
5,test,18.446969696969695,0.050505050505050504,1.0,0.9827035878510905
5,test,36.89393939393939,0.10101010101010101,1.0,0.978588364267465
5,test,55.340909090909086,0.1515151515151515,1.0,0.9739225191172233
5,test,73.78787878787878,0.20202020202020202,0.9666666666666667,0.9680942367197952
5,test,92.23484848484847,0.2525252525252525,0.9666666666666667,0.9663779374554319
5,test,110.68181818181817,0.303030303030303,0.9666666666666667,0.9638544590900767
5,test,129.12878787878788,0.35353535353535354,0.9666666666666667,0.9566834742509382
5,test,147.57575757575756,0.40404040404040403,0.9666666666666667,0.9485850569259497
5,test,166.02272727272725,0.4545454545454545,0.9666666666666667,0.9396853996441734
5,test,184.46969696969694,0.505050505050505,0.9666666666666667,0.9355949916474467
5,test,202.91666666666666,0.5555555555555556,0.9666666666666667,0.928837611582944
5,test,221.36363636363635,0.606060606060606,0.9666666666666667,0.9261399636946721
5,test,239.81060606060603,0.6565656565656565,0.9666666666666667,0.914886718120452
5,test,258.25757575757575,0.7070707070707071,0.9666666666666667,0.9080119544281746
5,test,276.70454545454544,0.7575757575757576,0.9666666666666667,0.904640130268974
5,test,295.1515151515151,0.8080808080808081,0.9333333333333333,0.8986219088994127
5,test,313.5984848484848,0.8585858585858585,0.8666666666666667,0.8834177577906275
5,test,332.0454545454545,0.909090909090909,0.8666666666666667,0.8747370417609133
5,test,350.4924242424242,0.9595959595959594,0.8666666666666667,0.8609425078149878
5,test,368.9393939393939,1.01010101010101,0.8666666666666667,0.8446209804212803
5,test,387.3863636363636,1.0606060606060606,0.8666666666666667,0.8285850260141525
5,test,405.8333333333333,1.1111111111111112,0.8666666666666667,0.8227416091954686
5,test,424.280303030303,1.1616161616161615,0.8666666666666667,0.8025095500341138
5,test,442.7272727272727,1.212121212121212,0.8666666666666667,0.7976233465531245
5,test,461.1742424242424,1.2626262626262625,0.8666666666666667,0.7955629975204354
5,test,479.62121212121207,1.313131313131313,0.8666666666666667,0.793663810591961
5,test,498.06818181818176,1.3636363636363635,0.8666666666666667,0.791989986279099
5,test,516.5151515151515,1.4141414141414141,0.8333333333333334,0.7903197552564248
5,test,534.9621212121211,1.4646464646464645,0.8333333333333334,0.7853694664698027
5,test,553.4090909090909,1.5151515151515151,0.8,0.7826947923428206
5,test,571.8560606060605,1.5656565656565653,0.7666666666666667,0.7720052554022893
5,test,590.3030303030303,1.6161616161616161,0.7666666666666667,0.768927820302778
5,test,608.75,1.6666666666666667,0.7666666666666667,0.7647535948166799
5,test,627.1969696969696,1.717171717171717,0.7666666666666667,0.7535699971876982
5,test,645.6439393939394,1.7676767676767677,0.7666666666666667,0.7430074583629335
5,test,664.090909090909,1.818181818181818,0.7000000000000001,0.7404350065304868
5,test,682.5378787878788,1.8686868686868685,0.7000000000000001,0.7383277838023701
5,test,700.9848484848484,1.919191919191919,0.7000000000000001,0.7306123127683225
5,test,719.4318181818181,1.9696969696969695,0.7000000000000001,0.7205147199054811
5,test,737.8787878787878,2.02020202020202,0.7000000000000001,0.7186961523387541
5,test,756.3257575757575,2.0707070707070705,0.7000000000000001,0.716882257773398
5,test,774.7727272727273,2.121212121212121,0.7000000000000001,0.707091291000604
5,test,793.2196969696969,2.1717171717171713,0.7000000000000001,0.702516194048668
5,test,811.6666666666666,2.2222222222222223,0.6666666666666667,0.699326412504939
5,test,830.1136363636363,2.2727272727272725,0.6666666666666667,0.6974046942740124
5,test,848.560606060606,2.323232323232323,0.6000000000000001,0.695669521199072
5,test,867.0075757575756,2.3737373737373733,0.6000000000000001,0.6880942762925241
5,test,885.4545454545454,2.424242424242424,0.6000000000000001,0.680351182280602
5,test,903.9015151515151,2.4747474747474745,0.6000000000000001,0.6784478964792722
5,test,922.3484848484848,2.525252525252525,0.6000000000000001,0.6706398342366096
5,test,940.7954545454545,2.5757575757575757,0.5666666666666668,0.6625935706969919
5,test,959.2424242424241,2.626262626262626,0.5666666666666668,0.6601702718692148
5,test,977.6893939393939,2.6767676767676765,0.5666666666666668,0.6538256821863911
5,test,996.1363636363635,2.727272727272727,0.5666666666666668,0.6472446383428209
5,test,1014.5833333333333,2.7777777777777777,0.5666666666666668,0.6410085784715417
5,test,1033.030303030303,2.8282828282828283,0.5666666666666668,0.6374569476490891
5,test,1051.4772727272727,2.878787878787879,0.5666666666666668,0.6299420592328387
5,test,1069.9242424242423,2.929292929292929,0.5666666666666668,0.6200411813470036
5,test,1088.371212121212,2.9797979797979797,0.5666666666666668,0.6140541893356253
5,test,1106.8181818181818,3.0303030303030303,0.5666666666666668,0.6068646246299921
5,test,1125.2651515151515,3.080808080808081,0.5666666666666668,0.5971007548708533
5,test,1143.712121212121,3.1313131313131306,0.5666666666666668,0.5929839119687774
5,test,1162.1590909090908,3.181818181818181,0.5666666666666668,0.5909376425266862
5,test,1180.6060606060605,3.2323232323232323,0.5666666666666668,0.5874499644811352
5,test,1199.0530303030303,3.282828282828283,0.5666666666666668,0.5762869828016702
5,test,1217.5,3.3333333333333335,0.5666666666666668,0.5717623390763682
5,test,1235.9469696969695,3.383838383838383,0.5666666666666668,0.5680276641055655
5,test,1254.3939393939393,3.434343434343434,0.5666666666666668,0.5639534172861175
5,test,1272.840909090909,3.4848484848484844,0.5666666666666668,0.5608669731922952
5,test,1291.2878787878788,3.5353535353535355,0.5666666666666668,0.5523080555836344
5,test,1309.7348484848483,3.585858585858585,0.5666666666666668,0.5448957023871606
5,test,1328.181818181818,3.636363636363636,0.5333333333333334,0.541649287082628
5,test,1346.6287878787878,3.6868686868686864,0.5333333333333334,0.5402861046061361
5,test,1365.0757575757575,3.737373737373737,0.5333333333333334,0.5389264166415672
5,test,1383.5227272727273,3.7878787878787876,0.5333333333333334,0.5370496528515519
5,test,1401.9696969696968,3.838383838383838,0.5333333333333334,0.534693895974155
5,test,1420.4166666666665,3.8888888888888884,0.5333333333333334,0.533240791689725
5,test,1438.8636363636363,3.939393939393939,0.5333333333333334,0.5322243305748316
5,test,1457.310606060606,3.9898989898989896,0.5333333333333334,0.5312098431148458
5,test,1475.7575757575755,4.04040404040404,0.5333333333333334,0.5301973254140366
5,test,1494.2045454545453,4.090909090909091,0.5000000000000001,0.5269736676347007
5,test,1512.651515151515,4.141414141414141,0.5000000000000001,0.5241442984689695
5,test,1531.0984848484848,4.191919191919192,0.5000000000000001,0.5226602778070503
5,test,1549.5454545454545,4.242424242424242,0.5000000000000001,0.5211805371897291
5,test,1567.992424242424,4.292929292929292,0.5000000000000001,0.5143875384602449
5,test,1586.4393939393938,4.3434343434343425,0.5000000000000001,0.510353915304602
5,test,1604.8863636363635,4.393939393939394,0.5000000000000001,0.5072525339415301
5,test,1623.3333333333333,4.444444444444445,0.5000000000000001,0.501673917534601
5,test,1641.780303030303,4.494949494949495,0.5000000000000001,0.4978005391368681
5,test,1660.2272727272725,4.545454545454545,0.5000000000000001,0.4946790384982543
5,test,1678.6742424242423,4.595959595959595,0.5000000000000001,0.48900725565067593
5,test,1697.121212121212,4.646464646464646,0.5000000000000001,0.4869530552855482
5,test,1715.5681818181818,4.696969696969697,0.5000000000000001,0.4848624561100442
5,test,1734.0151515151513,4.7474747474747465,0.5000000000000001,0.48275424896883906
5,test,1752.462121212121,4.797979797979798,0.5000000000000001,0.479565869203939
5,test,1770.9090909090908,4.848484848484848,0.5000000000000001,0.4768384683189483
5,test,1789.3560606060605,4.898989898989899,0.4666666666666668,0.47547577920814293
5,test,1807.8030303030303,4.949494949494949,0.4666666666666668,0.4741170575595372
5,test,1826.25,5.0,0.4666666666666668,0.4712383561622261
6,train,0.0,0.0,1.0,1.0
6,train,18.446969696969695,0.050505050505050504,0.9915611814345993,0.9900730529645506
6,train,36.89393939393939,0.10101010101010101,0.9915611814345993,0.9876482016910415
6,train,55.340909090909086,0.1515151515151515,0.9873417721518988,0.9852200933991013
6,train,73.78787878787878,0.20202020202020202,0.9831223628691984,0.9828361221343975
6,train,92.23484848484847,0.2525252525252525,0.9831223628691984,0.9806783517318741
6,train,110.68181818181817,0.303030303030303,0.978902953586498,0.9782797031271669
6,train,129.12878787878788,0.35353535353535354,0.978902953586498,0.9749049240705303
6,train,147.57575757575756,0.40404040404040403,0.9746835443037977,0.9673596427488588
6,train,166.02272727272725,0.4545454545454545,0.9620253164556963,0.9588028081568405
6,train,184.46969696969694,0.505050505050505,0.9578059071729959,0.9547122585337301
6,train,202.91666666666666,0.5555555555555556,0.9451476793248944,0.9442094382657787
6,train,221.36363636363635,0.606060606060606,0.9451476793248944,0.9417037854332989
6,train,239.81060606060603,0.6565656565656565,0.940928270042194,0.9391336507905802
6,train,258.25757575757575,0.7070707070707071,0.9324894514767932,0.932605369105799
6,train,276.70454545454544,0.7575757575757576,0.9324894514767932,0.9293659766354008
6,train,295.1515151515151,0.8080808080808081,0.9198312236286921,0.9193725506949955
6,train,313.5984848484848,0.8585858585858585,0.8945147679324897,0.8941130523028099
6,train,332.0454545454545,0.909090909090909,0.8860759493670888,0.8837793143945526
6,train,350.4924242424242,0.9595959595959594,0.8734177215189876,0.8709790655609391
6,train,368.9393939393939,1.01010101010101,0.8607594936708862,0.8590636287715857
6,train,387.3863636363636,1.0606060606060606,0.848101265822785,0.847836746106838
6,train,405.8333333333333,1.1111111111111112,0.8438818565400846,0.8422010746100835
6,train,424.280303030303,1.1616161616161615,0.8270042194092827,0.8268610974084907
6,train,442.7272727272727,1.212121212121212,0.8227848101265823,0.8206358002436349
6,train,461.1742424242424,1.2626262626262625,0.8143459915611816,0.8127412970139352
6,train,479.62121212121207,1.313131313131313,0.8101265822784811,0.8085032943812499
6,train,498.06818181818176,1.3636363636363635,0.8101265822784811,0.8035114169456311
6,train,516.5151515151515,1.4141414141414141,0.8016877637130803,0.7988350793217253
6,train,534.9621212121211,1.4646464646464645,0.7932489451476793,0.7929395089035712
6,train,553.4090909090909,1.5151515151515151,0.7890295358649788,0.786637557067519
6,train,571.8560606060605,1.5656565656565653,0.7763713080168776,0.776314706972814
6,train,590.3030303030303,1.6161616161616161,0.7763713080168776,0.773330898458769
6,train,608.75,1.6666666666666667,0.7721518987341771,0.7692852139949511
6,train,627.1969696969696,1.717171717171717,0.7594936708860759,0.7584372171846816
6,train,645.6439393939394,1.7676767676767677,0.751054852320675,0.7482006352323367
6,train,664.090909090909,1.818181818181818,0.7383966244725737,0.737576219251237
6,train,682.5378787878788,1.8686868686868685,0.7383966244725737,0.735295105639985
6,train,700.9848484848484,1.919191919191919,0.7299578059071729,0.730064852287442
6,train,719.4318181818181,1.9696969696969695,0.7172995780590715,0.7179995817900788
6,train,737.8787878787878,2.02020202020202,0.7172995780590715,0.7165609009418378
6,train,756.3257575757575,2.0707070707070705,0.7172995780590715,0.7151251131761183
6,train,774.7727272727273,2.121212121212121,0.7130801687763711,0.7133628560511622
6,train,793.2196969696969,2.1717171717171713,0.7088607594936707,0.7060776358491283
6,train,811.6666666666666,2.2222222222222223,0.7046413502109703,0.7017080901243419
6,train,830.1136363636363,2.2727272727272725,0.7004219409282698,0.6986095699050129
6,train,848.560606060606,2.323232323232323,0.691983122362869,0.6920394072329763
6,train,867.0075757575756,2.3737373737373733,0.6835443037974682,0.683346047905767
6,train,885.4545454545454,2.424242424242424,0.6793248945147677,0.6789494119758044
6,train,903.9015151515151,2.4747474747474745,0.6793248945147677,0.677102386922816
6,train,922.3484848484848,2.525252525252525,0.6708860759493669,0.6695308397624344
6,train,940.7954545454545,2.5757575757575757,0.6582278481012657,0.6582187617654564
6,train,959.2424242424241,2.626262626262626,0.6582278481012657,0.6552333503970665
6,train,977.6893939393939,2.6767676767676765,0.6497890295358648,0.6483373161478033
6,train,996.1363636363635,2.727272727272727,0.6413502109704641,0.6384292304231878
6,train,1014.5833333333333,2.7777777777777777,0.6329113924050632,0.6326582004272884
6,train,1033.030303030303,2.8282828282828283,0.6329113924050632,0.6303026432223838
6,train,1051.4772727272727,2.878787878787879,0.6286919831223627,0.6277065727985747
6,train,1069.9242424242423,2.929292929292929,0.6244725738396624,0.6249584627982692
6,train,1088.371212121212,2.9797979797979797,0.6244725738396624,0.6218460535796428
6,train,1106.8181818181818,3.0303030303030303,0.6160337552742615,0.6159230726249817
6,train,1125.2651515151515,3.080808080808081,0.6075949367088606,0.6066759562530253
6,train,1143.712121212121,3.1313131313131306,0.6033755274261602,0.6026719101929392
6,train,1162.1590909090908,3.181818181818181,0.6033755274261602,0.6006804796790325
6,train,1180.6060606060605,3.2323232323232323,0.5991561181434598,0.5972878946478728
6,train,1199.0530303030303,3.282828282828283,0.5864978902953586,0.5864358861233432
6,train,1217.5,3.3333333333333335,0.5822784810126582,0.5820369576061504
6,train,1235.9469696969695,3.383838383838383,0.5780590717299577,0.5784084174222881
6,train,1254.3939393939393,3.434343434343434,0.5738396624472574,0.5744519399719998
6,train,1272.840909090909,3.4848484848484844,0.5738396624472574,0.5714545917600207
6,train,1291.2878787878788,3.5353535353535355,0.569620253164557,0.5673153606009201
6,train,1309.7348484848483,3.585858585858585,0.5654008438818565,0.5653556290704754
6,train,1328.181818181818,3.636363636363636,0.5654008438818565,0.5640560498996028
6,train,1346.6287878787878,3.6868686868686864,0.5654008438818565,0.5627594689352797
6,train,1365.0757575757575,3.737373737373737,0.561181434599156,0.5610773240198906
6,train,1383.5227272727273,3.7878787878787876,0.561181434599156,0.55907857640618
6,train,1401.9696969696968,3.838383838383838,0.5569620253164556,0.5555357490273222
6,train,1420.4166666666665,3.8888888888888884,0.5527426160337552,0.5529439705365532
6,train,1438.8636363636363,3.939393939393939,0.5527426160337552,0.5517951895989418
6,train,1457.310606060606,3.9898989898989896,0.5527426160337552,0.5506488040362496
6,train,1475.7575757575755,4.04040404040404,0.5527426160337552,0.5495048088367002
6,train,1494.2045454545453,4.090909090909091,0.5443037974683543,0.5427157629092376
6,train,1512.651515151515,4.141414141414141,0.5400843881856539,0.5399575068414161
6,train,1531.0984848484848,4.191919191919192,0.5400843881856539,0.5385115101750775
6,train,1549.5454545454545,4.242424242424242,0.5400843881856539,0.537069399989329
6,train,1567.992424242424,4.292929292929292,0.5316455696202531,0.5304504120181707
6,train,1586.4393939393938,4.3434343434343425,0.5274261603375527,0.5270802249962673
6,train,1604.8863636363635,4.393939393939394,0.5274261603375527,0.5252238789884798
6,train,1623.3333333333333,4.444444444444445,0.5232067510548524,0.5222814551135685
6,train,1641.780303030303,4.494949494949495,0.518987341772152,0.5185038576632378
6,train,1660.2272727272725,4.545454545454545,0.5147679324894515,0.5154615300920763
6,train,1678.6742424242423,4.595959595959595,0.510548523206751,0.5099373916294071
6,train,1697.121212121212,4.646464646464646,0.510548523206751,0.5079370318421157
6,train,1715.5681818181818,4.696969696969697,0.5063291139240507,0.5034251200147936
6,train,1734.0151515151513,4.7474747474747465,0.5021097046413503,0.500076826804376
6,train,1752.462121212121,4.797979797979798,0.49789029535864987,0.4965109193251457
6,train,1770.9090909090908,4.848484848484848,0.49367088607594944,0.49135017877968173
6,train,1789.3560606060605,4.898989898989899,0.489451476793249,0.48887577550644007
6,train,1807.8030303030303,4.949494949494949,0.489451476793249,0.48721447531939494
6,train,1826.25,5.0,0.4852320675105486,0.48417257406019804
6,val,0.0,0.0,1.0,1.0
6,val,18.446969696969695,0.050505050505050504,1.0,0.990187335426382
6,val,36.89393939393939,0.10101010101010101,1.0,0.9877902533206939
6,val,55.340909090909086,0.1515151515151515,1.0,0.9853898935041577
6,val,73.78787878787878,0.20202020202020202,1.0,0.983033109699139
6,val,92.23484848484847,0.2525252525252525,1.0,0.9808998986024281
6,val,110.68181818181817,0.303030303030303,1.0,0.9785284966980439
6,val,129.12878787878788,0.35353535353535354,0.9666666666666667,0.9751919554076693
6,val,147.57575757575756,0.40404040404040403,0.9666666666666667,0.9677317532387401
6,val,166.02272727272725,0.4545454545454545,0.9666666666666667,0.9592707091173023
6,val,184.46969696969694,0.505050505050505,0.9666666666666667,0.9552256886495842
6,val,202.91666666666666,0.5555555555555556,0.9666666666666667,0.9448389818396105
6,val,221.36363636363635,0.606060606060606,0.9666666666666667,0.9423608617519896
6,val,239.81060606060603,0.6565656565656565,0.9333333333333333,0.9398189005751056
6,val,258.25757575757575,0.7070707070707071,0.9333333333333333,0.9333618707609037
6,val,276.70454545454544,0.7575757575757576,0.9333333333333333,0.9301576679949684
6,val,295.1515151515151,0.8080808080808081,0.9333333333333333,0.9202721012497489
6,val,313.5984848484848,0.8585858585858585,0.9333333333333333,0.8952804391315833
6,val,332.0454545454545,0.909090909090909,0.9333333333333333,0.8850542568395386
6,val,350.4924242424242,0.9595959595959594,0.9333333333333333,0.8723855775543452
6,val,368.9393939393939,1.01010101010101,0.9,0.8605909411988011
6,val,387.3863636363636,1.0606060606060606,0.9,0.8494763773332523
6,val,405.8333333333333,1.1111111111111112,0.9,0.8438965314961524
6,val,424.280303030303,1.1616161616161615,0.8666666666666667,0.82870659773394
6,val,442.7272727272727,1.212121212121212,0.8666666666666667,0.8225413841678316
6,val,461.1742424242424,1.2626262626262625,0.8666666666666667,0.8147223953695371
6,val,479.62121212121207,1.313131313131313,0.8666666666666667,0.8105246149419834
6,val,498.06818181818176,1.3636363636363635,0.8666666666666667,0.805579828993674
6,val,516.5151515151515,1.4141414141414141,0.8666666666666667,0.8009473240338475
6,val,534.9621212121211,1.4646464646464645,0.8666666666666667,0.7951066226386332
6,val,553.4090909090909,1.5151515151515151,0.8666666666666667,0.7888628347069375
6,val,571.8560606060605,1.5656565656565653,0.8666666666666667,0.7786341596120117
6,val,590.3030303030303,1.6161616161616161,0.8666666666666667,0.775677315367469
6,val,608.75,1.6666666666666667,0.8666666666666667,0.7716680055975708
6,val,627.1969696969696,1.717171717171717,0.8666666666666667,0.7609164790725752
6,val,645.6439393939394,1.7676767676767677,0.8666666666666667,0.7507694907570078
6,val,664.090909090909,1.818181818181818,0.8666666666666667,0.740236560663517
6,val,682.5378787878788,1.8686868686868685,0.8666666666666667,0.7379748875915417
6,val,700.9848484848484,1.919191919191919,0.8333333333333334,0.7327889364718163
6,val,719.4318181818181,1.9696969696969695,0.8333333333333334,0.7208244035112171
6,val,737.8787878787878,2.02020202020202,0.8333333333333334,0.7193975974835999
6,val,756.3257575757575,2.0707070707070705,0.8333333333333334,0.7179736312643794
6,val,774.7727272727273,2.121212121212121,0.7666666666666667,0.7162258434287136
6,val,793.2196969696969,2.1717171717171713,0.7666666666666667,0.7089999663783074
6,val,811.6666666666666,2.2222222222222223,0.7333333333333334,0.7046656452707357
6,val,830.1136363636363,2.2727272727272725,0.7333333333333334,0.7015919347103022
6,val,848.560606060606,2.323232323232323,0.7333333333333334,0.6950739121431891
6,val,867.0075757575756,2.3737373737373733,0.7333333333333334,0.6864485573865363
6,val,885.4545454545454,2.424242424242424,0.7000000000000001,0.6820858825906175
6,val,903.9015151515151,2.4747474747474745,0.7000000000000001,0.6802530373148986
6,val,922.3484848484848,2.525252525252525,0.7000000000000001,0.6727390736111386
6,val,940.7954545454545,2.5757575757575757,0.7000000000000001,0.6615113777222402
6,val,959.2424242424241,2.626262626262626,0.7000000000000001,0.6585479022481421
6,val,977.6893939393939,2.6767676767676765,0.7000000000000001,0.6517019985950095
6,val,996.1363636363635,2.727272727272727,0.7000000000000001,0.6418646061173691
6,val,1014.5833333333333,2.7777777777777777,0.7000000000000001,0.6361340173703584
6,val,1033.030303030303,2.8282828282828283,0.7000000000000001,0.6337948099534629
6,val,1051.4772727272727,2.878787878787879,0.7000000000000001,0.6312166525272619
6,val,1069.9242424242423,2.929292929292929,0.6333333333333334,0.6284873827232657
6,val,1088.371212121212,2.9797979797979797,0.6000000000000001,0.6253961590606022
6,val,1106.8181818181818,3.0303030303030303,0.6000000000000001,0.6195130449613552
6,val,1125.2651515151515,3.080808080808081,0.6000000000000001,0.6103269774669873
6,val,1143.712121212121,3.1313131313131306,0.6000000000000001,0.6063489094176807
6,val,1162.1590909090908,3.181818181818181,0.6000000000000001,0.6043702954745485
6,val,1180.6060606060605,3.2323232323232323,0.6000000000000001,0.6009993850326698
6,val,1199.0530303030303,3.282828282828283,0.6000000000000001,0.5902153428665001
6,val,1217.5,3.3333333333333335,0.6000000000000001,0.5858433652573276
6,val,1235.9469696969695,3.383838383838383,0.6000000000000001,0.5822367924331016
6,val,1254.3939393939393,3.434343434343434,0.6000000000000001,0.5783039939288961
6,val,1272.840909090909,3.4848484848484844,0.6000000000000001,0.5753243929264931
6,val,1291.2878787878788,3.5353535353535355,0.6000000000000001,0.5712093966144884
6,val,1309.7348484848483,3.585858585858585,0.6000000000000001,0.5692610278343596
6,val,1328.181818181818,3.636363636363636,0.5000000000000001,0.5679689441281562
6,val,1346.6287878787878,3.6868686868686864,0.5000000000000001,0.5666798097314928
6,val,1365.0757575757575,3.737373737373737,0.5000000000000001,0.565007278584983
6,val,1383.5227272727273,3.7878787878787876,0.5000000000000001,0.5630198846673885
6,val,1401.9696969696968,3.838383838383838,0.5000000000000001,0.5594969955534704
6,val,1420.4166666666665,3.8888888888888884,0.5000000000000001,0.5569196511999599
6,val,1438.8636363636363,3.939393939393939,0.5000000000000001,0.555777226812726
6,val,1457.310606060606,3.9898989898989896,0.5000000000000001,0.5546371592068062
6,val,1475.7575757575755,4.04040404040404,0.5000000000000001,0.5534994434958201
6,val,1494.2045454545453,4.090909090909091,0.5000000000000001,0.5467471399731598
6,val,1512.651515151515,4.141414141414141,0.5000000000000001,0.5440035538366544
6,val,1531.0984848484848,4.191919191919192,0.5000000000000001,0.5425651878029214
6,val,1549.5454545454545,4.242424242424242,0.5000000000000001,0.5411306464838425
6,val,1567.992424242424,4.292929292929292,0.5000000000000001,0.5345458658941047
6,val,1586.4393939393938,4.3434343434343425,0.5000000000000001,0.5311927576777137
6,val,1604.8863636363635,4.393939393939394,0.5000000000000001,0.5293457205014517
6,val,1623.3333333333333,4.444444444444445,0.5000000000000001,0.5264179076207375
6,val,1641.780303030303,4.494949494949495,0.5000000000000001,0.5226588076492584
6,val,1660.2272727272725,4.545454545454545,0.5000000000000001,0.5196311626070708
6,val,1678.6742424242423,4.595959595959595,0.5000000000000001,0.5141331900976217
6,val,1697.121212121212,4.646464646464646,0.5000000000000001,0.5121421469507866
6,val,1715.5681818181818,4.696969696969697,0.5000000000000001,0.5076509372673685
6,val,1734.0151515151513,4.7474747474747465,0.5000000000000001,0.504317725558006
6,val,1752.462121212121,4.797979797979798,0.5000000000000001,0.5007676136559696
6,val,1770.9090909090908,4.848484848484848,0.5000000000000001,0.49562924252550117
6,val,1789.3560606060605,4.898989898989899,0.5000000000000001,0.4931653570097633
6,val,1807.8030303030303,4.949494949494949,0.5000000000000001,0.49151104232185305
6,val,1826.25,5.0,0.5000000000000001,0.48848177247994656
6,test,0.0,0.0,1.0,1.0
6,test,18.446969696969695,0.050505050505050504,0.9666666666666667,0.9901542297393284
6,test,36.89393939393939,0.10101010101010101,0.9333333333333333,0.9877491062611274
6,test,55.340909090909086,0.1515151515151515,0.9333333333333333,0.9853407121976585
6,test,73.78787878787878,0.20202020202020202,0.8666666666666667,0.9829760576837292
6,test,92.23484848484847,0.2525252525252525,0.8666666666666667,0.9808357376637922
6,test,110.68181818181817,0.303030303030303,0.8666666666666667,0.9784564499928522
6,test,129.12878787878788,0.35353535353535354,0.8666666666666667,0.9751088437573557
6,test,147.57575757575756,0.40404040404040403,0.8666666666666667,0.9676240299175263
6,test,166.02272727272725,0.4545454545454545,0.8666666666666667,0.9591352886660965
6,test,184.46969696969694,0.505050505050505,0.8666666666666667,0.9550771086814936
6,test,202.91666666666666,0.5555555555555556,0.8666666666666667,0.9446568555108019
6,test,221.36363636363635,0.606060606060606,0.8666666666666667,0.942170784009768
6,test,239.81060606060603,0.6565656565656565,0.8333333333333334,0.9396206876103015
6,test,258.25757575757575,0.7070707070707071,0.8333333333333334,0.9331430890616675
6,test,276.70454545454544,0.7575757575757576,0.8333333333333334,0.9299287308273446
6,test,295.1515151515151,0.8080808080808081,0.8,0.920012049125522
6,test,313.5984848484848,0.8585858585858585,0.8,0.8949432043114804
6,test,332.0454545454545,0.909090909090909,0.8,0.8846860612721168
6,test,350.4924242424242,0.9595959595959594,0.8,0.8719795355388681
6,test,368.9393939393939,1.01010101010101,0.8,0.8601501770591089
6,test,387.3863636363636,1.0606060606060606,0.7666666666666667,0.849003352220368
6,test,405.8333333333333,1.1111111111111112,0.7666666666666667,0.8434074802190726
6,test,424.280303030303,1.1616161616161615,0.7666666666666667,0.8281745010503567
6,test,442.7272727272727,1.212121212121212,0.7666666666666667,0.821992062087738
6,test,461.1742424242424,1.2626262626262625,0.7666666666666667,0.8141514337228218
6,test,479.62121212121207,1.313131313131313,0.7666666666666667,0.8099421315977974
6,test,498.06818181818176,1.3636363636363635,0.7666666666666667,0.8049838602153405
6,test,516.5151515151515,1.4141414141414141,0.7666666666666667,0.8003388069265482
6,test,534.9621212121211,1.4646464646464645,0.7666666666666667,0.7944824030657156
6,test,553.4090909090909,1.5151515151515151,0.7666666666666667,0.788221976273083
6,test,571.8560606060605,1.5656565656565653,0.7333333333333334,0.7779663751374765
6,test,590.3030303030303,1.6161616161616161,0.7333333333333334,0.7750018247373076
6,test,608.75,1.6666666666666667,0.7333333333333334,0.7709821217694802
6,test,627.1969696969696,1.717171717171717,0.7333333333333334,0.7602030445346385
6,test,645.6439393939394,1.7676767676767677,0.7333333333333334,0.7500304870585425
6,test,664.090909090909,1.818181818181818,0.7333333333333334,0.7394714656928566
6,test,682.5378787878788,1.8686868686868685,0.7333333333333334,0.7372042506543303
6,test,700.9848484848484,1.919191919191919,0.7333333333333334,0.7320056733178152
6,test,719.4318181818181,1.9696969696969695,0.7333333333333334,0.7200124464350285
6,test,737.8787878787878,2.02020202020202,0.7333333333333334,0.7185822595279272
6,test,756.3257575757575,2.0707070707070705,0.7333333333333334,0.7171549279198531
6,test,774.7727272727273,2.121212121212121,0.7333333333333334,0.7154030213689649
6,test,793.2196969696969,2.1717171717171713,0.7333333333333334,0.7081602572627418
6,test,811.6666666666666,2.2222222222222223,0.7333333333333334,0.7038159163374821
6,test,830.1136363636363,2.2727272727272725,0.7333333333333334,0.7007351503165431
6,test,848.560606060606,2.323232323232323,0.7333333333333334,0.6942023047754559
6,test,867.0075757575756,2.3737373737373733,0.7333333333333334,0.6855576268590124
6,test,885.4545454545454,2.424242424242424,0.7333333333333334,0.6811853064515796
6,test,903.9015151515151,2.4747474747474745,0.7333333333333334,0.6793484347002166
6,test,922.3484848484848,2.525252525252525,0.7333333333333334,0.6718181248678354
6,test,940.7954545454545,2.5757575757575757,0.7333333333333334,0.660566490910726
6,test,959.2424242424241,2.626262626262626,0.7333333333333334,0.6575967955586859
6,test,977.6893939393939,2.6767676767676765,0.7333333333333334,0.6507366822658338
6,test,996.1363636363635,2.727272727272727,0.7333333333333334,0.6408792631150323
6,test,1014.5833333333333,2.7777777777777777,0.7333333333333334,0.6351372239387679
6,test,1033.030303030303,2.8282828282828283,0.7000000000000001,0.6327933885778392
6,test,1051.4772727272727,2.878787878787879,0.7000000000000001,0.630210161589756
6,test,1069.9242424242423,2.929292929292929,0.7000000000000001,0.6274755607955445
6,test,1088.371212121212,2.9797979797979797,0.7000000000000001,0.6243783437103055
6,test,1106.8181818181818,3.0303030303030303,0.7000000000000001,0.6184839547214803
6,test,1125.2651515151515,3.080808080808081,0.6666666666666667,0.6092806307655582
6,test,1143.712121212121,3.1313131313131306,0.6666666666666667,0.6052952229622289
6,test,1162.1590909090908,3.181818181818181,0.6666666666666667,0.6033129886089146
6,test,1180.6060606060605,3.2323232323232323,0.6666666666666667,0.5999359566873369
6,test,1199.0530303030303,3.282828282828283,0.6666666666666667,0.5891327283855218
6,test,1217.5,3.3333333333333335,0.6666666666666667,0.584753146838809
6,test,1235.9469696969695,3.383838383838383,0.6666666666666667,0.5811403778457964
6,test,1254.3939393939393,3.434343434343434,0.6666666666666667,0.5772009021359246
6,test,1272.840909090909,3.4848484848484844,0.6333333333333334,0.5742162978063841
6,test,1291.2878787878788,3.5353535353535355,0.6000000000000001,0.5700944708281775
6,test,1309.7348484848483,3.585858585858585,0.6000000000000001,0.5681429000906045
6,test,1328.181818181818,3.636363636363636,0.6000000000000001,0.5668487044409936
6,test,1346.6287878787878,3.6868686868686864,0.6000000000000001,0.5655574720642521
6,test,1365.0757575757575,3.737373737373737,0.6000000000000001,0.5638822326302254
6,test,1383.5227272727273,3.7878787878787876,0.5666666666666668,0.5618916406728123
6,test,1401.9696969696968,3.838383838383838,0.5666666666666668,0.5583631365287974
6,test,1420.4166666666665,3.8888888888888884,0.5666666666666668,0.5557817280701982
6,test,1438.8636363636363,3.939393939393939,0.5666666666666668,0.5546375141471426
6,test,1457.310606060606,3.9898989898989896,0.5666666666666668,0.5534956680089526
6,test,1475.7575757575755,4.04040404040404,0.5333333333333334,0.5523561847318562
6,test,1494.2045454545453,4.090909090909091,0.5333333333333334,0.5455935416297131
6,test,1512.651515151515,4.141414141414141,0.5333333333333334,0.5428458285999315
6,test,1531.0984848484848,4.191919191919192,0.5333333333333334,0.5414053162471316
6,test,1549.5454545454545,4.242424242424242,0.5333333333333334,0.5399686461885816
6,test,1567.992424242424,4.292929292929292,0.5333333333333334,0.5333742473766075
6,test,1586.4393939393938,4.3434343434343425,0.5333333333333334,0.5300163386465894
6,test,1604.8863636363635,4.393939393939394,0.5000000000000001,0.5281666853959439
6,test,1623.3333333333333,4.444444444444445,0.5000000000000001,0.5252347670164494
6,test,1641.780303030303,4.494949494949495,0.5000000000000001,0.5214704706423035
6,test,1660.2272727272725,4.545454545454545,0.5000000000000001,0.5184387018324819
6,test,1678.6742424242423,4.595959595959595,0.5000000000000001,0.5129333823360941
6,test,1697.121212121212,4.646464646464646,0.5000000000000001,0.5109397238602059
6,test,1715.5681818181818,4.696969696969697,0.5000000000000001,0.5064427039641927
6,test,1734.0151515151513,4.7474747474747465,0.5000000000000001,0.5031052605750523
6,test,1752.462121212121,4.797979797979798,0.5000000000000001,0.4995507175956729
6,test,1770.9090909090908,4.848484848484848,0.5000000000000001,0.49440607295218375
6,test,1789.3560606060605,4.898989898989899,0.5000000000000001,0.4919392384198471
6,test,1807.8030303030303,4.949494949494949,0.5000000000000001,0.49028296535239774
6,test,1826.25,5.0,0.5000000000000001,0.4872501548031582
7,train,0.0,0.0,1.0,1.0
7,train,18.446969696969695,0.050505050505050504,0.9915611814345993,0.9875389779151218
7,train,36.89393939393939,0.10101010101010101,0.9873417721518988,0.9836073238565374
7,train,55.340909090909086,0.1515151515151515,0.9831223628691984,0.9798883782577212
7,train,73.78787878787878,0.20202020202020202,0.9746835443037977,0.9745126688980856
7,train,92.23484848484847,0.2525252525252525,0.9746835443037977,0.9729585277486659
7,train,110.68181818181817,0.303030303030303,0.9746835443037977,0.971406877960358
7,train,129.12878787878788,0.35353535353535354,0.9704641350210973,0.9693587025569621
7,train,147.57575757575756,0.40404040404040403,0.9704641350210973,0.9666831650947475
7,train,166.02272727272725,0.4545454545454545,0.9620253164556964,0.9587931831047233
7,train,184.46969696969694,0.505050505050505,0.957805907172996,0.954704402364756
7,train,202.91666666666666,0.5555555555555556,0.9451476793248945,0.9441668195161891
7,train,221.36363636363635,0.606060606060606,0.9451476793248945,0.9415777231513497
7,train,239.81060606060603,0.6565656565656565,0.9367088607594937,0.9349950540401121
7,train,258.25757575757575,0.7070707070707071,0.9324894514767933,0.9321957927564761
7,train,276.70454545454544,0.7575757575757576,0.9324894514767933,0.9285005933215099
7,train,295.1515151515151,0.8080808080808081,0.9156118143459918,0.9151754334007812
7,train,313.5984848484848,0.8585858585858585,0.8902953586497894,0.8899295823169063
7,train,332.0454545454545,0.909090909090909,0.8860759493670889,0.8833334078381279
7,train,350.4924242424242,0.9595959595959594,0.8734177215189877,0.8710161422423273
7,train,368.9393939393939,1.01010101010101,0.8607594936708863,0.8604250174977703
7,train,387.3863636363636,1.0606060606060606,0.8481012658227851,0.8478917077795939
7,train,405.8333333333333,1.1111111111111112,0.8438818565400847,0.8422624326732412
7,train,424.280303030303,1.1616161616161615,0.8227848101265824,0.8227358845449992
7,train,442.7272727272727,1.212121212121212,0.8185654008438821,0.8165142795060379
7,train,461.1742424242424,1.2626262626262625,0.8101265822784812,0.8086230515963959
7,train,479.62121212121207,1.313131313131313,0.8059071729957807,0.8043863070416063
7,train,498.06818181818176,1.3636363636363635,0.8059071729957807,0.7993960798320663
7,train,516.5151515151515,1.4141414141414141,0.7974683544303799,0.7966436131300845
7,train,534.9621212121211,1.4646464646464645,0.7974683544303799,0.7947046403715647
7,train,553.4090909090909,1.5151515151515151,0.7932489451476794,0.7909399062903323
7,train,571.8560606060605,1.5656565656565653,0.7805907172995781,0.7809639753518706
7,train,590.3030303030303,1.6161616161616161,0.7805907172995781,0.779625031571178
7,train,608.75,1.6666666666666667,0.7805907172995781,0.7782883954671117
7,train,627.1969696969696,1.717171717171717,0.7763713080168777,0.7753598302505901
7,train,645.6439393939394,1.7676767676767677,0.7679324894514767,0.7651248596923594
7,train,664.090909090909,1.818181818181818,0.7552742616033756,0.7545007810460557
7,train,682.5378787878788,1.8686868686868685,0.7552742616033756,0.7522196066071666
7,train,700.9848484848484,1.919191919191919,0.7426160337552743,0.7427791388787249
7,train,719.4318181818181,1.9696969696969695,0.729957805907173,0.7307093561241876
7,train,737.8787878787878,2.02020202020202,0.729957805907173,0.7292152848819308
7,train,756.3257575757575,2.0707070707070705,0.729957805907173,0.7277242847129094
7,train,774.7727272727273,2.121212121212121,0.7257383966244725,0.7256574452823923
7,train,793.2196969696969,2.1717171717171713,0.721518987341772,0.7187883091963697
7,train,811.6666666666666,2.2222222222222223,0.7130801687763713,0.7123683186808369
7,train,830.1136363636363,2.2727272727272725,0.7130801687763713,0.7106443926821971
7,train,848.560606060606,2.323232323232323,0.7046413502109704,0.7047468832280643
7,train,867.0075757575756,2.3737373737373733,0.6962025316455696,0.6949964090037419
7,train,885.4545454545454,2.424242424242424,0.6877637130801687,0.6874753483400232
7,train,903.9015151515151,2.4747474747474745,0.6877637130801687,0.6856275733457862
7,train,922.3484848484848,2.525252525252525,0.6793248945147679,0.678052543086973
7,train,940.7954545454545,2.5757575757575757,0.6666666666666666,0.666733532226042
7,train,959.2424242424241,2.626262626262626,0.6666666666666666,0.6637458798875557
7,train,977.6893939393939,2.6767676767676765,0.6582278481012658,0.6568444296689522
7,train,996.1363636363635,2.727272727272727,0.6497890295358649,0.6469278225350946
7,train,1014.5833333333333,2.7777777777777777,0.6413502109704642,0.6408779604790953
7,train,1033.030303030303,2.8282828282828283,0.6371308016877638,0.6374320380852133
7,train,1051.4772727272727,2.878787878787879,0.6329113924050633,0.6301434688343784
7,train,1069.9242424242423,2.929292929292929,0.6244725738396625,0.6247637436330794
7,train,1088.371212121212,2.9797979797979797,0.620253164556962,0.6189559064437536
7,train,1106.8181818181818,3.0303030303030303,0.6160337552742615,0.6139143554707207
7,train,1125.2651515151515,3.080808080808081,0.6033755274261602,0.602465823691255
7,train,1143.712121212121,3.1313131313131306,0.5991561181434598,0.5984564819889442
7,train,1162.1590909090908,3.181818181818181,0.5991561181434598,0.5964624071398688
7,train,1180.6060606060605,3.2323232323232323,0.5949367088607594,0.5930647536124114
7,train,1199.0530303030303,3.282828282828283,0.5822784810126582,0.5828172504704892
7,train,1217.5,3.3333333333333335,0.5822784810126582,0.5807636247112226
7,train,1235.9469696969695,3.383838383838383,0.5780590717299577,0.5787658722568895
7,train,1254.3939393939393,3.434343434343434,0.5780590717299577,0.5770298211400418
7,train,1272.840909090909,3.4848484848484844,0.5780590717299577,0.5752990054700144
7,train,1291.2878787878788,3.5353535353535355,0.569620253164557,0.5673333535389649
7,train,1309.7348484848483,3.585858585858585,0.5654008438818565,0.5632327371835003
7,train,1328.181818181818,3.636363636363636,0.561181434599156,0.5614132818500608
7,train,1346.6287878787878,3.6868686868686864,0.561181434599156,0.5604236452264264
7,train,1365.0757575757575,3.737373737373737,0.561181434599156,0.5594357625182463
7,train,1383.5227272727273,3.7878787878787876,0.561181434599156,0.5584496306016707
7,train,1401.9696969696968,3.838383838383838,0.5569620253164556,0.5554764590292053
7,train,1420.4166666666665,3.8888888888888884,0.5527426160337552,0.5527317897652414
7,train,1438.8636363636363,3.939393939393939,0.5527426160337552,0.5513601336994046
7,train,1457.310606060606,3.9898989898989896,0.5527426160337552,0.5499918999257851
7,train,1475.7575757575755,4.04040404040404,0.5485232067510547,0.545282447707479
7,train,1494.2045454545453,4.090909090909091,0.5400843881856539,0.540488984701842
7,train,1512.651515151515,4.141414141414141,0.5400843881856539,0.5393031963533784
7,train,1531.0984848484848,4.191919191919192,0.5400843881856539,0.5381200236165922
7,train,1549.5454545454545,4.242424242424242,0.5400843881856539,0.5369394606932839
7,train,1567.992424242424,4.292929292929292,0.5358649789029535,0.5336912528712108
7,train,1586.4393939393938,4.3434343434343425,0.5316455696202531,0.530664474844847
7,train,1604.8863636363635,4.393939393939394,0.5274261603375527,0.5276370213893645
7,train,1623.3333333333333,4.444444444444445,0.5232067510548524,0.5221921357519271
7,train,1641.780303030303,4.494949494949495,0.518987341772152,0.5184099333942597
7,train,1660.2272727272725,4.545454545454545,0.5147679324894515,0.5153634879191801
7,train,1678.6742424242423,4.595959595959595,0.510548523206751,0.5098320913169895
7,train,1697.121212121212,4.646464646464646,0.510548523206751,0.5078294456979741
7,train,1715.5681818181818,4.696969696969697,0.5063291139240507,0.5033123321537792
7,train,1734.0151515151513,4.7474747474747465,0.5021097046413503,0.4999608175328841
7,train,1752.462121212121,4.797979797979798,0.49789029535864987,0.49639147010504026
7,train,1770.9090909090908,4.848484848484848,0.49367088607594944,0.49122524471186585
7,train,1789.3560606060605,4.898989898989899,0.489451476793249,0.4887482292282325
7,train,1807.8030303030303,4.949494949494949,0.489451476793249,0.4870852527744664
7,train,1826.25,5.0,0.4852320675105486,0.48403988132621617
7,val,0.0,0.0,1.0,1.0
7,val,18.446969696969695,0.050505050505050504,1.0,0.9876385928096144
7,val,36.89393939393939,0.10101010101010101,1.0,0.9837380880055027
7,val,55.340909090909086,0.1515151515151515,1.0,0.9800484816540844
7,val,73.78787878787878,0.20202020202020202,0.9666666666666667,0.9747149666455005
7,val,92.23484848484847,0.2525252525252525,0.9666666666666667,0.9731729764717527
7,val,110.68181818181817,0.303030303030303,0.9666666666666667,0.971633436824715
7,val,129.12878787878788,0.35353535353535354,0.9666666666666667,0.9696012140612714
7,val,147.57575757575756,0.40404040404040403,0.9333333333333333,0.9669464593631393
7,val,166.02272727272725,0.4545454545454545,0.9,0.9591173920399282
7,val,184.46969696969694,0.505050505050505,0.9,0.955059958955087
7,val,202.91666666666666,0.5555555555555556,0.9,0.9446024682537472
7,val,221.36363636363635,0.606060606060606,0.9,0.9420328960794816
7,val,239.81060606060603,0.6565656565656565,0.9,0.9354995900546853
7,val,258.25757575757575,0.7070707070707071,0.9,0.9327211995881348
7,val,276.70454545454544,0.7575757575757576,0.9,0.9290534401559928
7,val,295.1515151515151,0.8080808080808081,0.9,0.9158261769029356
7,val,313.5984848484848,0.8585858585858585,0.9,0.8907612091698198
7,val,332.0454545454545,0.909090909090909,0.9,0.8842112893353816
7,val,350.4924242424242,0.9595959595959594,0.9,0.8719792631371326
7,val,368.9393939393939,1.01010101010101,0.8666666666666667,0.8614602392264153
7,val,387.3863636363636,1.0606060606060606,0.8666666666666667,0.8490108083622899
7,val,405.8333333333333,1.1111111111111112,0.8666666666666667,0.8434186923132846
7,val,424.280303030303,1.1616161616161615,0.8666666666666667,0.8240185317016593
7,val,442.7272727272727,1.212121212121212,0.8666666666666667,0.8178363689430498
7,val,461.1742424242424,1.2626262626262625,0.8666666666666667,0.8099945851539272
7,val,479.62121212121207,1.313131313131313,0.8666666666666667,0.8057841159673367
7,val,498.06818181818176,1.3636363636363635,0.8666666666666667,0.8008245927442953
7,val,516.5151515151515,1.4141414141414141,0.8666666666666667,0.7980889478705954
7,val,534.9621212121211,1.4646464646464645,0.8666666666666667,0.7961617765546376
7,val,553.4090909090909,1.5151515151515151,0.8666666666666667,0.7924198410080682
7,val,571.8560606060605,1.5656565656565653,0.8333333333333334,0.7825035818492957
7,val,590.3030303030303,1.6161616161616161,0.8333333333333334,0.7811725647116033
7,val,608.75,1.6666666666666667,0.8333333333333334,0.7798438220505997
7,val,627.1969696969696,1.717171717171717,0.8,0.7769324829448415
7,val,645.6439393939394,1.7676767676767677,0.8,0.7667569734069978
7,val,664.090909090909,1.818181818181818,0.8,0.7561933837643349
7,val,682.5378787878788,1.8686868686868685,0.8,0.7539250320574592
7,val,700.9848484848484,1.919191919191919,0.8,0.7445370030438784
7,val,719.4318181818181,1.9696969696969695,0.8,0.7325327776274508
7,val,737.8787878787878,2.02020202020202,0.8,0.731046704311789
7,val,756.3257575757575,2.0707070707070705,0.8,0.7295636597320581
7,val,774.7727272727273,2.121212121212121,0.7333333333333334,0.7275078055384206
7,val,793.2196969696969,2.1717171717171713,0.7333333333333334,0.7206748192964323
7,val,811.6666666666666,2.2222222222222223,0.7333333333333334,0.714288111811393
7,val,830.1136363636363,2.2727272727272725,0.7333333333333334,0.7125730397898317
7,val,848.560606060606,2.323232323232323,0.7333333333333334,0.70670555111239
7,val,867.0075757575756,2.3737373737373733,0.7333333333333334,0.697003792466852
7,val,885.4545454545454,2.424242424242424,0.7333333333333334,0.6895195186480098
7,val,903.9015151515151,2.4747474747474745,0.7333333333333334,0.6876806752433152
7,val,922.3484848484848,2.525252525252525,0.7333333333333334,0.6801418190958769
7,val,940.7954545454545,2.5757575757575757,0.7333333333333334,0.6688755265180688
7,val,959.2424242424241,2.626262626262626,0.7333333333333334,0.6659015196197653
7,val,977.6893939393939,2.6767676767676765,0.7333333333333334,0.6590311555377043
7,val,996.1363636363635,2.727272727272727,0.7333333333333334,0.6491581433272179
7,val,1014.5833333333333,2.7777777777777777,0.7333333333333334,0.6431342494354477
7,val,1033.030303030303,2.8282828282828283,0.7333333333333334,0.6397029034341125
7,val,1051.4772727272727,2.878787878787879,0.7333333333333334,0.6324446474434146
7,val,1069.9242424242423,2.929292929292929,0.7000000000000001,0.6270868420406456
7,val,1088.371212121212,2.9797979797979797,0.7000000000000001,0.6213022316197264
7,val,1106.8181818181818,3.0303030303030303,0.7000000000000001,0.6162804716561204
7,val,1125.2651515151515,3.080808080808081,0.7000000000000001,0.6048755861086865
7,val,1143.712121212121,3.1313131313131306,0.7000000000000001,0.6008810996356554
7,val,1162.1590909090908,3.181818181818181,0.7000000000000001,0.5988943293404131
7,val,1180.6060606060605,3.2323232323232323,0.7000000000000001,0.595508992985939
7,val,1199.0530303030303,3.282828282828283,0.7000000000000001,0.5852976472650362
7,val,1217.5,3.3333333333333335,0.7000000000000001,0.5832510868561618
7,val,1235.9469696969695,3.383838383838383,0.7000000000000001,0.5812601491884488
7,val,1254.3939393939393,3.434343434343434,0.7000000000000001,0.5795299732693561
7,val,1272.840909090909,3.4848484848484844,0.6666666666666667,0.5778049715661285
7,val,1291.2878787878788,3.5353535353535355,0.6666666666666667,0.5698655133817776
7,val,1309.7348484848483,3.585858585858585,0.6666666666666667,0.5657780174499184
7,val,1328.181818181818,3.636363636363636,0.6000000000000001,0.5639643038841624
7,val,1346.6287878787878,3.6868686868686864,0.6000000000000001,0.562977769642598
7,val,1365.0757575757575,3.737373737373737,0.6000000000000001,0.5619929692583258
7,val,1383.5227272727273,3.7878787878787876,0.5666666666666668,0.5610098996706228
7,val,1401.9696969696968,3.838383838383838,0.5666666666666668,0.5580458728459663
7,val,1420.4166666666665,3.8888888888888884,0.5666666666666668,0.5553095275861271
7,val,1438.8636363636363,3.939393939393939,0.5666666666666668,0.553941988867314
7,val,1457.310606060606,3.9898989898989896,0.5666666666666668,0.5525778337974614
7,val,1475.7575757575755,4.04040404040404,0.5666666666666668,0.5478822029211959
7,val,1494.2045454545453,4.090909090909091,0.5666666666666668,0.5431024594603746
7,val,1512.651515151515,4.141414141414141,0.5333333333333334,0.5419200104449693
7,val,1531.0984848484848,4.191919191919192,0.5333333333333334,0.5407401480191356
7,val,1549.5454545454545,4.242424242424242,0.5333333333333334,0.5395628664997661
7,val,1567.992424242424,4.292929292929292,0.5000000000000001,0.53632357541005
7,val,1586.4393939393938,4.3434343434343425,0.5000000000000001,0.533304958089098
7,val,1604.8863636363635,4.393939393939394,0.5000000000000001,0.5302855233833301
7,val,1623.3333333333333,4.444444444444445,0.5000000000000001,0.5248546951637355
7,val,1641.780303030303,4.494949494949495,0.5000000000000001,0.5210819799253887
7,val,1660.2272727272725,4.545454545454545,0.5000000000000001,0.5180430093046143
7,val,1678.6742424242423,4.595959595959595,0.5000000000000001,0.5125248015982309
7,val,1697.121212121212,4.646464646464646,0.5000000000000001,0.5105268084125425
7,val,1715.5681818181818,4.696969696969697,0.5000000000000001,0.5060199476637174
7,val,1734.0151515151513,4.7474747474747465,0.5000000000000001,0.5026758229760625
7,val,1752.462121212121,4.797979797979798,0.5000000000000001,0.49911414086273787
7,val,1770.9090909090908,4.848484848484848,0.5000000000000001,0.4939586329068483
7,val,1789.3560606060605,4.898989898989899,0.5000000000000001,0.4914865966629962
7,val,1807.8030303030303,4.949494949494949,0.5000000000000001,0.4898269047855459
7,val,1826.25,5.0,0.5000000000000001,0.48678742632674094
7,test,0.0,0.0,1.0,1.0
7,test,18.446969696969695,0.050505050505050504,0.9666666666666667,0.9873685737230566
7,test,36.89393939393939,0.10101010101010101,0.9666666666666667,0.9833835930856734
7,test,55.340909090909086,0.1515151515151515,0.9666666666666667,0.9796144009776193
7,test,73.78787878787878,0.20202020202020202,0.9666666666666667,0.9741663972817736
7,test,92.23484848484847,0.2525252525252525,0.9666666666666667,0.9725914299562792
7,test,110.68181818181817,0.303030303030303,0.9333333333333333,0.9710190207822998
7,test,129.12878787878788,0.35353535353535354,0.9333333333333333,0.9689434942222985
7,test,147.57575757575756,0.40404040404040403,0.9333333333333333,0.9662323158258217
7,test,166.02272727272725,0.4545454545454545,0.9333333333333333,0.9582378138666227
7,test,184.46969696969694,0.505050505050505,0.9333333333333333,0.9540952125268861
7,test,202.91666666666666,0.5555555555555556,0.9333333333333333,0.9434200154014821
7,test,221.36363636363635,0.606060606060606,0.9333333333333333,0.9407973493126475
7,test,239.81060606060603,0.6565656565656565,0.9,0.934129764035075
7,test,258.25757575757575,0.7070707070707071,0.8666666666666667,0.9312945817657067
7,test,276.70454545454544,0.7575757575757576,0.8666666666666667,0.9275521382655693
7,test,295.1515151515151,0.8080808080808081,0.8666666666666667,0.9140582680759557
7,test,313.5984848484848,0.8585858585858585,0.8666666666666667,0.8884999986327119
7,test,332.0454545454545,0.909090909090909,0.8333333333333334,0.8818237804109196
7,test,350.4924242424242,0.9595959595959594,0.8333333333333334,0.8693588334630358
7,test,368.9393939393939,1.01010101010101,0.8333333333333334,0.8586426062181693
7,test,387.3863636363636,1.0606060606060606,0.8,0.8459635336525577
7,test,405.8333333333333,1.1111111111111112,0.8,0.8402696037527939
7,test,424.280303030303,1.1616161616161615,0.8,0.8205227546886772
7,test,442.7272727272727,1.212121212121212,0.8,0.8142322683604072
7,test,461.1742424242424,1.2626262626262625,0.8,0.8062545989187407
7,test,479.62121212121207,1.313131313131313,0.8,0.8019718744404893
7,test,498.06818181818176,1.3636363636363635,0.8,0.7969278780790039
7,test,516.5151515151515,1.4141414141414141,0.8,0.7941459343783865
7,test,534.9621212121211,1.4646464646464645,0.7333333333333334,0.7921862739502351
7,test,553.4090909090909,1.5151515151515151,0.7333333333333334,0.7883815557427423
7,test,571.8560606060605,1.5656565656565653,0.7333333333333334,0.7783008515763902
7,test,590.3030303030303,1.6161616161616161,0.7333333333333334,0.7769479764735792
7,test,608.75,1.6666666666666667,0.7000000000000001,0.7755974641696486
7,test,627.1969696969696,1.717171717171717,0.6666666666666667,0.7726386051771464
7,test,645.6439393939394,1.7676767676767677,0.6666666666666667,0.7622989441347517
7,test,664.090909090909,1.818181818181818,0.6666666666666667,0.7515681606444464
7,test,682.5378787878788,1.8686868686868685,0.6666666666666667,0.7492643386719116
7,test,700.9848484848484,1.919191919191919,0.6666666666666667,0.739731147716
7,test,719.4318181818181,1.9696969696969695,0.6666666666666667,0.7275451932843151
7,test,737.8787878787878,2.02020202020202,0.6666666666666667,0.7260369290781139
7,test,756.3257575757575,2.0707070707070705,0.6666666666666667,0.724531806582045
7,test,774.7727272727273,2.121212121212121,0.6666666666666667,0.7224454593073065
7,test,793.2196969696969,2.1717171717171713,0.6666666666666667,0.715512064963156
7,test,811.6666666666666,2.2222222222222223,0.6666666666666667,0.7090328242389012
7,test,830.1136363636363,2.2727272727272725,0.6333333333333334,0.7072931217571811
7,test,848.560606060606,2.323232323232323,0.6333333333333334,0.7013420721412721
7,test,867.0075757575756,2.3737373737373733,0.6333333333333334,0.6915045536016927
7,test,885.4545454545454,2.424242424242424,0.6333333333333334,0.683917620867908
7,test,903.9015151515151,2.4747474747474745,0.6333333333333334,0.6820538332455979
7,test,922.3484848484848,2.525252525252525,0.6333333333333334,0.6744138688673758
7,test,940.7954545454545,2.5757575757575757,0.6333333333333334,0.6629999805580922
7,test,959.2424242424241,2.626262626262626,0.6333333333333334,0.6599877199286203
7,test,977.6893939393939,2.6767676767676765,0.6333333333333334,0.6530301262966727
7,test,996.1363636363635,2.727272727272727,0.6333333333333334,0.6430345793735908
7,test,1014.5833333333333,2.7777777777777777,0.6333333333333334,0.6369375734256889
7,test,1033.030303030303,2.8282828282828283,0.6333333333333334,0.6334651459330306
7,test,1051.4772727272727,2.878787878787879,0.6333333333333334,0.6261213532277441
7,test,1069.9242424242423,2.929292929292929,0.6333333333333334,0.6207016038857718
7,test,1088.371212121212,2.9797979797979797,0.6333333333333334,0.6148512667740095
7,test,1106.8181818181818,3.0303030303030303,0.6000000000000001,0.609773425753207
7,test,1125.2651515151515,3.080808080808081,0.6000000000000001,0.5982445904238538
7,test,1143.712121212121,3.1313131313131306,0.6000000000000001,0.5942078250370616
7,test,1162.1590909090908,3.181818181818181,0.6000000000000001,0.592200247194308
7,test,1180.6060606060605,3.2323232323232323,0.6000000000000001,0.5887797960673119
7,test,1199.0530303030303,3.282828282828283,0.6000000000000001,0.5784651500974979
7,test,1217.5,3.3333333333333335,0.5666666666666668,0.5763983633535816
7,test,1235.9469696969695,3.383838383838383,0.5666666666666668,0.5743879031677573
7,test,1254.3939393939393,3.434343434343434,0.5333333333333334,0.5726408854934905
7,test,1272.840909090909,3.4848484848484844,0.5333333333333334,0.570899207372459
7,test,1291.2878787878788,3.5353535353535355,0.5333333333333334,0.5628844842768336
7,test,1309.7348484848483,3.585858585858585,0.5333333333333334,0.5587592013192739
7,test,1328.181818181818,3.636363636363636,0.5333333333333334,0.556928931870648
7,test,1346.6287878787878,3.6868686868686864,0.5333333333333334,0.5559334470716812
7,test,1365.0757575757575,3.737373737373737,0.5000000000000001,0.5549397503802188
7,test,1383.5227272727273,3.7878787878787876,0.5000000000000001,0.5539478385702172
7,test,1401.9696969696968,3.838383838383838,0.5000000000000001,0.5509573849868694
7,test,1420.4166666666665,3.8888888888888884,0.5000000000000001,0.5481969550475901
7,test,1438.8636363636363,3.939393939393939,0.5000000000000001,0.5468174923281068
7,test,1457.310606060606,3.9898989898989896,0.5000000000000001,0.545441517871286
7,test,1475.7575757575755,4.04040404040404,0.5000000000000001,0.5407057788904902
7,test,1494.2045454545453,4.090909090909091,0.5000000000000001,0.5358861316115081
7,test,1512.651515151515,4.141414141414141,0.5000000000000001,0.5346939554363254
7,test,1531.0984848484848,4.191919191919192,0.5000000000000001,0.5335044445194069
7,test,1549.5454545454545,4.242424242424242,0.5000000000000001,0.5323175928757835
7,test,1567.992424242424,4.292929292929292,0.5000000000000001,0.5290522657838364
7,test,1586.4393939393938,4.3434343434343425,0.5000000000000001,0.5260097790005512
7,test,1604.8863636363635,4.393939393939394,0.5000000000000001,0.5229668496678685
7,test,1623.3333333333333,4.444444444444445,0.5000000000000001,0.5174947299837619
7,test,1641.780303030303,4.494949494949495,0.5000000000000001,0.5136940669905911
7,test,1660.2272727272725,4.545454545454545,0.5000000000000001,0.5106330266993158
7,test,1678.6742424242423,4.595959595959595,0.5000000000000001,0.5050757619967224
7,test,1697.121212121212,4.646464646464646,0.5000000000000001,0.5030639530589174
7,test,1715.5681818181818,4.696969696969697,0.5000000000000001,0.4985265689368897
7,test,1734.0151515151513,4.7474747474747465,0.5000000000000001,0.49516037310780714
7,test,1752.462121212121,4.797979797979798,0.5000000000000001,0.4915757289155323
7,test,1770.9090909090908,4.848484848484848,0.5000000000000001,0.48638798702065117
7,test,1789.3560606060605,4.898989898989899,0.5000000000000001,0.4839009188967173
7,test,1807.8030303030303,4.949494949494949,0.5000000000000001,0.4822312899989949
7,test,1826.25,5.0,0.5000000000000001,0.47917393812476583
8,train,0.0,0.0,1.0,1.0
8,train,18.446969696969695,0.050505050505050504,0.9873949579831933,0.9834307145474767
8,train,36.89393939393939,0.10101010101010101,0.9831932773109244,0.9794875445520111
8,train,55.340909090909086,0.1515151515151515,0.9789915966386555,0.9750168994408176
8,train,73.78787878787878,0.20202020202020202,0.9663865546218489,0.9661469477591195
8,train,92.23484848484847,0.2525252525252525,0.9663865546218489,0.9639981508572784
8,train,110.68181818181817,0.303030303030303,0.96218487394958,0.9611779174838669
8,train,129.12878787878788,0.35353535353535354,0.9579831932773111,0.9557390940509033
8,train,147.57575757575756,0.40404040404040403,0.9579831932773111,0.9504226274264439
8,train,166.02272727272725,0.4545454545454545,0.9453781512605043,0.9438695630772796
8,train,184.46969696969694,0.505050505050505,0.9453781512605043,0.9418338004053706
8,train,202.91666666666666,0.5555555555555556,0.9369747899159665,0.9360301479447444
8,train,221.36363636363635,0.606060606060606,0.9369747899159665,0.9334509419696864
8,train,239.81060606060603,0.6565656565656565,0.9243697478991598,0.9228118119155667
8,train,258.25757575757575,0.7070707070707071,0.9201680672268909,0.920297071748065
8,train,276.70454545454544,0.7575757575757576,0.9201680672268909,0.916224540135401
8,train,295.1515151515151,0.8080808080808081,0.9033613445378154,0.902926445236378
8,train,313.5984848484848,0.8585858585858585,0.8781512605042018,0.8777511182280003
8,train,332.0454545454545,0.909090909090909,0.869747899159664,0.867451461403068
8,train,350.4924242424242,0.9595959595959594,0.8571428571428573,0.8546862275125082
8,train,368.9393939393939,1.01010101010101,0.8487394957983195,0.8453351741580524
8,train,387.3863636363636,1.0606060606060606,0.831932773109244,0.8316082974521127
8,train,405.8333333333333,1.1111111111111112,0.8277310924369751,0.8259900321214508
8,train,424.280303030303,1.1616161616161615,0.8151260504201684,0.8133899359444249
8,train,442.7272727272727,1.212121212121212,0.8109243697478995,0.8086945452031299
8,train,461.1742424242424,1.2626262626262625,0.8025210084033617,0.8020409881623667
8,train,479.62121212121207,1.313131313131313,0.8025210084033617,0.8005519655957112
8,train,498.06818181818176,1.3636363636363635,0.8025210084033617,0.7990657414998359
8,train,516.5151515151515,1.4141414141414141,0.7983193277310928,0.7953312846152365
8,train,534.9621212121211,1.4646464646464645,0.7899159663865549,0.789452225438459
8,train,553.4090909090909,1.5151515151515151,0.785714285714286,0.7831688596282008
8,train,571.8560606060605,1.5656565656565653,0.7689075630252105,0.7687074524999267
8,train,590.3030303030303,1.6161616161616161,0.7689075630252105,0.7657354310707868
8,train,608.75,1.6666666666666667,0.7647058823529416,0.7617044532916308
8,train,627.1969696969696,1.717171717171717,0.7521008403361349,0.7508954232191645
8,train,645.6439393939394,1.7676767676767677,0.7436974789915971,0.740688275150811
8,train,664.090909090909,1.818181818181818,0.7310924369747904,0.7300930412145348
8,train,682.5378787878788,1.8686868686868685,0.7310924369747904,0.7278194402210056
8,train,700.9848484848484,1.919191919191919,0.7226890756302525,0.7214370133400959
8,train,719.4318181818181,1.9696969696969695,0.7184873949579836,0.7189654429478375
8,train,737.8787878787878,2.02020202020202,0.7184873949579836,0.7174744167678393
8,train,756.3257575757575,2.0707070707070705,0.7184873949579836,0.7159865211851489
8,train,774.7727272727273,2.121212121212121,0.7142857142857147,0.7139244433232991
8,train,793.2196969696969,2.1717171717171713,0.7100840336134459,0.7076611433741985
8,train,811.6666666666666,2.2222222222222223,0.705882352941177,0.7027356014669677
8,train,830.1136363636363,2.2727272727272725,0.7016806722689081,0.6996149546806506
8,train,848.560606060606,2.323232323232323,0.6932773109243703,0.6930529312553757
8,train,867.0075757575756,2.3737373737373733,0.6848739495798325,0.68331044247049
8,train,885.4545454545454,2.424242424242424,0.6764705882352946,0.6757933709599041
8,train,903.9015151515151,2.4747474747474745,0.6764705882352946,0.6739464618872765
8,train,922.3484848484848,2.525252525252525,0.6680672268907568,0.6663710037180728
8,train,940.7954545454545,2.5757575757575757,0.6554621848739501,0.655047925011781
8,train,959.2424242424241,2.626262626262626,0.6554621848739501,0.6520583693310249
8,train,977.6893939393939,2.6767676767676765,0.6470588235294124,0.6458360103601479
8,train,996.1363636363635,2.727272727272727,0.6428571428571435,0.6394419012999759
8,train,1014.5833333333333,2.7777777777777777,0.6386554621848746,0.6369853932938284
8,train,1033.030303030303,2.8282828282828283,0.6344537815126057,0.6341590164505719
8,train,1051.4772727272727,2.878787878787879,0.6302521008403368,0.6286942511986356
8,train,1069.9242424242423,2.929292929292929,0.6260504201680679,0.6257065119429567
8,train,1088.371212121212,2.9797979797979797,0.621848739495799,0.6198936825015042
8,train,1106.8181818181818,3.0303030303030303,0.6134453781512612,0.6129035816944852
8,train,1125.2651515151515,3.080808080808081,0.6050420168067234,0.603400292941579
8,train,1143.712121212121,3.1313131313131306,0.6008403361344545,0.599968300108215
8,train,1162.1590909090908,3.181818181818181,0.6008403361344545,0.5986486508965704
8,train,1180.6060606060605,3.2323232323232323,0.6008403361344545,0.5973319409426369
8,train,1199.0530303030303,3.282828282828283,0.5924369747899167,0.5908289494018143
8,train,1217.5,3.3333333333333335,0.5882352941176479,0.5871762503005011
8,train,1235.9469696969695,3.383838383838383,0.584033613445379,0.5835408808569339
8,train,1254.3939393939393,3.434343434343434,0.5798319327731101,0.5795756178170404
8,train,1272.840909090909,3.4848484848484844,0.5798319327731101,0.5765716469346751
8,train,1291.2878787878788,3.5353535353535355,0.5714285714285723,0.5682445202687834
8,train,1309.7348484848483,3.585858585858585,0.5672268907563034,0.5639772575508252
8,train,1328.181818181818,3.636363636363636,0.5588235294117656,0.5573934592538226
8,train,1346.6287878787878,3.6868686868686864,0.5588235294117656,0.5554411044714521
8,train,1365.0757575757575,3.737373737373737,0.5546218487394967,0.5523057770896537
8,train,1383.5227272727273,3.7878787878787876,0.5504201680672278,0.5499226786743245
8,train,1401.9696969696968,3.838383838383838,0.5504201680672278,0.5491553742650396
8,train,1420.4166666666665,3.8888888888888884,0.5504201680672278,0.548389154101948
8,train,1438.8636363636363,3.939393939393939,0.5504201680672278,0.5476240166353348
8,train,1457.310606060606,3.9898989898989896,0.5504201680672278,0.5468599603177215
8,train,1475.7575757575755,4.04040404040404,0.5504201680672278,0.5460969836038652
8,train,1494.2045454545453,4.090909090909091,0.54201680672269,0.5414436796814702
8,train,1512.651515151515,4.141414141414141,0.54201680672269,0.54040121323768
8,train,1531.0984848484848,4.191919191919192,0.54201680672269,0.5393607794770828
8,train,1549.5454545454545,4.242424242424242,0.54201680672269,0.5383223743905875
8,train,1567.992424242424,4.292929292929292,0.5378151260504211,0.5355045749876298
8,train,1586.4393939393938,4.3434343434343425,0.5336134453781523,0.5315725859081769
8,train,1604.8863636363635,4.393939393939394,0.5294117647058834,0.5285469170705526
8,train,1623.3333333333333,4.444444444444445,0.5252100840336145,0.5231032622066281
8,train,1641.780303030303,4.494949494949495,0.5210084033613456,0.5193217171106452
8,train,1660.2272727272725,4.545454545454545,0.5168067226890767,0.5162747808752446
8,train,1678.6742424242423,4.595959595959595,0.5126050420168078,0.5107382468002596
8,train,1697.121212121212,4.646464646464646,0.5126050420168078,0.5087332824533479
8,train,1715.5681818181818,4.696969696969697,0.5084033613445389,0.5042098962060559
8,train,1734.0151515151513,4.7474747474747465,0.50420168067227,0.5008525126929504
8,train,1752.462121212121,4.797979797979798,0.5000000000000011,0.4972767557064314
8,train,1770.9090909090908,4.848484848484848,0.4957983193277322,0.49209979726028436
8,train,1789.3560606060605,4.898989898989899,0.4915966386554633,0.4896170615741047
8,train,1807.8030303030303,4.949494949494949,0.4915966386554633,0.4879501908148875
8,train,1826.25,5.0,0.48739495798319443,0.486488068076205
8,val,0.0,0.0,1.0,1.0
8,val,18.446969696969695,0.050505050505050504,1.0,0.9836353196608391
8,val,36.89393939393939,0.10101010101010101,1.0,0.9797403526675612
8,val,55.340909090909086,0.1515151515151515,1.0,0.9753241291570792
8,val,73.78787878787878,0.20202020202020202,1.0,0.9665614258242373
8,val,92.23484848484847,0.2525252525252525,1.0,0.9644384642769265
8,val,110.68181818181817,0.303030303030303,1.0,0.9616520520984805
8,val,129.12878787878788,0.35353535353535354,1.0,0.9562781730882328
8,val,147.57575757575756,0.40404040404040403,0.9666666666666667,0.9510248318903145
8,val,166.02272727272725,0.4545454545454545,0.9666666666666667,0.9445490857511184
8,val,184.46969696969694,0.505050505050505,0.9666666666666667,0.9425372318794232
8,val,202.91666666666666,0.5555555555555556,0.9666666666666667,0.9368014501182113
8,val,221.36363636363635,0.606060606060606,0.9666666666666667,0.9342522684128051
8,val,239.81060606060603,0.6565656565656565,0.9666666666666667,0.923736081954532
8,val,258.25757575757575,0.7070707070707071,0.9333333333333333,0.9212501873627345
8,val,276.70454545454544,0.7575757575757576,0.9333333333333333,0.917224195227302
8,val,295.1515151515151,0.8080808080808081,0.9333333333333333,0.9040765487554382
8,val,313.5984848484848,0.8585858585858585,0.9333333333333333,0.879179573627988
8,val,332.0454545454545,0.909090909090909,0.9333333333333333,0.868991307080513
8,val,350.4924242424242,0.9595959595959594,0.9333333333333333,0.8563620842367149
8,val,368.9393939393939,1.01010101010101,0.9,0.8471092093793948
8,val,387.3863636363636,1.0606060606060606,0.9,0.8335241914635236
8,val,405.8333333333333,1.1111111111111112,0.9,0.8279632018609957
8,val,424.280303030303,1.1616161616161615,0.8666666666666667,0.8154898762306041
8,val,442.7272727272727,1.212121212121212,0.8666666666666667,0.8108411253054254
8,val,461.1742424242424,1.2626262626262625,0.8666666666666667,0.8042530942165607
8,val,479.62121212121207,1.313131313131313,0.8333333333333334,0.8027786447743309
8,val,498.06818181818176,1.3636363636363635,0.8333333333333334,0.8013069330285622
8,val,516.5151515151515,1.4141414141414141,0.8333333333333334,0.7976087939017666
8,val,534.9621212121211,1.4646464646464645,0.8333333333333334,0.791786478745909
8,val,553.4090909090909,1.5151515151515151,0.8333333333333334,0.7855631736120124
8,val,571.8560606060605,1.5656565656565653,0.8333333333333334,0.7712376716680912
8,val,590.3030303030303,1.6161616161616161,0.8333333333333334,0.7682931744621118
8,val,608.75,1.6666666666666667,0.8333333333333334,0.7642993045346045
8,val,627.1969696969696,1.717171717171717,0.8333333333333334,0.7535884984132791
8,val,645.6439393939394,1.7676767676767677,0.8333333333333334,0.743472372413542
8,val,664.090909090909,1.818181818181818,0.8333333333333334,0.7329698145317778
8,val,682.5378787878788,1.8686868686868685,0.8333333333333334,0.7307158581311718
8,val,700.9848484848484,1.919191919191919,0.8333333333333334,0.7243881151789657
8,val,719.4318181818181,1.9696969696969695,0.8333333333333334,0.7219375368791453
8,val,737.8787878787878,2.02020202020202,0.8333333333333334,0.720459124671802
8,val,756.3257575757575,2.0707070707070705,0.8333333333333334,0.718983779010656
8,val,774.7727272727273,2.121212121212121,0.7666666666666667,0.7169390319159877
8,val,793.2196969696969,2.1717171717171713,0.7666666666666667,0.7107279267789065
8,val,811.6666666666666,2.2222222222222223,0.7333333333333334,0.7058429579399945
8,val,830.1136363636363,2.2727272727272725,0.7333333333333334,0.702747799465074
8,val,848.560606060606,2.323232323232323,0.7333333333333334,0.696238818279516
8,val,867.0075757575756,2.3737373737373733,0.7333333333333334,0.6865736814433568
8,val,885.4545454545454,2.424242424242424,0.7333333333333334,0.6791151364657059
8,val,903.9015151515151,2.4747474747474745,0.7333333333333334,0.677282451417732
8,val,922.3484848484848,2.525252525252525,0.7333333333333334,0.6697646876856199
8,val,940.7954545454545,2.5757575757575757,0.7333333333333334,0.6585258806251942
8,val,959.2424242424241,2.626262626262626,0.7333333333333334,0.6555581772082311
8,val,977.6893939393939,2.6767676767676765,0.7333333333333334,0.6493807625306428
8,val,996.1363636363635,2.727272727272727,0.7333333333333334,0.6430320743452946
8,val,1014.5833333333333,2.7777777777777777,0.7000000000000001,0.6405928086699675
8,val,1033.030303030303,2.8282828282828283,0.7000000000000001,0.6377861267944661
8,val,1051.4772727272727,2.878787878787879,0.7000000000000001,0.6323590035165088
8,val,1069.9242424242423,2.929292929292929,0.6333333333333334,0.6293915985093904
8,val,1088.371212121212,2.9797979797979797,0.6333333333333334,0.6236178289633679
8,val,1106.8181818181818,3.0303030303030303,0.6333333333333334,0.6166738134272457
8,val,1125.2651515151515,3.080808080808081,0.6333333333333334,0.607231608631369
8,val,1143.712121212121,3.1313131313131306,0.6333333333333334,0.6038212255280888
8,val,1162.1590909090908,3.181818181818181,0.6333333333333334,0.6025098214747743
8,val,1180.6060606060605,3.2323232323232323,0.6333333333333334,0.6012013027115521
8,val,1199.0530303030303,3.282828282828283,0.6333333333333334,0.594738241613087
8,val,1217.5,3.3333333333333335,0.6333333333333334,0.5911075861295474
8,val,1235.9469696969695,3.383838383838383,0.6333333333333334,0.5874938783939124
8,val,1254.3939393939393,3.434343434343434,0.6333333333333334,0.5835519251653282
8,val,1272.840909090909,3.4848484848484844,0.6000000000000001,0.580565391103764
8,val,1291.2878787878788,3.5353535353535355,0.6000000000000001,0.572285589957066
8,val,1309.7348484848483,3.585858585858585,0.6000000000000001,0.568041998523175
8,val,1328.181818181818,3.636363636363636,0.5666666666666668,0.5614939404495746
8,val,1346.6287878787878,3.6868686868686864,0.5666666666666668,0.5595520003244784
8,val,1365.0757575757575,3.737373737373737,0.5666666666666668,0.5564332209134618
8,val,1383.5227272727273,3.7878787878787876,0.5666666666666668,0.5540625535375415
8,val,1401.9696969696968,3.838383838383838,0.5666666666666668,0.5532992245652449
8,val,1420.4166666666665,3.8888888888888884,0.5666666666666668,0.5525369610257305
8,val,1438.8636363636363,3.939393939393939,0.5666666666666668,0.5517757614139072
8,val,1457.310606060606,3.9898989898989896,0.5666666666666668,0.5510156242268326
8,val,1475.7575757575755,4.04040404040404,0.5333333333333334,0.5502565479637117
8,val,1494.2045454545453,4.090909090909091,0.5333333333333334,0.5456267469997463
8,val,1512.651515151515,4.141414141414141,0.5000000000000001,0.5445894783340302
8,val,1531.0984848484848,4.191919191919192,0.5000000000000001,0.5435542074645595
8,val,1549.5454545454545,4.242424242424242,0.5000000000000001,0.542520930496966
8,val,1567.992424242424,4.292929292929292,0.5000000000000001,0.539716921920154
8,val,1586.4393939393938,4.3434343434343425,0.5000000000000001,0.5358038704480096
8,val,1604.8863636363635,4.393939393939394,0.5000000000000001,0.5327925296207342
8,val,1623.3333333333333,4.444444444444445,0.5000000000000001,0.5273741132416613
8,val,1641.780303030303,4.494949494949495,0.5000000000000001,0.5236096887265991
8,val,1660.2272727272725,4.545454545454545,0.5000000000000001,0.5205762995457893
8,val,1678.6742424242423,4.595959595959595,0.5000000000000001,0.5150638111647728
8,val,1697.121212121212,4.646464646464646,0.5000000000000001,0.5130673717631697
8,val,1715.5681818181818,4.696969696969697,0.5000000000000001,0.5085628585999431
8,val,1734.0151515151513,4.7474747474747465,0.5000000000000001,0.5052191584610894
8,val,1752.462121212121,4.797979797979798,0.5000000000000001,0.5016576681305508
8,val,1770.9090909090908,4.848484848484848,0.5000000000000001,0.49650079945939296
8,val,1789.3560606060605,4.898989898989899,0.5000000000000001,0.49402745912983487
8,val,1807.8030303030303,4.949494949494949,0.5000000000000001,0.4923668086959324
8,val,1826.25,5.0,0.5000000000000001,0.4909100840606334
8,test,0.0,0.0,1.0,1.0
8,test,18.446969696969695,0.050505050505050504,1.0,0.9839033295970186
8,test,36.89393939393939,0.10101010101010101,1.0,0.9800716286812376
8,test,55.340909090909086,0.1515151515151515,1.0,0.9757268921403607
8,test,73.78787878787878,0.20202020202020202,1.0,0.9671052544083784
8,test,92.23484848484847,0.2525252525252525,1.0,0.9650163121701297
8,test,110.68181818181817,0.303030303030303,1.0,0.9622744572516871
8,test,129.12878787878788,0.35353535353535354,1.0,0.9569862104088874
8,test,147.57575757575756,0.40404040404040403,1.0,0.9518161951149346
8,test,166.02272727272725,0.4545454545454545,1.0,0.9454426356174651
8,test,184.46969696969694,0.505050505050505,0.9655172413793104,0.9434624090764024
8,test,202.91666666666666,0.5555555555555556,0.9310344827586208,0.9378164835864888
8,test,221.36363636363635,0.606060606060606,0.9310344827586208,0.9353070876884216
8,test,239.81060606060603,0.6565656565656565,0.9310344827586208,0.9249540498029357
8,test,258.25757575757575,0.7070707070707071,0.9310344827586208,0.9225064891955342
8,test,276.70454545454544,0.7575757575757576,0.9310344827586208,0.9185423903958166
8,test,295.1515151515151,0.8080808080808081,0.9310344827586208,0.9055952183486301
8,test,313.5984848484848,0.8585858585858585,0.9310344827586208,0.881070812215227
8,test,332.0454545454545,0.909090909090909,0.9310344827586208,0.8710322826003293
8,test,350.4924242424242,0.9595959595959594,0.9310344827586208,0.8585864244643492
8,test,368.9393939393939,1.01010101010101,0.8965517241379312,0.8494662893839995
8,test,387.3863636363636,1.0606060606060606,0.8965517241379312,0.8360736591118657
8,test,405.8333333333333,1.1111111111111112,0.8965517241379312,0.8305905527108045
8,test,424.280303030303,1.1616161616161615,0.8620689655172415,0.8182900516337827
8,test,442.7272727272727,1.212121212121212,0.8620689655172415,0.8137050430557411
8,test,461.1742424242424,1.2626262626262625,0.8620689655172415,0.8072067157894606
8,test,479.62121212121207,1.313131313131313,0.8620689655172415,0.8057522409851597
8,test,498.06818181818176,1.3636363636363635,0.8620689655172415,0.8043004295002021
8,test,516.5151515151515,1.4141414141414141,0.8275862068965518,0.8006521310521815
8,test,534.9621212121211,1.4646464646464645,0.8275862068965518,0.7949078034758078
8,test,553.4090909090909,1.5151515151515151,0.8275862068965518,0.7887672009831079
8,test,571.8560606060605,1.5656565656565653,0.8275862068965518,0.7746294608432444
8,test,590.3030303030303,1.6161616161616161,0.8275862068965518,0.7717230996618294
8,test,608.75,1.6666666666666667,0.8275862068965518,0.7677807049537965
8,test,627.1969696969696,1.717171717171717,0.8275862068965518,0.7572065002079573
8,test,645.6439393939394,1.7676767676767677,0.8275862068965518,0.74721743113527
8,test,664.090909090909,1.818181818181818,0.8275862068965518,0.736844733718111
8,test,682.5378787878788,1.8686868686868685,0.8275862068965518,0.7346183710020862
8,test,700.9848484848484,1.919191919191919,0.7931034482758622,0.7283675680398745
8,test,719.4318181818181,1.9696969696969695,0.724137931034483,0.7259465768679739
8,test,737.8787878787878,2.02020202020202,0.724137931034483,0.7244859573222048
8,test,756.3257575757575,2.0707070707070705,0.724137931034483,0.7230283245277331
8,test,774.7727272727273,2.121212121212121,0.724137931034483,0.7210080554386762
8,test,793.2196969696969,2.1717171717171713,0.724137931034483,0.7148707954827072
8,test,811.6666666666666,2.2222222222222223,0.724137931034483,0.7100433629460856
8,test,830.1136363636363,2.2727272727272725,0.724137931034483,0.7069844108627972
8,test,848.560606060606,2.323232323232323,0.724137931034483,0.7005509342453342
8,test,867.0075757575756,2.3737373737373733,0.724137931034483,0.6909963051630027
8,test,885.4545454545454,2.424242424242424,0.724137931034483,0.6836217057447475
8,test,903.9015151515151,2.4747474747474745,0.724137931034483,0.6818094677375225
8,test,922.3484848484848,2.525252525252525,0.724137931034483,0.6743748291198874
8,test,940.7954545454545,2.5757575757575757,0.724137931034483,0.6632580145411349
8,test,959.2424242424241,2.626262626262626,0.724137931034483,0.6603220627375225
8,test,977.6893939393939,2.6767676767676765,0.724137931034483,0.6542101141350223
8,test,996.1363636363635,2.727272727272727,0.6896551724137933,0.6479278166368989
8,test,1014.5833333333333,2.7777777777777777,0.6896551724137933,0.6455138169705289
8,test,1033.030303030303,2.8282828282828283,0.6896551724137933,0.6427360391208041
8,test,1051.4772727272727,2.878787878787879,0.6896551724137933,0.6373642934652505
8,test,1069.9242424242423,2.929292929292929,0.6896551724137933,0.6344268796912997
8,test,1088.371212121212,2.9797979797979797,0.6896551724137933,0.6287108765413115
8,test,1106.8181818181818,3.0303030303030303,0.6896551724137933,0.6218352952868621
8,test,1125.2651515151515,3.080808080808081,0.6551724137931035,0.6124842949439727
8,test,1143.712121212121,3.1313131313131306,0.6551724137931035,0.6091063224529961
8,test,1162.1590909090908,3.181818181818181,0.6551724137931035,0.607807305595077
8,test,1180.6060606060605,3.2323232323232323,0.6206896551724139,0.6065111046643615
8,test,1199.0530303030303,3.282828282828283,0.5862068965517242,0.6001082632275757
8,test,1217.5,3.3333333333333335,0.5862068965517242,0.5965109799040191
8,test,1235.9469696969695,3.383838383838383,0.5862068965517242,0.5929301593154687
8,test,1254.3939393939393,3.434343434343434,0.5862068965517242,0.589023702979225
8,test,1272.840909090909,3.4848484848484844,0.5862068965517242,0.5860637981390969
8,test,1291.2878787878788,3.5353535353535355,0.5862068965517242,0.5778566192348925
8,test,1309.7348484848483,3.585858585858585,0.5862068965517242,0.5736495548206684
8,test,1328.181818181818,3.636363636363636,0.5862068965517242,0.5671569246556843
8,test,1346.6287878787878,3.6868686868686864,0.5862068965517242,0.5652312024678924
8,test,1365.0757575757575,3.737373737373737,0.5862068965517242,0.5621382566941288
8,test,1383.5227272727273,3.7878787878787876,0.5862068965517242,0.5597870499276316
8,test,1401.9696969696968,3.838383838383838,0.5517241379310346,0.5590299545135436
8,test,1420.4166666666665,3.8888888888888884,0.517241379310345,0.5582738999653974
8,test,1438.8636363636363,3.939393939393939,0.517241379310345,0.5575188848299274
8,test,1457.310606060606,3.9898989898989896,0.517241379310345,0.5567649076559266
8,test,1475.7575757575755,4.04040404040404,0.517241379310345,0.5560119669942437
8,test,1494.2045454545453,4.090909090909091,0.517241379310345,0.5514192449259424
8,test,1512.651515151515,4.141414141414141,0.517241379310345,0.5503902021088012
8,test,1531.0984848484848,4.191919191919192,0.517241379310345,0.5493631113933501
8,test,1549.5454545454545,4.242424242424242,0.517241379310345,0.5483379690187921
8,test,1567.992424242424,4.292929292929292,0.4827586206896553,0.5455558847244577
8,test,1586.4393939393938,4.3434343434343425,0.4827586206896553,0.5416730589768066
8,test,1604.8863636363635,4.393939393939394,0.4827586206896553,0.5386846829970525
8,test,1623.3333333333333,4.444444444444445,0.4827586206896553,0.5333069340777004
8,test,1641.780303030303,4.494949494949495,0.4827586206896553,0.529570263457472
8,test,1660.2272727272725,4.545454545454545,0.4827586206896553,0.526558937574662
8,test,1678.6742424242423,4.595959595959595,0.4827586206896553,0.5210858500479179
8,test,1697.121212121212,4.646464646464646,0.4827586206896553,0.5191034575892339
8,test,1715.5681818181818,4.696969696969697,0.4827586206896553,0.5146301989083597
8,test,1734.0151515151513,4.7474747474747465,0.4827586206896553,0.5113093022161554
8,test,1752.462121212121,4.797979797979798,0.4827586206896553,0.5077717253673022
8,test,1770.9090909090908,4.848484848484848,0.4827586206896553,0.5026487894934966
8,test,1789.3560606060605,4.898989898989899,0.4827586206896553,0.5001914305532059
8,test,1807.8030303030303,4.949494949494949,0.4827586206896553,0.498541402767214
8,test,1826.25,5.0,0.4827586206896553,0.49709392484071685
9,train,0.0,0.0,1.0,1.0
9,train,18.446969696969695,0.050505050505050504,0.9873949579831933,0.9834262144501922
9,train,36.89393939393939,0.10101010101010101,0.9831932773109244,0.9794821437672615
9,train,55.340909090909086,0.1515151515151515,0.9789915966386555,0.9750112403363849
9,train,73.78787878787878,0.20202020202020202,0.9663865546218489,0.9661383217220769
9,train,92.23484848484847,0.2525252525252525,0.9663865546218489,0.963988715249716
9,train,110.68181818181817,0.303030303030303,0.96218487394958,0.9611673005374952
9,train,129.12878787878788,0.35353535353535354,0.9579831932773111,0.9569023050282617
9,train,147.57575757575756,0.40404040404040403,0.9579831932773111,0.954236685472899
9,train,166.02272727272725,0.4545454545454545,0.9495798319327733,0.9463771452032596
9,train,184.46969696969694,0.505050505050505,0.9453781512605044,0.942305179617964
9,train,202.91666666666666,0.5555555555555556,0.9327731092436977,0.9318108385125151
9,train,221.36363636363635,0.606060606060606,0.9327731092436977,0.9292327929993651
9,train,239.81060606060603,0.6565656565656565,0.920168067226891,0.9192595319491406
9,train,258.25757575757575,0.7070707070707071,0.920168067226891,0.9177122468697738
9,train,276.70454545454544,0.7575757575757576,0.920168067226891,0.916167570364419
9,train,295.1515151515151,0.8080808080808081,0.9075630252100844,0.9039167773493566
9,train,313.5984848484848,0.8585858585858585,0.8865546218487398,0.8865339441885635
9,train,332.0454545454545,0.909090909090909,0.8823529411764708,0.8809398945816224
9,train,350.4924242424242,0.9595959595959594,0.8781512605042019,0.8757030290559839
9,train,368.9393939393939,1.01010101010101,0.8655462184873952,0.863838963757499
9,train,387.3863636363636,1.0606060606060606,0.8487394957983196,0.8484660603622777
9,train,405.8333333333333,1.1111111111111112,0.8445378151260508,0.8428512155211573
9,train,424.280303030303,1.1616161616161615,0.8235294117647063,0.8233672606424386
9,train,442.7272727272727,1.212121212121212,0.8193277310924374,0.8171605031622872
9,train,461.1742424242424,1.2626262626262625,0.8109243697478996,0.809288805498105
9,train,479.62121212121207,1.313131313131313,0.8067226890756307,0.8050631211293304
9,train,498.06818181818176,1.3636363636363635,0.8067226890756307,0.8000856743997803
9,train,516.5151515151515,1.4141414141414141,0.7983193277310929,0.7954226756053876
9,train,534.9621212121211,1.4646464646464645,0.789915966386555,0.789543989535157
9,train,553.4090909090909,1.5151515151515151,0.7857142857142861,0.7832607525275894
9,train,571.8560606060605,1.5656565656565653,0.7731092436974795,0.7729669945609411
9,train,590.3030303030303,1.6161616161616161,0.7731092436974795,0.7699919301751005
9,train,608.75,1.6666666666666667,0.7689075630252106,0.7659587306947087
9,train,627.1969696969696,1.717171717171717,0.7605042016806728,0.75998464740439
9,train,645.6439393939394,1.7676767676767677,0.7563025210084039,0.7539432633667623
9,train,664.090909090909,1.818181818181818,0.752100840336135,0.7510535199088596
9,train,682.5378787878788,1.8686868686868685,0.752100840336135,0.7488450153529337
9,train,700.9848484848484,1.919191919191919,0.7436974789915972,0.7436455812509425
9,train,719.4318181818181,1.9696969696969695,0.7310924369747904,0.7316154275794707
9,train,737.8787878787878,2.02020202020202,0.7310924369747904,0.7298556794172618
9,train,756.3257575757575,2.0707070707070705,0.7310924369747904,0.728100170843129
9,train,774.7727272727273,2.121212121212121,0.7184873949579836,0.718620117992933
9,train,793.2196969696969,2.1717171717171713,0.7142857142857147,0.7119469710752264
9,train,811.6666666666666,2.2222222222222223,0.7100840336134459,0.707028925775181
9,train,830.1136363636363,2.2727272727272725,0.705882352941177,0.7039147611735682
9,train,848.560606060606,2.323232323232323,0.6974789915966392,0.6973644466144026
9,train,867.0075757575756,2.3737373737373733,0.6890756302521014,0.6876433455599624
9,train,885.4545454545454,2.424242424242424,0.6806722689075636,0.6801450394320997
9,train,903.9015151515151,2.4747474747474745,0.6806722689075636,0.6783030801691966
9,train,922.3484848484848,2.525252525252525,0.6722689075630258,0.6707538988403534
9,train,940.7954545454545,2.5757575757575757,0.6596638655462191,0.659473084962545
9,train,959.2424242424241,2.626262626262626,0.6596638655462191,0.656495869220534
9,train,977.6893939393939,2.6767676767676765,0.6554621848739502,0.6528729903218271
9,train,996.1363636363635,2.727272727272727,0.6470588235294125,0.6439434796254317
9,train,1014.5833333333333,2.7777777777777777,0.6386554621848747,0.6379202559057274
9,train,1033.030303030303,2.8282828282828283,0.6344537815126058,0.63449040289852
9,train,1051.4772727272727,2.878787878787879,0.6302521008403369,0.6272362371838465
9,train,1069.9242424242423,2.929292929292929,0.6218487394957991,0.6218832490968558
9,train,1088.371212121212,2.9797979797979797,0.6176470588235302,0.6161048207000905
9,train,1106.8181818181818,3.0303030303030303,0.6092436974789924,0.608907662037609
9,train,1125.2651515151515,3.080808080808081,0.6008403361344546,0.5982181338600404
9,train,1143.712121212121,3.1313131313131306,0.5966386554621858,0.5957046989241358
9,train,1162.1590909090908,3.181818181818181,0.5966386554621858,0.5937205292671566
9,train,1180.6060606060605,3.2323232323232323,0.5924369747899169,0.5903402964960803
9,train,1199.0530303030303,3.282828282828283,0.5840336134453791,0.5837323410959189
9,train,1217.5,3.3333333333333335,0.5798319327731102,0.579353058558301
9,train,1235.9469696969695,3.383838383838383,0.5756302521008413,0.5757407568396402
9,train,1254.3939393939393,3.434343434343434,0.5714285714285724,0.5718017595858114
9,train,1272.840909090909,3.4848484848484844,0.5714285714285724,0.568817708912485
9,train,1291.2878787878788,3.5353535353535355,0.5630252100840346,0.5605488011180932
9,train,1309.7348484848483,3.585858585858585,0.5588235294117657,0.5563120491661152
9,train,1328.181818181818,3.636363636363636,0.5546218487394968,0.5539127207979684
9,train,1346.6287878787878,3.6868686868686864,0.5546218487394968,0.5520217651128124
9,train,1365.0757575757575,3.737373737373737,0.5504201680672279,0.5489306398685516
9,train,1383.5227272727273,3.7878787878787876,0.546218487394959,0.5449522961451982
9,train,1401.9696969696968,3.838383838383838,0.5420168067226901,0.5403550708768383
9,train,1420.4166666666665,3.8888888888888884,0.5378151260504213,0.5377767303670663
9,train,1438.8636363636363,3.939393939393939,0.5378151260504213,0.5366338743438712
9,train,1457.310606060606,3.9898989898989896,0.5378151260504213,0.5354934510508265
9,train,1475.7575757575755,4.04040404040404,0.5378151260504213,0.5343554553013113
9,train,1494.2045454545453,4.090909090909091,0.5294117647058835,0.5296718266384979
9,train,1512.651515151515,4.141414141414141,0.5294117647058835,0.5284939326482763
9,train,1531.0984848484848,4.191919191919192,0.5294117647058835,0.5273186623855668
9,train,1549.5454545454545,4.242424242424242,0.5294117647058835,0.5261460099968136
9,train,1567.992424242424,4.292929292929292,0.5252100840336146,0.5229200425177812
9,train,1586.4393939393938,4.3434343434343425,0.5210084033613457,0.5199125537866799
9,train,1604.8863636363635,4.393939393939394,0.5168067226890768,0.516903518899299
9,train,1623.3333333333333,4.444444444444445,0.5126050420168079,0.5114924184549374
9,train,1641.780303030303,4.494949494949495,0.508403361344539,0.5079482961054272
9,train,1660.2272727272725,4.545454545454545,0.508403361344539,0.5055246990371882
9,train,1678.6742424242423,4.595959595959595,0.5042016806722701,0.5034201715824891
9,train,1697.121212121212,4.646464646464646,0.5042016806722701,0.5014313386567875
9,train,1715.5681818181818,4.696969696969697,0.5000000000000012,0.49940676891908903
9,train,1734.0151515151513,4.7474747474747465,0.5000000000000012,0.49736456368210796
9,train,1752.462121212121,4.797979797979798,0.49579831932773233,0.4942767726892735
9,train,1770.9090909090908,4.848484848484848,0.49159663865546344,0.48914438204907246
9,train,1789.3560606060605,4.898989898989899,0.48739495798319454,0.4866838546561146
9,train,1807.8030303030303,4.949494949494949,0.48739495798319454,0.48503189652474743
9,train,1826.25,5.0,0.48319327731092565,0.48358284083058317
9,val,0.0,0.0,1.0,1.0
9,val,18.446969696969695,0.050505050505050504,1.0,0.9834026321536736
9,val,36.89393939393939,0.10101010101010101,1.0,0.9794529920509427
9,val,55.340909090909086,0.1515151515151515,1.0,0.9749757952323056
9,val,73.78787878787878,0.20202020202020202,1.0,0.9660904501705073
9,val,92.23484848484847,0.2525252525252525,1.0,0.9639378459636377
9,val,110.68181818181817,0.303030303030303,1.0,0.9611125042552134
9,val,129.12878787878788,0.35353535353535354,1.0,0.9568415889642019
9,val,147.57575757575756,0.40404040404040403,0.9666666666666667,0.9541722796611519
9,val,166.02272727272725,0.4545454545454545,0.9666666666666667,0.9463019058221683
9,val,184.46969696969694,0.505050505050505,0.9666666666666667,0.9422243544171641
9,val,202.91666666666666,0.5555555555555556,0.9666666666666667,0.9317157032006339
9,val,221.36363636363635,0.606060606060606,0.9666666666666667,0.9291341613218295
9,val,239.81060606060603,0.6565656565656565,0.9666666666666667,0.9191474460608553
9,val,258.25757575757575,0.7070707070707071,0.9,0.9175980839171616
9,val,276.70454545454544,0.7575757575757576,0.9,0.9160513366176913
9,val,295.1515151515151,0.8080808080808081,0.9,0.9037842188918822
9,val,313.5984848484848,0.8585858585858585,0.8666666666666667,0.886378527914344
9,val,332.0454545454545,0.909090909090909,0.8666666666666667,0.8807771999293265
9,val,350.4924242424242,0.9595959595959594,0.8666666666666667,0.8755335554916067
9,val,368.9393939393939,1.01010101010101,0.8333333333333334,0.8636542583412692
9,val,387.3863636363636,1.0606060606060606,0.8333333333333334,0.8482618820449223
9,val,405.8333333333333,1.1111111111111112,0.8333333333333334,0.8426400003988674
9,val,424.280303030303,1.1616161616161615,0.8333333333333334,0.8231319475067661
9,val,442.7272727272727,1.212121212121212,0.8333333333333334,0.816917619622487
9,val,461.1742424242424,1.2626262626262625,0.8333333333333334,0.8090363959811433
9,val,479.62121212121207,1.313131313131313,0.8333333333333334,0.8048056328976358
9,val,498.06818181818176,1.3636363636363635,0.8333333333333334,0.7998222356126063
9,val,516.5151515151515,1.4141414141414141,0.8333333333333334,0.7951536935142072
9,val,534.9621212121211,1.4646464646464645,0.8333333333333334,0.7892680625128051
9,val,553.4090909090909,1.5151515151515151,0.8333333333333334,0.7829774568771376
9,val,571.8560606060605,1.5656565656565653,0.8333333333333334,0.7726717496170158
9,val,590.3030303030303,1.6161616161616161,0.8333333333333334,0.7696932603820806
9,val,608.75,1.6666666666666667,0.8333333333333334,0.7656554386933497
9,val,627.1969696969696,1.717171717171717,0.8333333333333334,0.7596745530833336
9,val,645.6439393939394,1.7676767676767677,0.8333333333333334,0.753626344290718
9,val,664.090909090909,1.818181818181818,0.8,0.7507333558215544
9,val,682.5378787878788,1.8686868686868685,0.8,0.7485223797814122
9,val,700.9848484848484,1.919191919191919,0.8,0.7433171564971587
9,val,719.4318181818181,1.9696969696969695,0.8,0.7312737680934486
9,val,737.8787878787878,2.02020202020202,0.8,0.7295121029201905
9,val,756.3257575757575,2.0707070707070705,0.8,0.7277546868155064
9,val,774.7727272727273,2.121212121212121,0.8,0.718264417555067
9,val,793.2196969696969,2.1717171717171713,0.8,0.7115841657076558
9,val,811.6666666666666,2.2222222222222223,0.7666666666666667,0.7066609305138805
9,val,830.1136363636363,2.2727272727272725,0.7666666666666667,0.703543500144415
9,val,848.560606060606,2.323232323232323,0.7666666666666667,0.6969863688362908
9,val,867.0075757575756,2.3737373737373733,0.7666666666666667,0.6872552839377968
9,val,885.4545454545454,2.424242424242424,0.7666666666666667,0.6797493867851923
9,val,903.9015151515151,2.4747474747474745,0.7666666666666667,0.6779055776174103
9,val,922.3484848484848,2.525252525252525,0.7666666666666667,0.670348876330913
9,val,940.7954545454545,2.5757575757575757,0.7666666666666667,0.6590570129716953
9,val,959.2424242424241,2.626262626262626,0.7666666666666667,0.6560769191138026
9,val,977.6893939393939,2.6767676767676765,0.7666666666666667,0.6524505596162549
9,val,996.1363636363635,2.727272727272727,0.7666666666666667,0.6435125728329313
9,val,1014.5833333333333,2.7777777777777777,0.7666666666666667,0.6374837153381812
9,val,1033.030303030303,2.8282828282828283,0.7666666666666667,0.6340506847217652
9,val,1051.4772727272727,2.878787878787879,0.7666666666666667,0.6267898720378243
9,val,1069.9242424242423,2.929292929292929,0.7333333333333334,0.6214320439191198
9,val,1088.371212121212,2.9797979797979797,0.7333333333333334,0.6156484534747927
9,val,1106.8181818181818,3.0303030303030303,0.7333333333333334,0.6084449575291422
9,val,1125.2651515151515,3.080808080808081,0.7333333333333334,0.5977462088679479
9,val,1143.712121212121,3.1313131313131306,0.7333333333333334,0.5952306397199515
9,val,1162.1590909090908,3.181818181818181,0.7333333333333334,0.59324479445379
9,val,1180.6060606060605,3.2323232323232323,0.7333333333333334,0.5898617259005238
9,val,1199.0530303030303,3.282828282828283,0.7333333333333334,0.5832482958724415
9,val,1217.5,3.3333333333333335,0.7333333333333334,0.578865435978464
9,val,1235.9469696969695,3.383838383838383,0.7333333333333334,0.5752502142728431
9,val,1254.3939393939393,3.434343434343434,0.7333333333333334,0.5713080650104005
9,val,1272.840909090909,3.4848484848484844,0.7000000000000001,0.568321648929285
9,val,1291.2878787878788,3.5353535353535355,0.7000000000000001,0.560046288798664
9,val,1309.7348484848483,3.585858585858585,0.7000000000000001,0.5558062898016296
9,val,1328.181818181818,3.636363636363636,0.6333333333333334,0.5534051405103335
9,val,1346.6287878787878,3.6868686868686864,0.6333333333333334,0.5515127589140885
9,val,1365.0757575757575,3.737373737373737,0.6333333333333334,0.5484193203000809
9,val,1383.5227272727273,3.7878787878787876,0.6333333333333334,0.5444380315038753
9,val,1401.9696969696968,3.838383838383838,0.6333333333333334,0.5398374486951396
9,val,1420.4166666666665,3.8888888888888884,0.6333333333333334,0.5372572467461286
9,val,1438.8636363636363,3.939393939393939,0.6333333333333334,0.5361135706401547
9,val,1457.310606060606,3.9898989898989896,0.6333333333333334,0.5349723320865005
9,val,1475.7575757575755,4.04040404040404,0.6000000000000001,0.5338335258837126
9,val,1494.2045454545453,4.090909090909091,0.6000000000000001,0.5291465941415875
9,val,1512.651515151515,4.141414141414141,0.5666666666666668,0.5279678777280136
9,val,1531.0984848484848,4.191919191919192,0.5666666666666668,0.5267917902072858
9,val,1549.5454545454545,4.242424242424242,0.5666666666666668,0.5256183257091559
9,val,1567.992424242424,4.292929292929292,0.5333333333333334,0.5223901413487836
9,val,1586.4393939393938,4.3434343434343425,0.5333333333333334,0.5193806087814562
9,val,1604.8863636363635,4.393939393939394,0.5333333333333334,0.5163695512991112
9,val,1623.3333333333333,4.444444444444445,0.5333333333333334,0.5109548702969781
9,val,1641.780303030303,4.494949494949495,0.5333333333333334,0.5074084426386298
9,val,1660.2272727272725,4.545454545454545,0.5000000000000001,0.504983287458257
9,val,1678.6742424242423,4.595959595959595,0.5000000000000001,0.5028774191864936
9,val,1697.121212121212,4.646464646464646,0.5000000000000001,0.5008873296070587
9,val,1715.5681818181818,4.696969696969697,0.5000000000000001,0.4988614911234788
9,val,1734.0151515151513,4.7474747474747465,0.5000000000000001,0.496818016865701
9,val,1752.462121212121,4.797979797979798,0.5000000000000001,0.493728327810771
9,val,1770.9090909090908,4.848484848484848,0.5000000000000001,0.48859283787933044
9,val,1789.3560606060605,4.898989898989899,0.5000000000000001,0.48613084949730034
9,val,1807.8030303030303,4.949494949494949,0.5000000000000001,0.48447791959111447
9,val,1826.25,5.0,0.5000000000000001,0.483028017536021
9,test,0.0,0.0,1.0,1.0
9,test,18.446969696969695,0.050505050505050504,1.0,0.9834989228475935
9,test,36.89393939393939,0.10101010101010101,1.0,0.9795719967886838
9,test,55.340909090909086,0.1515151515151515,1.0,0.9751204540021716
9,test,73.78787878787878,0.20202020202020202,1.0,0.966285723626321
9,test,92.23484848484847,0.2525252525252525,1.0,0.9641453216024167
9,test,110.68181818181817,0.303030303030303,1.0,0.961335959839581
9,test,129.12878787878788,0.35353535353535354,1.0,0.9570891233476867
9,test,147.57575757575756,0.40404040404040403,1.0,0.9544348158330179
9,test,166.02272727272725,0.4545454545454545,0.9655172413793104,0.9466084607877324
9,test,184.46969696969694,0.505050505050505,0.9655172413793104,0.9425535888587269
9,test,202.91666666666666,0.5555555555555556,0.9655172413793104,0.9321029864005922
9,test,221.36363636363635,0.606060606060606,0.9655172413793104,0.9295356157202841
9,test,239.81060606060603,0.6565656565656565,0.9655172413793104,0.9196033880696292
9,test,258.25757575757575,0.7070707070707071,0.9655172413793104,0.9180624314400813
9,test,276.70454545454544,0.7575757575757576,0.9655172413793104,0.9165240625839807
9,test,295.1515151515151,0.8080808080808081,0.9310344827586208,0.904322934574017
9,test,313.5984848484848,0.8585858585858585,0.9310344827586208,0.8870094575470457
9,test,332.0454545454545,0.909090909090909,0.8965517241379312,0.8814374455236208
9,test,350.4924242424242,0.9595959595959594,0.8275862068965518,0.8762210844025766
9,test,368.9393939393939,1.01010101010101,0.8275862068965518,0.8644030162218619
9,test,387.3863636363636,1.0606060606060606,0.8275862068965518,0.8490887603810555
9,test,405.8333333333333,1.1111111111111112,0.8275862068965518,0.84349506388597
9,test,424.280303030303,1.1616161616161615,0.8275862068965518,0.8240833447845368
9,test,442.7272727272727,1.212121212121212,0.8275862068965518,0.8178992179395663
9,test,461.1742424242424,1.2626262626262625,0.8275862068965518,0.8100559528435071
9,test,479.62121212121207,1.313131313131313,0.8275862068965518,0.8058454066544583
9,test,498.06818181818176,1.3636363636363635,0.8275862068965518,0.8008856783261468
9,test,516.5151515151515,1.4141414141414141,0.8275862068965518,0.7962391670487333
9,test,534.9621212121211,1.4646464646464645,0.8275862068965518,0.790381112046812
9,test,553.4090909090909,1.5151515151515151,0.8275862068965518,0.7841197333120947
9,test,571.8560606060605,1.5656565656565653,0.7931034482758622,0.7738613508255522
9,test,590.3030303030303,1.6161616161616161,0.7931034482758622,0.7708964090069282
9,test,608.75,1.6666666666666667,0.7931034482758622,0.7668768590503441
9,test,627.1969696969696,1.717171717171717,0.7586206896551726,0.7609228377289774
9,test,645.6439393939394,1.7676767676767677,0.724137931034483,0.7549015506411378
9,test,664.090909090909,1.818181818181818,0.6896551724137933,0.7520213516241118
9,test,682.5378787878788,1.8686868686868685,0.6896551724137933,0.7498201114459665
9,test,700.9848484848484,1.919191919191919,0.6551724137931035,0.7446376764744084
9,test,719.4318181818181,1.9696969696969695,0.6551724137931035,0.7326462933144423
9,test,737.8787878787878,2.02020202020202,0.6551724137931035,0.7308921500925456
9,test,756.3257575757575,2.0707070707070705,0.6551724137931035,0.7291422159493913
9,test,774.7727272727273,2.121212121212121,0.6551724137931035,0.7196919704713417
9,test,793.2196969696969,2.1717171717171713,0.6551724137931035,0.7130395034838841
9,test,811.6666666666666,2.2222222222222223,0.6551724137931035,0.708136537634382
9,test,830.1136363636363,2.2727272727272725,0.6551724137931035,0.7050318501135007
9,test,848.560606060606,2.323232323232323,0.6551724137931035,0.6985012874436639
9,test,867.0075757575756,2.3737373737373733,0.6551724137931035,0.6888090395686531
9,test,885.4545454545454,2.424242424242424,0.6551724137931035,0.6813326087806075
9,test,903.9015151515151,2.4747474747474745,0.6551724137931035,0.6794959719758572
9,test,922.3484848484848,2.525252525252525,0.6551724137931035,0.6719683914156992
9,test,940.7954545454545,2.5757575757575757,0.6551724137931035,0.6607192098607121
9,test,959.2424242424241,2.626262626262626,0.6551724137931035,0.657750211783083
9,test,977.6893939393939,2.6767676767676765,0.6206896551724139,0.6541372583200363
9,test,996.1363636363635,2.727272727272727,0.6206896551724139,0.6452318595775453
9,test,1014.5833333333333,2.7777777777777777,0.6206896551724139,0.6392246143092017
9,test,1033.030303030303,2.8282828282828283,0.6206896551724139,0.6358037560354346
9,test,1051.4772727272727,2.878787878787879,0.6206896551724139,0.6285683631438924
9,test,1069.9242424242423,2.929292929292929,0.6206896551724139,0.6232290071107149
9,test,1088.371212121212,2.9797979797979797,0.6206896551724139,0.6174650814207997
9,test,1106.8181818181818,3.0303030303030303,0.6206896551724139,0.6102856737679402
9,test,1125.2651515151515,3.080808080808081,0.5862068965517242,0.5996218610177495
9,test,1143.712121212121,3.1313131313131306,0.5862068965517242,0.5971143584519212
9,test,1162.1590909090908,3.181818181818181,0.5862068965517242,0.5951348409760571
9,test,1180.6060606060605,3.2323232323232323,0.5862068965517242,0.5917624703912477
9,test,1199.0530303030303,3.282828282828283,0.5517241379310346,0.5851696525541861
9,test,1217.5,3.3333333333333335,0.5517241379310346,0.5808002313466671
9,test,1235.9469696969695,3.383838383838383,0.5517241379310346,0.5771959604264917
9,test,1254.3939393939393,3.434343434343434,0.5517241379310346,0.5732656128628126
9,test,1272.840909090909,3.4848484848484844,0.5517241379310346,0.5702880397791652
9,test,1291.2878787878788,3.5353535353535355,0.5517241379310346,0.5620367398082871
9,test,1309.7348484848483,3.585858585858585,0.5517241379310346,0.5578088129414414
9,test,1328.181818181818,3.636363636363636,0.5517241379310346,0.5554144226378992
9,test,1346.6287878787878,3.6868686868686864,0.5517241379310346,0.5535273281395582
9,test,1365.0757575757575,3.737373737373737,0.5517241379310346,0.5504424563650786
9,test,1383.5227272727273,3.7878787878787876,0.5517241379310346,0.5464720537285863
9,test,1401.9696969696968,3.838383838383838,0.5517241379310346,0.54188385330933
9,test,1420.4166666666665,3.8888888888888884,0.5517241379310346,0.5393105026731914
9,test,1438.8636363636363,3.939393939393939,0.5517241379310346,0.5381698418493883
9,test,1457.310606060606,3.9898989898989896,0.5517241379310346,0.5370315988996694
9,test,1475.7575757575755,4.04040404040404,0.5517241379310346,0.5358957686878254
9,test,1494.2045454545453,4.090909090909091,0.5517241379310346,0.5312209452699285
9,test,1512.651515151515,4.141414141414141,0.5517241379310346,0.5300452383900882
9,test,1531.0984848484848,4.191919191919192,0.5517241379310346,0.5288721393609864
9,test,1549.5454545454545,4.242424242424242,0.5517241379310346,0.5277016423856863
9,test,1567.992424242424,4.292929292929292,0.5517241379310346,0.5244815476151474
9,test,1586.4393939393938,4.3434343434343425,0.5517241379310346,0.5214794583715792
9,test,1604.8863636363635,4.393939393939394,0.5517241379310346,0.5184757523550891
9,test,1623.3333333333333,4.444444444444445,0.5517241379310346,0.5130740484789914
9,test,1641.780303030303,4.494949494949495,0.5517241379310346,0.5095359497302736
9,test,1660.2272727272725,4.545454545454545,0.5517241379310346,0.5071164116609043
9,test,1678.6742424242423,4.595959595959595,0.5517241379310346,0.5050153689594118
9,test,1697.121212121212,4.646464646464646,0.5517241379310346,0.503029794985468
9,test,1715.5681818181818,4.696969696969697,0.5517241379310346,0.5010085084363735
9,test,1734.0151515151513,4.7474747474747465,0.517241379310345,0.4989695797442481
9,test,1752.462121212121,4.797979797979798,0.517241379310345,0.49588667526559976
9,test,1770.9090909090908,4.848484848484848,0.517241379310345,0.4907622253532776
9,test,1789.3560606060605,4.898989898989899,0.517241379310345,0.4883054238359563
9,test,1807.8030303030303,4.949494949494949,0.517241379310345,0.4866559375307947
9,test,1826.25,5.0,0.517241379310345,0.4852090303525337
